datetime,strike_label,option_type,open,high,low,close,volume,oi,iv,strike_price,spot
2026-06-03 09:15:00,ATM-10,PUT,17.25,30.85,15.3,29.3,394875,478010,15.403003,22850,23355.65
2026-06-03 09:15:00,ATM-9,CALL,592.75,592.8,523.25,532.9,2860,30160,15.455742,22900,23355.65
2026-06-03 09:15:00,ATM-9,PUT,22.3,37.1,19.9,35.15,991835,1843140,15.254691,22900,23355.65
2026-06-03 09:15:00,ATM-8,CALL,562.55,562.55,480.45,487.35,3900,5525,14.967665,22950,23355.65
2026-06-03 09:15:00,ATM-8,PUT,32.45,43.85,27.8,40.8,321360,480285,14.949978,22950,23355.65
2026-06-03 09:15:00,ATM-7,CALL,520.7,520.7,438,453.45,47060,395330,15.756746,23000,23355.65
2026-06-03 09:15:00,ATM-7,PUT,29.3,52.4,29.25,49.95,1519050,4432285,14.950568,23000,23355.65
2026-06-03 09:15:00,ATM-6,CALL,487,487,398,407.1,9165,22295,14.939745,23050,23355.65
2026-06-03 09:15:00,ATM-6,PUT,37.9,62.9,37.9,58.6,472550,546065,14.733782,23050,23355.65
2026-06-03 09:15:00,ATM-5,CALL,444.6,444.6,359.75,371.5,18720,119730,15.13957,23100,23355.65
2026-06-03 09:15:00,ATM-5,PUT,46.85,74.35,41.65,69.95,761410,1368900,14.654229,23100,23355.65
2026-06-03 09:15:00,ATM-4,CALL,472.6,472.6,322.45,332.45,11830,32370,14.828134,23150,23355.65
2026-06-03 09:15:00,ATM-4,PUT,50,88.15,50,84.25,545090,582790,14.694171,23150,23355.65
2026-06-03 09:15:00,ATM-3,CALL,371.6,372.25,289.15,298.2,177710,469690,14.808293,23200,23355.65
2026-06-03 09:15:00,ATM-3,PUT,70.15,103.85,60.15,99.5,1073670,2489370,14.64487,23200,23355.65
2026-06-03 09:15:00,ATM-2,CALL,322.8,322.8,257.8,265.15,70785,127530,14.723162,23250,23355.65
2026-06-03 09:15:00,ATM-2,PUT,78,121.45,76.8,116.45,734890,927875,14.573983,23250,23355.65
2026-06-03 09:15:00,ATM-1,CALL,310,310,227.05,234.75,517335,3154515,14.691309,23300,23355.65
2026-06-03 09:15:00,ATM-1,PUT,67,141.7,66.95,136.3,2086240,5014815,14.574573,23300,23355.65
2026-06-03 09:15:00,ATM,CALL,270.1,270.1,199.3,207.5,392860,237380,14.743198,23350,23355.65
2026-06-03 09:15:00,ATM,PUT,110.2,163.8,110.2,157.55,1107080,827060,14.514277,23350,23355.65
2026-06-03 09:15:00,ATM+1,CALL,237,237,173.55,181.25,1842685,1397890,14.70065,23400,23355.65
2026-06-03 09:15:00,ATM+1,PUT,103.2,188.4,103.2,181.25,3120195,3012295,14.476316,23400,23355.65
2026-06-03 09:15:00,ATM+2,CALL,214.95,214.95,151.2,156.8,1049750,601445,14.628332,23450,23355.65
2026-06-03 09:15:00,ATM+2,PUT,155,215.3,147.5,207.45,1441115,957385,14.46253,23450,23355.65
2026-06-03 09:15:00,ATM+3,CALL,190,190,130,137.25,2549625,4379505,14.780189,23500,23355.65
2026-06-03 09:15:00,ATM+3,PUT,171,245.45,170,237,2249455,4076345,14.544676,23500,23355.65
2026-06-03 09:15:00,ATM+4,CALL,154.65,154.8,111.8,118,613665,965120,14.787437,23550,23355.65
2026-06-03 09:15:00,ATM+4,PUT,201.8,275.5,201.7,266.9,331435,481520,14.480316,23550,23355.65
2026-06-03 09:15:00,ATM+5,CALL,141,158.7,95.55,100.5,1225705,2675660,14.771204,23600,23355.65
2026-06-03 09:15:00,ATM+5,PUT,222,309.25,220,299.75,765115,2170415,14.489966,23600,23355.65
2026-06-03 09:15:00,ATM+6,CALL,119,119,81.25,85,544960,556660,14.759351,23650,23355.65
2026-06-03 09:15:00,ATM+6,PUT,250,347.05,250,335.6,104845,272610,14.597095,23650,23355.65
2026-06-03 09:15:00,ATM+7,CALL,98,98,68.85,72.3,912795,3418220,14.841824,23700,23355.65
2026-06-03 09:15:00,ATM+7,PUT,280,382.6,280,372.1,156260,2323100,14.598553,23700,23355.65
2026-06-03 09:15:00,ATM+8,CALL,85,85,58,60.45,430690,615810,14.84515,23750,23355.65
2026-06-03 09:15:00,ATM+8,PUT,290.1,423.8,290,407.85,51870,133250,14.333248,23750,23355.65
2026-06-03 09:15:00,ATM+9,CALL,69,69,48.8,50.75,1456585,3385655,14.915046,23800,23355.65
2026-06-03 09:15:00,ATM+9,PUT,369.95,463.2,362.8,446.65,72930,871975,14.189034,23800,23355.65
2026-06-03 09:15:00,ATM+10,CALL,53,67.4,40.7,43.05,435890,769470,15.068529,23850,23355.65
2026-06-03 09:15:00,ATM+10,PUT,426.7,506.25,426.7,490.5,14950,109460,14.487783,23850,23355.65
2026-06-03 09:16:00,ATM-10,CALL,615,619.6,581,581,3445,60125,15.346095,22800,23312.6
2026-06-03 09:16:00,ATM-10,PUT,27.5,34.4,24.3,32.9,1195220,2295995,16.130629,22800,23312.6
2026-06-03 09:16:00,ATM-9,PUT,31.35,40.5,29.3,40,389415,458965,16.10597,22850,23312.6
2026-06-03 09:16:00,ATM-8,CALL,529.95,532.9,487.1,500.1,5915,30875,15.899942,22900,23312.6
2026-06-03 09:16:00,ATM-8,PUT,38.15,48.05,35.15,46.3,1072240,1984190,15.833608,22900,23312.6
2026-06-03 09:16:00,ATM-7,CALL,467.95,487.35,448.75,455,6630,5200,15.337589,22950,23312.6
2026-06-03 09:16:00,ATM-7,PUT,42.85,56.6,40.8,56.1,556595,514085,15.853653,22950,23312.6
2026-06-03 09:16:00,ATM-6,CALL,435.05,453.45,408,417.55,81120,401830,15.523633,23000,23312.6
2026-06-03 09:16:00,ATM-6,PUT,55.85,66.65,49.95,65.2,1905670,4516135,15.64059,23000,23312.6
2026-06-03 09:16:00,ATM-5,CALL,394.15,407.1,370.85,382.6,17225,22750,15.770027,23050,23312.6
2026-06-03 09:16:00,ATM-5,PUT,60.95,79.15,58.6,77.9,642265,552695,15.655204,23050,23312.6
2026-06-03 09:16:00,ATM-4,CALL,354.85,371.5,334.5,345,56225,123045,15.580971,23100,23312.6
2026-06-03 09:16:00,ATM-4,PUT,72.4,92.2,69.95,91.7,971100,1383460,15.611311,23100,23312.6
2026-06-03 09:16:00,ATM-3,CALL,321.15,332.45,300.65,309.65,57330,35230,15.449988,23150,23312.6
2026-06-03 09:16:00,ATM-3,PUT,93.5,108.75,84.25,105.3,724360,616850,15.393606,23150,23312.6
2026-06-03 09:16:00,ATM-2,CALL,295.55,298.2,268,277.25,280930,519415,15.41864,23200,23312.6
2026-06-03 09:16:00,ATM-2,PUT,102,125.85,99.5,122.4,1124695,2507440,15.329417,23200,23312.6
2026-06-03 09:16:00,ATM-1,CALL,263.2,265.15,238.6,245.65,194285,159510,15.291149,23250,23312.6
2026-06-03 09:16:00,ATM-1,PUT,121.75,145.75,116.45,142.6,985660,987350,15.360869,23250,23312.6
2026-06-03 09:16:00,ATM,CALL,225.75,234.75,209.5,218.85,1254110,3333460,15.392847,23300,23312.6
2026-06-03 09:16:00,ATM,PUT,146.5,168.5,136.3,164.15,2206425,5162560,15.334418,23300,23312.6
2026-06-03 09:16:00,ATM+1,CALL,198.55,207.5,184.35,192.35,1148810,428415,15.349236,23350,23312.6
2026-06-03 09:16:00,ATM+1,PUT,169.4,192.4,157.55,188.1,1472445,1032200,15.334699,23350,23312.6
2026-06-03 09:16:00,ATM+2,CALL,173.25,181.25,161.5,168.4,1907035,2347605,15.343711,23400,23312.6
2026-06-03 09:16:00,ATM+2,PUT,193.95,220.05,181.25,213.25,2110615,3573765,15.26346,23400,23312.6
2026-06-03 09:16:00,ATM+3,CALL,149.5,156.8,140.95,147.1,866320,1076725,15.386022,23450,23312.6
2026-06-03 09:16:00,ATM+3,PUT,224.1,248.8,207.45,241.55,824330,1204905,15.279052,23450,23312.6
2026-06-03 09:16:00,ATM+4,CALL,130.65,137.25,122.1,127.4,1839760,5368610,15.394439,23500,23312.6
2026-06-03 09:16:00,ATM+4,PUT,248.45,279.15,237,274.25,1050205,4172675,15.494273,23500,23312.6
2026-06-03 09:16:00,ATM+5,CALL,115.85,118,105,110.25,612105,1153360,15.454543,23550,23312.6
2026-06-03 09:16:00,ATM+5,PUT,271.1,312.35,266.9,303.8,262210,476320,15.277805,23550,23312.6
2026-06-03 09:16:00,ATM+6,CALL,99.05,100.5,90.7,94.7,1165645,3144700,15.494112,23600,23312.6
2026-06-03 09:16:00,ATM+6,PUT,305,348.05,299.75,340.65,294450,2199730,15.536411,23600,23312.6
2026-06-03 09:16:00,ATM+7,CALL,81.85,85,77.15,81.1,454090,724750,15.553777,23650,23312.6
2026-06-03 09:16:00,ATM+7,PUT,355.25,382.8,335.6,374.7,96265,274950,15.380204,23650,23312.6
2026-06-03 09:16:00,ATM+8,CALL,69.6,72.3,66,69.2,797160,3580915,15.623446,23700,23312.6
2026-06-03 09:16:00,ATM+8,PUT,388.2,420,372.1,416.55,90480,2315235,15.832427,23700,23312.6
2026-06-03 09:16:00,ATM+9,CALL,58.55,60.45,56.05,58.8,442520,689715,15.696855,23750,23312.6
2026-06-03 09:16:00,ATM+9,PUT,426.45,459.7,407.85,453.7,39715,133900,15.661514,23750,23312.6
2026-06-03 09:16:00,ATM+10,CALL,49.1,50.75,47.4,49.7,993330,3748355,15.766134,23800,23312.6
2026-06-03 09:16:00,ATM+10,PUT,454.2,502.05,452.8,495.75,32630,880035,15.875884,23800,23312.6
2026-06-03 09:17:00,ATM-10,CALL,583.25,591.4,578.3,585.35,3445,60125,15.100531,22800,23319.2
2026-06-03 09:17:00,ATM-10,PUT,33.25,35.15,31.85,34,658970,2491515,16.428826,22800,23319.2
2026-06-03 09:17:00,ATM-9,PUT,39.35,41.8,37.8,40.35,228540,469170,16.291812,22850,23319.2
2026-06-03 09:17:00,ATM-8,CALL,500,508.65,488.35,504.5,3640,31980,15.766506,22900,23319.2
2026-06-03 09:17:00,ATM-8,PUT,46.6,49.6,45.05,47.9,669110,1914315,16.178489,22900,23319.2
2026-06-03 09:17:00,ATM-7,CALL,458.85,460.35,451.95,460.35,2405,6760,15.340838,22950,23319.2
2026-06-03 09:17:00,ATM-7,PUT,54.9,58.5,53.7,57.3,359775,566150,16.143785,22950,23319.2
2026-06-03 09:17:00,ATM-6,CALL,419.65,427.05,412.5,425,49660,435435,15.775426,23000,23319.2
2026-06-03 09:17:00,ATM-6,PUT,65.5,69.1,63.3,66.5,1231945,4593290,15.939909,23000,23319.2
2026-06-03 09:17:00,ATM-5,CALL,379.2,388.3,376,382.3,17940,25545,15.252846,23050,23319.2
2026-06-03 09:17:00,ATM-5,PUT,76.75,81.2,74.95,79.65,360750,587080,15.99964,23050,23319.2
2026-06-03 09:17:00,ATM-4,CALL,341.3,351.6,340,347.25,57655,140010,15.355093,23100,23319.2
2026-06-03 09:17:00,ATM-4,PUT,89.75,95.25,88.4,92.1,734045,1451840,15.830824,23100,23319.2
2026-06-03 09:17:00,ATM-3,CALL,310.45,316.8,305.25,315,33215,57655,15.53312,23150,23319.2
2026-06-03 09:17:00,ATM-3,PUT,106.35,111.65,103.9,107.4,390000,655200,15.774333,23150,23319.2
2026-06-03 09:17:00,ATM-2,CALL,275,284.1,273.55,280.65,152425,640120,15.353241,23200,23319.2
2026-06-03 09:17:00,ATM-2,PUT,124.85,129.7,120.65,126.15,743990,2525510,15.857542,23200,23319.2
2026-06-03 09:17:00,ATM-1,CALL,246.25,253.25,242.1,250.45,148850,237640,15.365565,23250,23319.2
2026-06-03 09:17:00,ATM-1,PUT,143.05,148.85,140.05,143.75,532285,1019460,15.679877,23250,23319.2
2026-06-03 09:17:00,ATM,CALL,216.3,224.7,215.05,223.2,936195,3824210,15.451516,23300,23319.2
2026-06-03 09:17:00,ATM,PUT,165.85,171.15,161.3,164.9,1729455,5342935,15.636773,23300,23319.2
2026-06-03 09:17:00,ATM+1,CALL,192.25,198.2,189.1,196.8,658255,940420,15.437552,23350,23319.2
2026-06-03 09:17:00,ATM+1,PUT,188.35,195.6,185,189.75,1024855,1107340,15.729204,23350,23319.2
2026-06-03 09:17:00,ATM+2,CALL,166.9,173.7,165,173.45,1050075,3123250,15.502927,23400,23319.2
2026-06-03 09:17:00,ATM+2,PUT,215.3,222.15,210.7,213.9,1102985,3585205,15.600258,23400,23319.2
2026-06-03 09:17:00,ATM+3,CALL,144.9,151.65,144.75,149.85,372515,1353365,15.381124,23450,23319.2
2026-06-03 09:17:00,ATM+3,PUT,245.2,251.1,239.15,245.8,298675,1085760,15.937022,23450,23319.2
2026-06-03 09:17:00,ATM+4,CALL,127.45,131.85,125.05,130.9,986960,5806190,15.474505,23500,23319.2
2026-06-03 09:17:00,ATM+4,PUT,274,281.65,269.15,277,830570,4152005,16.062883,23500,23319.2
2026-06-03 09:17:00,ATM+5,CALL,108.65,114.35,108.15,113.15,286715,1327560,15.507274,23550,23319.2
2026-06-03 09:17:00,ATM+5,PUT,307.25,315.15,301.45,309.75,89895,465660,16.165673,23550,23319.2
2026-06-03 09:17:00,ATM+6,CALL,94.5,98.4,92.85,98,794690,3626610,15.607327,23600,23319.2
2026-06-03 09:17:00,ATM+6,PUT,339.15,350.05,334.3,340.25,199550,2185495,15.910475,23600,23319.2
2026-06-03 09:17:00,ATM+7,CALL,80.3,84.4,80,84.05,194025,841035,15.661436,23650,23319.2
2026-06-03 09:17:00,ATM+7,PUT,376.35,385.1,370.3,376,24700,275925,15.960614,23650,23319.2
2026-06-03 09:17:00,ATM+8,CALL,69,72.2,67.85,71.55,507130,3759470,15.698526,23700,23319.2
2026-06-03 09:17:00,ATM+8,PUT,414.55,425,408.6,416.25,54015,2321345,16.300884,23700,23319.2
2026-06-03 09:17:00,ATM+9,CALL,58,61.4,57.85,61.05,200720,725790,15.787747,23750,23319.2
2026-06-03 09:17:00,ATM+9,PUT,452.05,463.25,446.75,453.2,12805,133900,16.168727,23750,23319.2
2026-06-03 09:17:00,ATM+10,CALL,49,52,48.9,51.5,569985,3955250,15.832552,23800,23319.2
2026-06-03 09:17:00,ATM+10,PUT,494.9,505.25,487.55,497.7,18070,881010,16.717946,23800,23319.2
2026-06-03 09:18:00,ATM-10,CALL,589.9,589.9,582.1,586,3315,61035,17.083653,22800,23305.05
2026-06-03 09:18:00,ATM-10,PUT,34.1,36.55,34,36.55,512720,2591030,16.524459,22800,23305.05
2026-06-03 09:18:00,ATM-9,CALL,549.95,549.95,546.4,546.4,130,4225,17.355598,22850,23305.05
2026-06-03 09:18:00,ATM-9,PUT,40.3,43.4,40.3,43.4,229385,494000,16.40591,22850,23305.05
2026-06-03 09:18:00,ATM-8,CALL,504.75,507.5,495,501.05,2470,34450,16.767947,22900,23305.05
2026-06-03 09:18:00,ATM-8,PUT,48.15,51.2,47.8,51.2,315120,1885845,16.27277,22900,23305.05
2026-06-03 09:18:00,ATM-7,CALL,462.25,465.2,455,455,715,6760,16.031001,22950,23305.05
2026-06-03 09:18:00,ATM-7,PUT,56.6,61.15,56.6,61.15,211185,547170,16.248937,22950,23305.05
2026-06-03 09:18:00,ATM-6,CALL,422,425,416.5,417.55,41275,455325,16.133915,23000,23305.05
2026-06-03 09:18:00,ATM-6,PUT,67.35,71.65,66.5,71.45,773500,4759235,16.112113,23000,23305.05
2026-06-03 09:18:00,ATM-5,CALL,386.95,386.95,378.35,380,5395,29770,16.059021,23050,23305.05
2026-06-03 09:18:00,ATM-5,PUT,78.55,83.85,78.55,83.8,305565,613860,16.037495,23050,23305.05
2026-06-03 09:18:00,ATM-4,CALL,348.5,349,343.2,343.9,31005,169585,15.969929,23100,23305.05
2026-06-03 09:18:00,ATM-4,PUT,91.85,96.25,91.75,94.95,505375,1608750,15.70457,23100,23305.05
2026-06-03 09:18:00,ATM-3,CALL,315.55,315.55,309,312.1,18525,81445,16.108961,23150,23305.05
2026-06-03 09:18:00,ATM-3,PUT,107.8,113.25,107.4,113.25,303160,695825,15.872803,23150,23305.05
2026-06-03 09:18:00,ATM-2,CALL,281.6,282.1,276.3,279.3,102115,715715,15.995335,23200,23305.05
2026-06-03 09:18:00,ATM-2,PUT,124.25,130.95,124.25,130.95,533000,2595450,15.817245,23200,23305.05
2026-06-03 09:18:00,ATM-1,CALL,251.95,251.95,246.6,248.2,80795,302315,15.869407,23250,23305.05
2026-06-03 09:18:00,ATM-1,PUT,144.6,149.65,143.45,149.3,527475,1045590,15.657817,23250,23305.05
2026-06-03 09:18:00,ATM,CALL,222.7,223.2,218,219.2,786240,4273425,15.757699,23300,23305.05
2026-06-03 09:18:00,ATM,PUT,166.85,173.25,164.9,173.25,1390740,5594485,15.796003,23300,23305.05
2026-06-03 09:18:00,ATM+1,CALL,196.3,196.8,192.5,192.8,489840,1208935,15.694746,23350,23305.05
2026-06-03 09:18:00,ATM+1,PUT,190.35,198,188.9,198,660790,1239355,15.832785,23350,23305.05
2026-06-03 09:18:00,ATM+2,CALL,171.8,173.45,168.9,169.25,584285,3445585,15.697852,23400,23305.05
2026-06-03 09:18:00,ATM+2,PUT,216.85,224,213.9,224,521430,3586635,15.807277,23400,23305.05
2026-06-03 09:18:00,ATM+3,CALL,151.15,151.15,147.25,147.5,292435,1471470,15.683173,23450,23305.05
2026-06-03 09:18:00,ATM+3,PUT,243.1,252.4,242.75,252.15,165035,1059825,15.793352,23450,23305.05
2026-06-03 09:18:00,ATM+4,CALL,131.4,131.4,128.1,129.6,824655,6090240,15.825809,23500,23305.05
2026-06-03 09:18:00,ATM+4,PUT,273.9,281.2,273.3,278.15,531440,4016545,15.430962,23500,23305.05
2026-06-03 09:18:00,ATM+5,CALL,113.2,113.65,110.55,111.55,179660,1367665,15.797579,23550,23305.05
2026-06-03 09:18:00,ATM+5,PUT,305.2,314.65,305.2,314.65,38935,439985,15.794609,23550,23305.05
2026-06-03 09:18:00,ATM+6,CALL,97.65,98,95.4,96.15,465465,3854500,15.841577,23600,23305.05
2026-06-03 09:18:00,ATM+6,PUT,339.8,347.3,339.8,344.15,65390,2178605,15.378324,23600,23305.05
2026-06-03 09:18:00,ATM+7,CALL,83.35,84.05,81.35,81.35,158990,876525,15.779774,23650,23305.05
2026-06-03 09:18:00,ATM+7,PUT,377.05,385.6,375.3,380.95,50310,269490,15.453602,23650,23305.05
2026-06-03 09:18:00,ATM+8,CALL,71.1,71.55,69.4,69.4,265655,3870750,15.83438,23700,23305.05
2026-06-03 09:18:00,ATM+8,PUT,412,423.65,411.35,423.65,35035,2328235,15.97669,23700,23305.05
2026-06-03 09:18:00,ATM+9,CALL,61,61.05,58.95,58.95,178165,779545,15.893491,23750,23305.05
2026-06-03 09:18:00,ATM+9,PUT,452.4,460,450.85,460,8385,132535,15.700921,23750,23305.05
2026-06-03 09:18:00,ATM+10,CALL,51.55,51.55,49.8,49.95,516750,4073355,15.966896,23800,23305.05
2026-06-03 09:18:00,ATM+10,PUT,491.6,503,491.6,503,15730,877305,16.010125,23800,23305.05
2026-06-03 09:19:00,ATM-10,CALL,580,586,571,579.95,1300,62725,16.852855,22800,23299.9
2026-06-03 09:19:00,ATM-10,PUT,37.65,40,36.55,39.45,810940,2654795,16.835937,22800,23299.9
2026-06-03 09:19:00,ATM-9,CALL,532.5,546.4,531.7,537.2,1885,4290,16.731012,22850,23299.9
2026-06-03 09:19:00,ATM-9,PUT,44.8,47.1,43.4,46.7,204620,549315,16.726995,22850,23299.9
2026-06-03 09:19:00,ATM-8,CALL,495,501.05,489.4,494.2,6110,35100,16.451473,22900,23299.9
2026-06-03 09:19:00,ATM-8,PUT,52.9,55.75,51.2,54.8,684255,1950585,16.5888,22900,23299.9
2026-06-03 09:19:00,ATM-7,CALL,450,456.3,450,454.5,2340,7085,16.426543,22950,23299.9
2026-06-03 09:19:00,ATM-7,PUT,62.9,65.5,61.15,64.5,301405,594880,16.497328,22950,23299.9
2026-06-03 09:19:00,ATM-6,CALL,413.9,418.35,408.65,416.1,45695,483470,16.386599,23000,23299.9
2026-06-03 09:19:00,ATM-6,PUT,73.6,76.6,71.45,75.3,1033890,4855370,16.379972,23000,23299.9
2026-06-03 09:19:00,ATM-5,CALL,377.75,380.8,370.9,378.6,11765,31785,16.285575,23050,23299.9
2026-06-03 09:19:00,ATM-5,PUT,86.75,89.4,83.8,88.25,297960,665015,16.33105,23050,23299.9
2026-06-03 09:19:00,ATM-4,CALL,340,344.9,337.15,342.95,32890,188630,16.209941,23100,23299.9
2026-06-03 09:19:00,ATM-4,PUT,98.3,103.8,94.95,102.5,632970,1638910,16.252063,23100,23299.9
2026-06-03 09:19:00,ATM-3,CALL,309.05,312.1,303.35,308.85,23790,91455,16.120875,23150,23299.9
2026-06-03 09:19:00,ATM-3,PUT,115.9,120.45,113.25,119.05,355875,699270,16.225598,23150,23299.9
2026-06-03 09:19:00,ATM-2,CALL,275.2,279.3,271.8,277.55,138840,772850,16.11724,23200,23299.9
2026-06-03 09:19:00,ATM-2,PUT,133.65,138.35,130.95,136.75,803855,2646930,16.141686,23200,23299.9
2026-06-03 09:19:00,ATM-1,CALL,245.75,248.8,241.55,246.95,115635,342745,16.013216,23250,23299.9
2026-06-03 09:19:00,ATM-1,PUT,153.6,158.7,149.3,157.25,762190,1122355,16.134832,23250,23299.9
2026-06-03 09:19:00,ATM,CALL,217.5,221,214.45,219.95,754845,4643665,16.044918,23300,23299.9
2026-06-03 09:19:00,ATM,PUT,177.05,182.2,173.25,180,2235480,5850845,16.151726,23300,23299.9
2026-06-03 09:19:00,ATM+1,CALL,191.05,194.85,188.9,193.9,508885,1475630,15.992025,23350,23299.9
2026-06-03 09:19:00,ATM+1,PUT,201.1,206.7,198,203.65,758940,1313000,16.081324,23350,23299.9
2026-06-03 09:19:00,ATM+2,CALL,168,171.15,165.8,170.05,729755,3628495,15.955489,23400,23299.9
2026-06-03 09:19:00,ATM+2,PUT,227.85,233.4,224,230.5,893685,3562195,16.109316,23400,23299.9
2026-06-03 09:19:00,ATM+3,CALL,146.2,149.4,144.3,148.5,235820,1564290,15.944359,23450,23299.9
2026-06-03 09:19:00,ATM+3,PUT,257.4,262.75,252.15,258.4,240760,1051895,16.062597,23450,23299.9
2026-06-03 09:19:00,ATM+4,CALL,128.2,129.9,125.5,129.05,872105,6334510,15.94594,23500,23299.9
2026-06-03 09:19:00,ATM+4,PUT,283.65,293.35,278.15,288.7,525265,4017325,16.053614,23500,23299.9
2026-06-03 09:19:00,ATM+5,CALL,109.85,112.3,108.7,111.9,196560,1418820,15.983884,23550,23299.9
2026-06-03 09:19:00,ATM+5,PUT,318.75,324.4,314.65,321,56615,436605,16.055009,23550,23299.9
2026-06-03 09:19:00,ATM+6,CALL,95.25,96.65,93.25,95.95,425815,4056715,15.969152,23600,23299.9
2026-06-03 09:19:00,ATM+6,PUT,351.1,359.7,344.15,356.1,172705,2181920,16.147877,23600,23299.9
2026-06-03 09:19:00,ATM+7,CALL,80.9,82.8,80.05,82.6,163540,938730,16.037905,23650,23299.9
2026-06-03 09:19:00,ATM+7,PUT,388.9,395.25,380.95,392.3,19695,251940,16.191519,23650,23299.9
2026-06-03 09:19:00,ATM+8,CALL,69,70.6,68.5,70.4,241475,3985540,16.0669,23700,23299.9
2026-06-03 09:19:00,ATM+8,PUT,428.85,435.35,423.65,430.15,33150,2328625,16.244722,23700,23299.9
2026-06-03 09:19:00,ATM+9,CALL,58.5,59.9,57.9,59.9,147810,827060,16.121222,23750,23299.9
2026-06-03 09:19:00,ATM+9,PUT,467.15,472.3,460,469.3,12285,134810,16.283293,23750,23299.9
2026-06-03 09:19:00,ATM+10,CALL,49.6,50.65,49.1,50.55,314015,4193930,16.155109,23800,23299.9
2026-06-03 09:19:00,ATM+10,PUT,507.35,515.6,503,508.4,24895,879645,16.155762,23800,23299.9
2026-06-03 09:20:00,ATM-10,CALL,575,579.95,566.7,575.85,5590,64155,16.372038,22800,23299.05
2026-06-03 09:20:00,ATM-10,PUT,39.55,43.2,39.1,40.2,616135,2677025,16.924702,22800,23299.05
2026-06-03 09:20:00,ATM-9,CALL,531.3,537.2,531.3,535.6,585,4615,16.617459,22850,23299.05
2026-06-03 09:20:00,ATM-9,PUT,46.35,50.85,46.3,47.05,268190,562770,16.754445,22850,23299.05
2026-06-03 09:20:00,ATM-8,CALL,490.4,494.2,480,493.85,3835,38870,16.493035,22900,23299.05
2026-06-03 09:20:00,ATM-8,PUT,55.15,59.35,54.55,55.15,684125,1897480,16.611719,22900,23299.05
2026-06-03 09:20:00,ATM-7,CALL,450,454.5,446.6,453.9,910,8970,16.43497,22950,23299.05
2026-06-03 09:20:00,ATM-7,PUT,65.55,69.95,64.05,65.3,266045,636350,16.565182,22950,23299.05
2026-06-03 09:20:00,ATM-6,CALL,413.3,416.1,406,414.65,31850,511225,16.305149,23000,23299.05
2026-06-03 09:20:00,ATM-6,PUT,76.8,81.5,75.3,76.4,1020500,4912635,16.47141,23000,23299.05
2026-06-03 09:20:00,ATM-5,CALL,376,378.6,370.55,377.6,2990,37895,16.249672,23050,23299.05
2026-06-03 09:20:00,ATM-5,PUT,88.3,94.35,88.1,89.4,346645,686075,16.419245,23050,23299.05
2026-06-03 09:20:00,ATM-4,CALL,341.1,342.95,333.55,341.05,37635,203450,16.091305,23100,23299.05
2026-06-03 09:20:00,ATM-4,PUT,103.95,110.15,102.4,104,697710,1696045,16.365017,23100,23299.05
2026-06-03 09:20:00,ATM-3,CALL,309.05,309.1,300.8,308.8,38610,108940,16.165982,23150,23299.05
2026-06-03 09:20:00,ATM-3,PUT,118.5,127.7,118.5,119.95,368290,742040,16.278925,23150,23299.05
2026-06-03 09:20:00,ATM-2,CALL,275.35,277.55,270,276.4,238420,857285,16.065502,23200,23299.05
2026-06-03 09:20:00,ATM-2,PUT,139.1,146.5,136.75,138.4,714545,2716155,16.253757,23200,23299.05
2026-06-03 09:20:00,ATM-1,CALL,247.35,247.5,240,247.2,170430,411450,16.075138,23250,23299.05
2026-06-03 09:20:00,ATM-1,PUT,157.2,168.25,157.2,159.35,855920,1170780,16.278531,23250,23299.05
2026-06-03 09:20:00,ATM,CALL,218.4,219.95,213.5,218.65,1180335,5021965,15.977591,23300,23299.05
2026-06-03 09:20:00,ATM,PUT,182,190.6,180,181.55,2121535,6063720,16.246131,23300,23299.05
2026-06-03 09:20:00,ATM+1,CALL,192.75,194.15,188.7,193.5,418015,1612455,15.994867,23350,23299.05
2026-06-03 09:20:00,ATM+1,PUT,205.85,216,203.65,205.85,659750,1303315,16.225064,23350,23299.05
2026-06-03 09:20:00,ATM+2,CALL,169,170.85,166.05,169.95,598975,3795415,15.979918,23400,23299.05
2026-06-03 09:20:00,ATM+2,PUT,231.95,242.75,230.5,232.75,770185,3564080,16.255186,23400,23299.05
2026-06-03 09:20:00,ATM+3,CALL,147.7,149.25,145.3,148.45,267150,1607515,15.970503,23450,23299.05
2026-06-03 09:20:00,ATM+3,PUT,261,271.6,258.4,260.85,462735,1041690,16.224462,23450,23299.05
2026-06-03 09:20:00,ATM+4,CALL,129.05,129.7,126.25,129.5,695825,6513780,16.012282,23500,23299.05
2026-06-03 09:20:00,ATM+4,PUT,289.15,304.2,288.7,291.4,538720,4047225,16.237976,23500,23299.05
2026-06-03 09:20:00,ATM+5,CALL,111.1,112.4,109.45,112.2,169845,1436240,16.036662,23550,23299.05
2026-06-03 09:20:00,ATM+5,PUT,325.2,336,321,323.9,60190,412360,16.260631,23550,23299.05
2026-06-03 09:20:00,ATM+6,CALL,96.35,96.8,94.2,96.75,403325,4162210,16.067415,23600,23299.05
2026-06-03 09:20:00,ATM+6,PUT,355.1,370,355.1,358.55,96785,2159300,16.31873,23600,23299.05
2026-06-03 09:20:00,ATM+7,CALL,82.35,83.1,81.05,82.7,107250,999245,16.071036,23650,23299.05
2026-06-03 09:20:00,ATM+7,PUT,392.95,407.1,392.3,395.05,11440,250965,16.39769,23650,23299.05
2026-06-03 09:20:00,ATM+8,CALL,70.3,70.95,69.2,70.65,263900,4052620,16.114862,23700,23299.05
2026-06-03 09:20:00,ATM+8,PUT,433.45,445,429.7,432.5,49010,2336945,16.420212,23700,23299.05
2026-06-03 09:20:00,ATM+9,CALL,59.4,60,58.9,59.85,157950,854620,16.136688,23750,23299.05
2026-06-03 09:20:00,ATM+9,PUT,468.55,484,468.55,471.2,25155,137280,16.419383,23750,23299.05
2026-06-03 09:20:00,ATM+10,CALL,50.25,50.85,49.85,50.8,324610,4222205,16.205127,23800,23299.05
2026-06-03 09:20:00,ATM+10,PUT,508.65,526.5,508.4,511.25,26780,880880,16.414355,23800,23299.05
2026-06-03 09:21:00,ATM-10,CALL,572.95,583.3,570,574,3835,67210,16.21028,22800,23298.2
2026-06-03 09:21:00,ATM-10,PUT,39.95,41.95,39.2,41.4,630305,2784405,17.075098,22800,23298.2
2026-06-03 09:21:00,ATM-9,CALL,529.7,538.55,529.7,535.15,975,4680,16.652144,22850,23298.2
2026-06-03 09:21:00,ATM-9,PUT,47.55,49.5,46.2,48.15,155415,588575,16.87737,22850,23298.2
2026-06-03 09:21:00,ATM-8,CALL,491.15,497.05,485.5,490.9,3965,42575,16.224732,22900,23298.2
2026-06-03 09:21:00,ATM-8,PUT,55.5,57.8,54.35,56.65,401310,1997905,16.769486,22900,23298.2
2026-06-03 09:21:00,ATM-7,CALL,451.2,457.85,445.9,449.3,1625,9945,16.00242,22950,23298.2
2026-06-03 09:21:00,ATM-7,PUT,66.15,68,63.95,66.4,204815,660335,16.665236,22950,23298.2
2026-06-03 09:21:00,ATM-6,CALL,411.5,419.05,407.6,411.95,39975,524615,16.095503,23000,23298.2
2026-06-03 09:21:00,ATM-6,PUT,78,79.65,74.7,77.75,754910,4972045,16.587723,23000,23298.2
2026-06-03 09:21:00,ATM-5,CALL,374,380.4,370.6,373.95,2860,38935,15.958721,23050,23298.2
2026-06-03 09:21:00,ATM-5,PUT,91.25,92.7,87.35,90.75,248625,723125,16.526167,23050,23298.2
2026-06-03 09:21:00,ATM-4,CALL,339.15,346.35,336.1,338.75,46345,221130,15.93608,23100,23298.2
2026-06-03 09:21:00,ATM-4,PUT,105.25,107.7,101.75,104.75,429845,1897155,16.409599,23100,23298.2
2026-06-03 09:21:00,ATM-3,CALL,308.6,313,302.35,307,20540,136175,16.058549,23150,23298.2
2026-06-03 09:21:00,ATM-3,PUT,120.35,124,117.9,122.75,242970,784160,16.497206,23150,23298.2
2026-06-03 09:21:00,ATM-2,CALL,275.3,280,271,275.55,171535,930410,16.039009,23200,23298.2
2026-06-03 09:21:00,ATM-2,PUT,139.85,143,136,141,636415,2777515,16.4455,23200,23298.2
2026-06-03 09:21:00,ATM-1,CALL,246.2,250,241.85,245.3,187590,503295,15.96025,23250,23298.2
2026-06-03 09:21:00,ATM-1,PUT,159.15,162.7,155.8,160.6,500890,1288235,16.352255,23250,23298.2
2026-06-03 09:21:00,ATM,CALL,217.2,222.4,214.8,218.55,892775,5466305,16.00748,23300,23298.2
2026-06-03 09:21:00,ATM,PUT,183.6,186.4,178.05,182.75,1258595,6119230,16.312109,23300,23298.2
2026-06-03 09:21:00,ATM+1,CALL,191,196.4,189.7,193.05,533845,1720225,15.993622,23350,23298.2
2026-06-03 09:21:00,ATM+1,PUT,209.6,211,201.8,207.25,504270,1325610,16.304208,23350,23298.2
2026-06-03 09:21:00,ATM+2,CALL,168.4,172.7,166.65,169.55,652665,4006600,15.979947,23400,23298.2
2026-06-03 09:21:00,ATM+2,PUT,235.65,237.8,228.7,234.6,478725,3593915,16.368596,23400,23298.2
2026-06-03 09:21:00,ATM+3,CALL,147,150.5,145.35,148,231920,1647490,15.963605,23450,23298.2
2026-06-03 09:21:00,ATM+3,PUT,264.75,266.4,256.65,262.75,147355,946010,16.341004,23450,23298.2
2026-06-03 09:21:00,ATM+4,CALL,129.55,131.1,126.7,128.1,707655,6585540,15.92193,23500,23298.2
2026-06-03 09:21:00,ATM+4,PUT,292.3,297.1,286.8,295.3,256945,4030585,16.523653,23500,23298.2
2026-06-03 09:21:00,ATM+5,CALL,111.4,113.55,109.35,111,196235,1460875,15.957779,23550,23298.2
2026-06-03 09:21:00,ATM+5,PUT,326.25,330.6,319.85,326.8,34385,395590,16.466081,23550,23298.2
2026-06-03 09:21:00,ATM+6,CALL,96.5,97.75,94.4,95.75,426140,4236570,16.000456,23600,23298.2
2026-06-03 09:21:00,ATM+6,PUT,358.9,364.5,353.2,359.6,66820,2157480,16.361611,23600,23298.2
2026-06-03 09:21:00,ATM+7,CALL,81.8,83.65,81,82.05,139685,1020500,16.031419,23650,23298.2
2026-06-03 09:21:00,ATM+7,PUT,397.65,401.1,388.35,396.55,17095,251290,16.483381,23650,23298.2
2026-06-03 09:21:00,ATM+8,CALL,69.95,71.65,69.1,70.1,267280,4120155,16.080191,23700,23298.2
2026-06-03 09:21:00,ATM+8,PUT,437.05,439.2,427.5,433.6,53950,2341365,16.467664,23700,23298.2
2026-06-03 09:21:00,ATM+9,CALL,59.65,60.8,58.75,59.3,140075,887900,16.096549,23750,23298.2
2026-06-03 09:21:00,ATM+9,PUT,475.75,478.3,468.5,475.8,5265,135850,16.84866,23750,23298.2
2026-06-03 09:21:00,ATM+10,CALL,50.35,51.3,49.6,49.85,388830,4281225,16.110589,23800,23298.2
2026-06-03 09:21:00,ATM+10,PUT,515.35,518.1,504.95,513.6,17745,879580,16.61162,23800,23298.2
2026-06-03 09:22:00,ATM-10,CALL,577.25,579.1,569.65,574.25,2275,68835,15.351956,22800,23304.95
2026-06-03 09:22:00,ATM-10,PUT,40.9,41.95,40.3,41.75,296335,2878590,17.264,22800,23304.95
2026-06-03 09:22:00,ATM-9,CALL,531.4,538.05,531.4,533.65,390,5330,15.696729,22850,23304.95
2026-06-03 09:22:00,ATM-9,PUT,48.25,49.7,47.35,48.95,109135,613275,17.125962,22850,23304.95
2026-06-03 09:22:00,ATM-8,CALL,490.65,496.6,490.65,491,1950,43875,15.559139,22900,23304.95
2026-06-03 09:22:00,ATM-8,PUT,56.65,58.2,55.75,57.55,329225,1987635,17.029119,22900,23304.95
2026-06-03 09:22:00,ATM-7,CALL,450.6,456.35,449.3,454.95,455,10920,16.039241,22950,23304.95
2026-06-03 09:22:00,ATM-7,PUT,66.45,68.45,65.1,67.75,110695,666510,16.97424,22950,23304.95
2026-06-03 09:22:00,ATM-6,CALL,412.5,417.3,411.15,413.85,23660,549965,15.76142,23000,23304.95
2026-06-03 09:22:00,ATM-6,PUT,78,79.7,76.25,78.6,421915,4968925,16.845564,23000,23304.95
2026-06-03 09:22:00,ATM-5,CALL,375.2,380,373.95,376.95,2470,41015,15.773803,23050,23304.95
2026-06-03 09:22:00,ATM-5,PUT,90.6,92.95,88.8,92.25,151970,758420,16.851303,23050,23304.95
2026-06-03 09:22:00,ATM-4,CALL,340.2,344.9,338.7,341.95,20800,247390,15.80148,23100,23304.95
2026-06-03 09:22:00,ATM-4,PUT,104.95,107.6,103.2,106.9,249080,2031315,16.797882,23100,23304.95
2026-06-03 09:22:00,ATM-3,CALL,308.65,310.85,305.4,307.85,14755,140530,15.746358,23150,23304.95
2026-06-03 09:22:00,ATM-3,PUT,122.65,124.05,119.7,123.7,156585,810095,16.785899,23150,23304.95
2026-06-03 09:22:00,ATM-2,CALL,274.55,279,274,276.2,88010,993915,15.742607,23200,23304.95
2026-06-03 09:22:00,ATM-2,PUT,140.55,143.3,137.6,141.75,421330,2778360,16.728772,23200,23304.95
2026-06-03 09:22:00,ATM-1,CALL,246.15,249.05,244.6,247.1,106405,577785,15.787751,23250,23304.95
2026-06-03 09:22:00,ATM-1,PUT,161,163.6,158.1,162.3,397930,1335035,16.727938,23250,23304.95
2026-06-03 09:22:00,ATM,CALL,218.3,221.65,216.9,219.4,637130,5856045,15.782465,23300,23304.95
2026-06-03 09:22:00,ATM,PUT,183.45,186.85,180,184.55,1073085,6224660,16.711711,23300,23304.95
2026-06-03 09:22:00,ATM+1,CALL,193,195.4,191.55,193.9,315900,1932905,15.791625,23350,23304.95
2026-06-03 09:22:00,ATM+1,PUT,207.1,211.2,204.15,208.95,282555,1434355,16.71508,23350,23304.95
2026-06-03 09:22:00,ATM+2,CALL,169.25,171.85,168.65,170.15,379795,4154345,15.778584,23400,23304.95
2026-06-03 09:22:00,ATM+2,PUT,234.4,237.75,230.1,236,290030,3655860,16.778248,23400,23304.95
2026-06-03 09:22:00,ATM+3,CALL,147.7,150.3,147.2,148.8,143845,1725880,15.797634,23450,23304.95
2026-06-03 09:22:00,ATM+3,PUT,262.4,266.55,258.85,263.6,114725,943995,16.732575,23450,23304.95
2026-06-03 09:22:00,ATM+4,CALL,128.35,130.45,127.95,129.45,408980,6810830,15.820322,23500,23304.95
2026-06-03 09:22:00,ATM+4,PUT,294.7,295.95,288.9,295.6,166010,4045860,16.89843,23500,23304.95
2026-06-03 09:22:00,ATM+5,CALL,110.85,112.9,110.55,111.85,113750,1516645,15.830736,23550,23304.95
2026-06-03 09:22:00,ATM+5,PUT,326.65,329.35,321.25,326.75,22360,394810,16.844245,23550,23304.95
2026-06-03 09:22:00,ATM+6,CALL,95.4,97.4,95.15,96.3,236990,4302675,15.862003,23600,23304.95
2026-06-03 09:22:00,ATM+6,PUT,359.4,363.05,355.2,360.5,39715,2162810,16.863695,23600,23304.95
2026-06-03 09:22:00,ATM+7,CALL,82,83.4,81.6,82.65,97435,1048645,15.91194,23650,23304.95
2026-06-03 09:22:00,ATM+7,PUT,396.4,399.5,391.05,398.35,10595,246025,17.114937,23650,23304.95
2026-06-03 09:22:00,ATM+8,CALL,69.85,71.2,69.6,70.5,319605,4203095,15.954024,23700,23304.95
2026-06-03 09:22:00,ATM+8,PUT,434.3,438.75,428.85,435.15,28145,2350985,17.133067,23700,23304.95
2026-06-03 09:22:00,ATM+9,CALL,59.2,60.4,59.15,59.85,71695,946985,15.999338,23750,23304.95
2026-06-03 09:22:00,ATM+9,PUT,472.4,475.8,469.3,475.6,3900,137345,17.38372,23750,23304.95
2026-06-03 09:22:00,ATM+10,CALL,50.2,50.85,49.85,50.5,254930,4405830,16.038975,23800,23304.95
2026-06-03 09:22:00,ATM+10,PUT,513.05,518.25,508.3,515.65,6955,876915,17.469745,23800,23304.95
2026-06-03 09:23:00,ATM-10,CALL,570,574.25,565.2,572.75,3250,70330,15.545228,22800,23301.85
2026-06-03 09:23:00,ATM-10,PUT,41.85,44.3,41,41.5,511615,2923765,17.166085,22800,23301.85
2026-06-03 09:23:00,ATM-9,CALL,533.65,533.65,533.65,533.65,0,5330,16.055683,22850,23301.85
2026-06-03 09:23:00,ATM-9,PUT,49.25,52.05,47.85,48.6,156585,611520,17.015203,22850,23301.85
2026-06-03 09:23:00,ATM-8,CALL,487,492.3,484.4,486.65,1495,44395,15.3354,22900,23301.85
2026-06-03 09:23:00,ATM-8,PUT,58.65,61.2,56.95,57.25,445250,1933945,16.924318,22900,23301.85
2026-06-03 09:23:00,ATM-7,CALL,445.45,458,445.45,447.75,910,11245,15.50448,22950,23301.85
2026-06-03 09:23:00,ATM-7,PUT,69.2,71.6,66.8,67.35,243880,673595,16.857344,22950,23301.85
2026-06-03 09:23:00,ATM-6,CALL,410,418.15,406,411.45,35490,561080,15.759283,23000,23301.85
2026-06-03 09:23:00,ATM-6,PUT,80.6,83.5,77.45,78.25,762775,4974385,16.732406,23000,23301.85
2026-06-03 09:23:00,ATM-5,CALL,370,381,370,375,3055,42185,15.805639,23050,23301.85
2026-06-03 09:23:00,ATM-5,PUT,93.1,96.75,90.95,91.3,299845,767715,16.678199,23050,23301.85
2026-06-03 09:23:00,ATM-4,CALL,339,346.8,334.75,339.6,25805,249470,15.784756,23100,23301.85
2026-06-03 09:23:00,ATM-4,PUT,108,112.1,105.4,105.75,460200,2046915,16.605934,23100,23301.85
2026-06-03 09:23:00,ATM-3,CALL,307.45,312.6,301.8,305.6,31135,140270,15.729305,23150,23301.85
2026-06-03 09:23:00,ATM-3,PUT,123.75,129.2,120.6,122.9,294645,829335,16.622886,23150,23301.85
2026-06-03 09:23:00,ATM-2,CALL,274.8,280.9,271,275,112320,1010880,15.80486,23200,23301.85
2026-06-03 09:23:00,ATM-2,PUT,142.4,148.3,138.65,141.1,640640,2829710,16.574194,23200,23301.85
2026-06-03 09:23:00,ATM-1,CALL,244,250,241.8,245.6,117715,613145,15.813556,23250,23301.85
2026-06-03 09:23:00,ATM-1,PUT,165.6,169.3,160.4,161.75,748475,1399645,16.575616,23250,23301.85
2026-06-03 09:23:00,ATM,CALL,217.25,221.6,214.8,217.55,729690,6122285,15.769375,23300,23301.85
2026-06-03 09:23:00,ATM,PUT,187.5,192.45,182.85,184.35,1691235,6190470,16.580309,23300,23301.85
2026-06-03 09:23:00,ATM+1,CALL,191.3,197.35,189.7,192.55,356135,2038855,15.808792,23350,23301.85
2026-06-03 09:23:00,ATM+1,PUT,212.15,217.25,206.7,208.45,452790,1438255,16.550452,23350,23301.85
2026-06-03 09:23:00,ATM+2,CALL,169.3,172.3,166.65,169,571415,4290650,15.801865,23400,23301.85
2026-06-03 09:23:00,ATM+2,PUT,237.8,243.95,233.25,235.2,539630,3723135,16.578908,23400,23301.85
2026-06-03 09:23:00,ATM+3,CALL,147.75,151.25,145.75,147.6,175825,1748435,15.806938,23450,23301.85
2026-06-03 09:23:00,ATM+3,PUT,266.6,273.7,260.95,263.25,184275,964600,16.557721,23450,23301.85
2026-06-03 09:23:00,ATM+4,CALL,128.95,131.9,126.95,128.35,582855,6929455,15.828095,23500,23301.85
2026-06-03 09:23:00,ATM+4,PUT,295.8,304.35,290.25,294.55,319605,4052555,16.651308,23500,23301.85
2026-06-03 09:23:00,ATM+5,CALL,111.4,114.55,109.8,110.7,198705,1552330,15.824127,23550,23301.85
2026-06-03 09:23:00,ATM+5,PUT,327.3,336.65,321.85,328.25,28730,396565,16.800857,23550,23301.85
2026-06-03 09:23:00,ATM+6,CALL,95.4,98.3,94.55,95.6,424840,4375735,15.886146,23600,23301.85
2026-06-03 09:23:00,ATM+6,PUT,365.95,372.5,358.4,361.7,59345,2167880,16.781744,23600,23301.85
2026-06-03 09:23:00,ATM+7,CALL,82.05,84.55,81,81.6,102245,1061190,15.893361,23650,23301.85
2026-06-03 09:23:00,ATM+7,PUT,402.6,409,394.55,397.6,18915,247650,16.835578,23650,23301.85
2026-06-03 09:23:00,ATM+8,CALL,70,72.6,69.15,69.5,236860,4239495,15.929215,23700,23301.85
2026-06-03 09:23:00,ATM+8,PUT,440.35,445.95,431.05,435.25,30225,2358070,16.913239,23700,23301.85
2026-06-03 09:23:00,ATM+9,CALL,59.45,61.3,58.65,59,145860,978185,15.979197,23750,23301.85
2026-06-03 09:23:00,ATM+9,PUT,478.15,484.25,469.15,475,6175,136760,17.06782,23750,23301.85
2026-06-03 09:23:00,ATM+10,CALL,50.25,51.95,49.5,49.85,287495,4466280,16.031097,23800,23301.85
2026-06-03 09:23:00,ATM+10,PUT,518.9,525,510.2,514.25,10985,878410,17.030218,23800,23301.85
2026-06-03 09:24:00,ATM-10,CALL,570.65,576.85,565,571.4,3510,72865,14.764179,22800,23305.8
2026-06-03 09:24:00,ATM-10,PUT,41.45,43.85,40.95,41.45,349310,3084315,17.241544,22800,23305.8
2026-06-03 09:24:00,ATM-9,CALL,533.65,533.65,533.65,533.65,0,5330,15.598957,22850,23305.8
2026-06-03 09:24:00,ATM-9,PUT,48.55,51.6,48.15,48.65,94185,619125,17.107814,22850,23305.8
2026-06-03 09:24:00,ATM-8,CALL,487.65,496.65,486.1,488.85,1625,45630,15.198817,22900,23305.8
2026-06-03 09:24:00,ATM-8,PUT,57.55,60.45,56,57,209820,2027090,16.985589,22900,23305.8
2026-06-03 09:24:00,ATM-7,CALL,444,450.7,444,450.7,715,11765,15.482189,22950,23305.8
2026-06-03 09:24:00,ATM-7,PUT,67.15,70.7,66.1,67.3,182975,705445,16.947371,22950,23305.8
2026-06-03 09:24:00,ATM-6,CALL,413.55,416.3,404.15,411.1,27430,573690,15.405101,23000,23305.8
2026-06-03 09:24:00,ATM-6,PUT,78.55,82.9,76.7,77.85,567840,5010850,16.792402,23000,23305.8
2026-06-03 09:24:00,ATM-5,CALL,376.3,380,366.6,378.8,6890,43225,15.896023,23050,23305.8
2026-06-03 09:24:00,ATM-5,PUT,91.4,96.3,89.65,90.9,198835,785135,16.746526,23050,23305.8
2026-06-03 09:24:00,ATM-4,CALL,339.85,344.75,333,340.3,30485,255580,15.596654,23100,23305.8
2026-06-03 09:24:00,ATM-4,PUT,106.15,111.55,104,105.1,302965,2084030,16.659974,23100,23305.8
2026-06-03 09:24:00,ATM-3,CALL,307.65,310,299.35,306.25,18980,149175,15.558261,23150,23305.8
2026-06-03 09:24:00,ATM-3,PUT,122.05,129.2,121.45,123.15,198120,839995,16.765316,23150,23305.8
2026-06-03 09:24:00,ATM-2,CALL,275,278.3,269,274.8,112385,1039415,15.581248,23200,23305.8
2026-06-03 09:24:00,ATM-2,PUT,140.7,148,139.35,141.55,494520,2854280,16.740953,23200,23305.8
2026-06-03 09:24:00,ATM-1,CALL,245.2,249,240.05,246.35,135460,614900,15.687155,23250,23305.8
2026-06-03 09:24:00,ATM-1,PUT,161.35,168.9,158.55,161.4,510835,1481870,16.684843,23250,23305.8
2026-06-03 09:24:00,ATM,CALL,217.65,220.4,212.9,217.75,624195,6219265,15.613204,23300,23305.8
2026-06-03 09:24:00,ATM,PUT,184.05,191.7,182,184.65,1000350,6297980,16.752976,23300,23305.8
2026-06-03 09:24:00,ATM+1,CALL,192.4,195.15,187.6,193.25,329550,2102165,15.706803,23350,23305.8
2026-06-03 09:24:00,ATM+1,PUT,209.05,217,205.15,207.35,335660,1498900,16.621543,23350,23305.8
2026-06-03 09:24:00,ATM+2,CALL,168.6,171.45,165.1,169.5,556140,4371835,15.696117,23400,23305.8
2026-06-03 09:24:00,ATM+2,PUT,234.95,243.9,231.15,234.2,351130,3762980,16.670719,23400,23305.8
2026-06-03 09:24:00,ATM+3,CALL,147.4,149.9,144.4,147.95,147420,1758185,15.700197,23450,23305.8
2026-06-03 09:24:00,ATM+3,PUT,264.05,273.4,259.9,262.55,101205,975780,16.687787,23450,23305.8
2026-06-03 09:24:00,ATM+4,CALL,128.65,129.75,125.3,128,421070,6946225,15.672453,23500,23305.8
2026-06-03 09:24:00,ATM+4,PUT,293.35,304.8,291.15,294.5,185315,4042805,16.850983,23500,23305.8
2026-06-03 09:24:00,ATM+5,CALL,111.15,112.1,108.4,110.7,137280,1555320,15.706506,23550,23305.8
2026-06-03 09:24:00,ATM+5,PUT,326.15,337.85,322.35,327.95,24635,396760,16.996833,23550,23305.8
2026-06-03 09:24:00,ATM+6,CALL,95.3,96.75,93.4,95.45,298285,4356365,15.762202,23600,23305.8
2026-06-03 09:24:00,ATM+6,PUT,360.3,371.3,355.45,360.15,44655,2171780,16.885499,23600,23305.8
2026-06-03 09:24:00,ATM+7,CALL,81.45,82.55,80.2,81.55,71630,1066975,15.785054,23650,23305.8
2026-06-03 09:24:00,ATM+7,PUT,396.75,407.2,395.45,398.9,6500,248560,17.224579,23650,23305.8
2026-06-03 09:24:00,ATM+8,CALL,69.5,70.55,68.3,69.8,218205,4247100,15.86266,23700,23305.8
2026-06-03 09:24:00,ATM+8,PUT,434.15,446,430.35,435.3,31525,2362880,17.211657,23700,23305.8
2026-06-03 09:24:00,ATM+9,CALL,58.9,59.75,58.05,59.1,142350,989365,15.898169,23750,23305.8
2026-06-03 09:24:00,ATM+9,PUT,475,485.35,470.9,476.4,2210,135525,17.53703,23750,23305.8
2026-06-03 09:24:00,ATM+10,CALL,49.6,50.45,49,49.6,404625,4478890,15.913729,23800,23305.8
2026-06-03 09:24:00,ATM+10,PUT,515.9,526.3,510,515.45,5655,880620,17.523928,23800,23305.8
2026-06-03 09:25:00,ATM-10,CALL,576.95,576.95,571.4,571.4,520,75205,15.342789,22800,23301.8
2026-06-03 09:25:00,ATM-10,PUT,41.3,43.2,40.65,41.95,323960,3155165,17.229014,22800,23301.8
2026-06-03 09:25:00,ATM-9,CALL,528,533.65,528,532.05,325,5655,15.84786,22850,23301.8
2026-06-03 09:25:00,ATM-9,PUT,48.5,50.55,47.8,49.5,100945,645190,17.129832,22850,23301.8
2026-06-03 09:25:00,ATM-8,CALL,489.65,493.8,486,486,5460,47645,15.260777,22900,23301.8
2026-06-03 09:25:00,ATM-8,PUT,56.85,59.3,56.3,58.2,181740,2038465,17.035643,22900,23301.8
2026-06-03 09:25:00,ATM-7,CALL,449.45,450.7,447,447,585,11635,15.425725,22950,23301.8
2026-06-03 09:25:00,ATM-7,PUT,66.65,69.7,66.1,68.4,135070,715520,16.971301,22950,23301.8
2026-06-03 09:25:00,ATM-6,CALL,412.5,414.6,405.9,409.95,25090,580450,15.608839,23000,23301.8
2026-06-03 09:25:00,ATM-6,PUT,78.45,81.25,77.45,79.55,449735,5029115,16.864304,23000,23301.8
2026-06-03 09:25:00,ATM-5,CALL,372.7,378.8,368.65,372.6,23010,62075,15.577446,23050,23301.8
2026-06-03 09:25:00,ATM-5,PUT,91.75,94.7,90.05,92.85,152100,827190,16.826218,23050,23301.8
2026-06-03 09:25:00,ATM-4,CALL,339.35,342.3,334.1,338.25,21840,258830,15.666067,23100,23301.8
2026-06-03 09:25:00,ATM-4,PUT,106.15,109.95,104.5,106.95,251095,2121145,16.714875,23100,23301.8
2026-06-03 09:25:00,ATM-3,CALL,305.65,307.6,301.85,304.95,17745,153400,15.677363,23150,23301.8
2026-06-03 09:25:00,ATM-3,PUT,122.35,127,121.45,124.15,154310,871715,16.731543,23150,23301.8
2026-06-03 09:25:00,ATM-2,CALL,275.85,276.7,270.25,273.9,72085,1073605,15.716644,23200,23301.8
2026-06-03 09:25:00,ATM-2,PUT,140.45,145.65,139.2,142.75,335335,2878850,16.712906,23200,23301.8
2026-06-03 09:25:00,ATM-1,CALL,245.3,246.45,241,243.35,90740,661310,15.632704,23250,23301.8
2026-06-03 09:25:00,ATM-1,PUT,160.75,166.75,159.55,163.8,333840,1591395,16.743873,23250,23301.8
2026-06-03 09:25:00,ATM,CALL,218.75,219.05,214,216.5,589550,6396910,15.688459,23300,23301.8
2026-06-03 09:25:00,ATM,PUT,183.8,189.3,182.35,185.9,819325,6366555,16.705555,23300,23301.8
2026-06-03 09:25:00,ATM+1,CALL,192.2,193.25,188.85,190.6,303875,2181010,15.65544,23350,23301.8
2026-06-03 09:25:00,ATM+1,PUT,209,214.35,206.55,210.5,235235,1559350,16.71532,23350,23301.8
2026-06-03 09:25:00,ATM+2,CALL,169,169.8,165.35,167.45,408915,4459065,15.679927,23400,23301.8
2026-06-03 09:25:00,ATM+2,PUT,235.1,241.4,232.6,237.2,295815,3797430,16.740328,23400,23301.8
2026-06-03 09:25:00,ATM+3,CALL,147.3,148.35,144.4,146.05,151190,1776255,15.682828,23450,23301.8
2026-06-03 09:25:00,ATM+3,PUT,263.8,269.8,261.35,265.5,91845,982020,16.741787,23450,23301.8
2026-06-03 09:25:00,ATM+4,CALL,128.4,128.5,125.45,127.35,309400,6968910,15.747044,23500,23301.8
2026-06-03 09:25:00,ATM+4,PUT,293.75,301.3,292,295.8,163865,4030650,16.755263,23500,23301.8
2026-06-03 09:25:00,ATM+5,CALL,110.55,111.1,108.6,109.6,117975,1579565,15.731047,23550,23301.8
2026-06-03 09:25:00,ATM+5,PUT,325.35,334,324.25,328.05,20085,396110,16.781955,23550,23301.8
2026-06-03 09:25:00,ATM+6,CALL,95.3,95.5,93.35,94.05,214370,4404465,15.747115,23600,23301.8
2026-06-03 09:25:00,ATM+6,PUT,362.15,368.25,358.1,363.1,49075,2179710,16.906466,23600,23301.8
2026-06-03 09:25:00,ATM+7,CALL,81.65,81.75,80,80.75,73385,1080495,15.814103,23650,23301.8
2026-06-03 09:25:00,ATM+7,PUT,396.75,403.35,396,400.25,4485,249015,17.084502,23650,23301.8
2026-06-03 09:25:00,ATM+8,CALL,69.55,69.8,68.1,68.6,198575,4291170,15.839177,23700,23301.8
2026-06-03 09:25:00,ATM+8,PUT,435.75,442.25,433.15,436.65,21580,2368210,17.051042,23700,23301.8
2026-06-03 09:25:00,ATM+9,CALL,58.85,59.1,57.8,58.15,90480,1061580,15.887579,23750,23301.8
2026-06-03 09:25:00,ATM+9,PUT,475.6,480,473.85,477.75,1690,135200,17.357061,23750,23301.8
2026-06-03 09:25:00,ATM+10,CALL,49.8,49.9,48.85,48.9,329225,4497480,15.919194,23800,23301.8
2026-06-03 09:25:00,ATM+10,PUT,515.05,520,513.05,517,4485,881270,17.341133,23800,23301.8
2026-06-03 09:26:00,ATM-10,CALL,571.4,571.4,559.25,559.25,975,75595,15.404645,22800,23287.45
2026-06-03 09:26:00,ATM-10,PUT,41.8,45.8,41.8,44.35,346775,3198195,17.257291,22800,23287.45
2026-06-03 09:26:00,ATM-9,CALL,529.65,532.05,520.2,522,455,5915,16.117739,22850,23287.45
2026-06-03 09:26:00,ATM-9,PUT,49.25,53.9,49.25,52.7,116480,653575,17.214878,22850,23287.45
2026-06-03 09:26:00,ATM-8,CALL,489.05,491.55,475,477.75,1820,48360,15.701848,22900,23287.45
2026-06-03 09:26:00,ATM-8,PUT,57.9,62.55,57.8,61.55,322335,2029430,17.091291,22900,23287.45
2026-06-03 09:26:00,ATM-7,CALL,449.1,449.1,440.7,440.7,910,12025,15.990885,22950,23287.45
2026-06-03 09:26:00,ATM-7,PUT,68.2,73.3,67.85,71.9,234195,742625,16.997794,22950,23287.45
2026-06-03 09:26:00,ATM-6,CALL,408.85,412.9,400,403.8,41665,588575,16.095607,23000,23287.45
2026-06-03 09:26:00,ATM-6,PUT,79.75,85.55,79.1,83.65,655785,5035485,16.907823,23000,23287.45
2026-06-03 09:26:00,ATM-5,CALL,372.75,375.45,362.6,367.3,4290,61945,16.06966,23050,23287.45
2026-06-03 09:26:00,ATM-5,PUT,93.05,99.15,92.1,97.15,256035,844805,16.843583,23050,23287.45
2026-06-03 09:26:00,ATM-4,CALL,338.6,340.9,329.55,331.5,26910,268450,15.953306,23100,23287.45
2026-06-03 09:26:00,ATM-4,PUT,107.55,114.75,106.55,112.05,390975,2153255,16.761024,23100,23287.45
2026-06-03 09:26:00,ATM-3,CALL,304.1,306.9,296.15,299.85,22815,161915,16.048529,23150,23287.45
2026-06-03 09:26:00,ATM-3,PUT,123.8,132.5,123.2,128.5,271830,888030,16.667418,23150,23287.45
2026-06-03 09:26:00,ATM-2,CALL,273.5,276,265.5,267.4,135265,1097590,15.911402,23200,23287.45
2026-06-03 09:26:00,ATM-2,PUT,142.4,152,141.8,148.45,598000,2924350,16.719675,23200,23287.45
2026-06-03 09:26:00,ATM-1,CALL,244.2,245.55,237.2,238.3,111345,702845,15.895512,23250,23287.45
2026-06-03 09:26:00,ATM-1,PUT,163.4,172.2,162.15,170.3,635115,1646320,16.771718,23250,23287.45
2026-06-03 09:26:00,ATM,CALL,216.35,218.3,210.35,211.65,719875,6675175,15.916798,23300,23287.45
2026-06-03 09:26:00,ATM,PUT,185.75,195,184.8,193.15,1313260,6505330,16.749633,23300,23287.45
2026-06-03 09:26:00,ATM+1,CALL,190.05,192.55,185,187.25,339690,2281045,15.957138,23350,23287.45
2026-06-03 09:26:00,ATM+1,PUT,211.2,221.1,209.05,217.5,426465,1601015,16.694609,23350,23287.45
2026-06-03 09:26:00,ATM+2,CALL,167.45,169.2,162.85,164.65,494065,4584125,15.981385,23400,23287.45
2026-06-03 09:26:00,ATM+2,PUT,236.85,248.7,235.5,244.4,481780,3868930,16.691171,23400,23287.45
2026-06-03 09:26:00,ATM+3,CALL,145.95,147.6,142,143.75,135980,1841775,15.983644,23450,23287.45
2026-06-03 09:26:00,ATM+3,PUT,265.8,277.75,263.9,274.05,166465,1000740,16.758785,23450,23287.45
2026-06-03 09:26:00,ATM+4,CALL,127.35,128.35,123.35,125,443950,7063745,16.004906,23500,23287.45
2026-06-03 09:26:00,ATM+4,PUT,295.95,309.2,294.75,304.6,230165,4039425,16.749106,23500,23287.45
2026-06-03 09:26:00,ATM+5,CALL,110,111,106.4,107.55,125320,1603485,15.977534,23550,23287.45
2026-06-03 09:26:00,ATM+5,PUT,327.9,343,326.8,336.3,23010,394875,16.682429,23550,23287.45
2026-06-03 09:26:00,ATM+6,CALL,94.1,95.25,92.05,92.5,296985,4451720,16.004439,23600,23287.45
2026-06-03 09:26:00,ATM+6,PUT,363.15,376.2,361.6,373.85,71825,2179710,16.988422,23600,23287.45
2026-06-03 09:26:00,ATM+7,CALL,80.5,81.7,78.95,79.6,131950,1105130,16.078886,23650,23287.45
2026-06-03 09:26:00,ATM+7,PUT,399.45,415.35,398.65,410.05,8060,249535,17.037323,23650,23287.45
2026-06-03 09:26:00,ATM+8,CALL,68.5,69.65,67.1,67.8,310570,4375410,16.11144,23700,23287.45
2026-06-03 09:26:00,ATM+8,PUT,441.95,453.05,434.9,446.55,35360,2376985,16.965729,23700,23287.45
2026-06-03 09:26:00,ATM+9,CALL,58,59.05,57,57.55,96005,1081080,16.156738,23750,23287.45
2026-06-03 09:26:00,ATM+9,PUT,480,492,475.5,491.45,4940,135135,17.637904,23750,23287.45
2026-06-03 09:26:00,ATM+10,CALL,49.1,49.85,48.3,48.6,324740,4550000,16.201712,23800,23287.45
2026-06-03 09:26:00,ATM+10,PUT,516.05,532.25,515,526.65,13455,879970,17.12843,23800,23287.45
2026-06-03 09:27:00,ATM-10,CALL,561.55,561.55,548,555.35,4680,76180,16.262224,22800,23276.1
2026-06-03 09:27:00,ATM-10,PUT,45.05,48.1,44.35,46.15,691015,3242590,17.257295,22800,23276.1
2026-06-03 09:27:00,ATM-9,CALL,520.1,522,508.1,508.1,195,6110,15.543159,22850,23276.1
2026-06-03 09:27:00,ATM-9,PUT,52.5,56.5,52.5,54.6,177710,662090,17.194675,22850,23276.1
2026-06-03 09:27:00,ATM-8,CALL,478.1,478.1,467.2,472.55,3900,48750,16.173552,22900,23276.1
2026-06-03 09:27:00,ATM-8,PUT,62.3,65.95,61.55,63.8,524810,2039700,17.08042,22900,23276.1
2026-06-03 09:27:00,ATM-7,CALL,431.85,440.7,428.85,430,585,12155,15.791041,22950,23276.1
2026-06-03 09:27:00,ATM-7,PUT,73,77.05,71.9,74.65,282165,750165,17.007539,22950,23276.1
2026-06-03 09:27:00,ATM-6,CALL,400.65,403.8,390.1,393.65,78195,601510,15.92817,23000,23276.1
2026-06-03 09:27:00,ATM-6,PUT,84.8,90.15,83.65,87.2,1026545,5044780,16.962597,23000,23276.1
2026-06-03 09:27:00,ATM-5,CALL,364.75,367.3,353.6,356.55,7540,63245,15.81998,23050,23276.1
2026-06-03 09:27:00,ATM-5,PUT,98.7,104.2,97.15,101.45,446485,892060,16.931598,23050,23276.1
2026-06-03 09:27:00,ATM-4,CALL,328.95,331.5,320,323.1,49725,277290,15.891606,23100,23276.1
2026-06-03 09:27:00,ATM-4,PUT,114.05,120.4,112.05,117.65,656175,2186405,16.92671,23100,23276.1
2026-06-03 09:27:00,ATM-3,CALL,296.9,299.85,288.85,292.15,50440,172640,16.012433,23150,23276.1
2026-06-03 09:27:00,ATM-3,PUT,130.6,138.25,128.5,134.6,388830,913055,16.835973,23150,23276.1
2026-06-03 09:27:00,ATM-2,CALL,267,267.4,258.35,261.5,212745,1125865,15.990854,23200,23276.1
2026-06-03 09:27:00,ATM-2,PUT,149.5,158.3,148.45,154.9,1085890,2925390,16.877502,23200,23276.1
2026-06-03 09:27:00,ATM-1,CALL,237,238.3,230.1,233,287495,733330,15.985732,23250,23276.1
2026-06-03 09:27:00,ATM-1,PUT,171.8,180.25,170.3,176,1171235,1637090,16.830358,23250,23276.1
2026-06-03 09:27:00,ATM,CALL,210,211.65,204.15,207.05,1202630,6830200,16.025832,23300,23276.1
2026-06-03 09:27:00,ATM,PUT,195.4,204.6,193.15,200.05,2408250,6525805,16.869835,23300,23276.1
2026-06-03 09:27:00,ATM+1,CALL,185.55,187.25,179.65,182.5,518635,2346435,16.017104,23350,23276.1
2026-06-03 09:27:00,ATM+1,PUT,220.25,230.3,217.5,225.35,666380,1596855,16.856458,23350,23276.1
2026-06-03 09:27:00,ATM+2,CALL,162.65,164.65,158.1,160.35,800020,4727970,16.041785,23400,23276.1
2026-06-03 09:27:00,ATM+2,PUT,247.3,258.25,244.4,253.95,779285,3886155,16.957977,23400,23276.1
2026-06-03 09:27:00,ATM+3,CALL,142.4,143.75,138.1,139.95,290030,1865890,16.049851,23450,23276.1
2026-06-03 09:27:00,ATM+3,PUT,277.2,288,274.05,284.2,226785,1016925,17.045227,23450,23276.1
2026-06-03 09:27:00,ATM+4,CALL,124.3,125,120.45,122,790855,7158320,16.104811,23500,23276.1
2026-06-03 09:27:00,ATM+4,PUT,306.8,319.65,304.6,314.2,411060,4019275,16.960897,23500,23276.1
2026-06-03 09:27:00,ATM+5,CALL,107.45,107.55,104,105.15,232505,1619410,16.097555,23550,23276.1
2026-06-03 09:27:00,ATM+5,PUT,339.4,353.75,336.3,348.3,41015,393770,17.078411,23550,23276.1
2026-06-03 09:27:00,ATM+6,CALL,92,92.55,89.8,90.95,389220,4512950,16.173186,23600,23276.1
2026-06-03 09:27:00,ATM+6,PUT,374.8,388.8,373.85,382.4,82680,2161640,17.050309,23600,23276.1
2026-06-03 09:27:00,ATM+7,CALL,78.9,79.6,76.95,77.95,140075,1114165,16.211198,23650,23276.1
2026-06-03 09:27:00,ATM+7,PUT,410.75,426.65,410.05,420.55,25285,241410,17.257368,23650,23276.1
2026-06-03 09:27:00,ATM+8,CALL,67.1,67.8,65.8,66.45,303290,4388995,16.247875,23700,23276.1
2026-06-03 09:27:00,ATM+8,PUT,452,465.45,446.55,459.15,39130,2384005,17.379701,23700,23276.1
2026-06-03 09:27:00,ATM+9,CALL,57.15,57.55,56,56.65,173290,1072175,16.318767,23750,23276.1
2026-06-03 09:27:00,ATM+9,PUT,490.85,505.55,490.55,499.3,5005,135005,17.533738,23750,23276.1
2026-06-03 09:27:00,ATM+10,CALL,48.3,48.6,47.4,47.75,425295,4608435,16.347597,23800,23276.1
2026-06-03 09:27:00,ATM+10,PUT,532.6,546.85,526.65,540.05,18200,878345,17.627539,23800,23276.1
2026-06-03 09:28:00,ATM-10,CALL,550,565,546.1,563.45,2210,79950,15.171467,22800,23294
2026-06-03 09:28:00,ATM-10,PUT,46.9,47.9,44.35,44.4,317265,3276650,17.40331,22800,23294
2026-06-03 09:28:00,ATM-9,CALL,508.1,522,508.1,522,780,6370,15.381199,22850,23294
2026-06-03 09:28:00,ATM-9,PUT,54.85,56,51.9,52.15,117780,655200,17.293166,22850,23294
2026-06-03 09:28:00,ATM-8,CALL,469.5,481.75,467.6,480.85,5265,50635,15.42718,22900,23294
2026-06-03 09:28:00,ATM-8,PUT,64.6,65.7,60.7,61.3,260260,1985555,17.216263,22900,23294
2026-06-03 09:28:00,ATM-7,CALL,428.8,440.6,428.8,440.6,1885,12285,15.408026,22950,23294
2026-06-03 09:28:00,ATM-7,PUT,75.25,76.95,71.1,71.5,168350,726115,17.116943,22950,23294
2026-06-03 09:28:00,ATM-6,CALL,390.7,405.2,390.7,403.55,63245,640640,15.565459,23000,23294
2026-06-03 09:28:00,ATM-6,PUT,88.5,89.4,83,83.95,668850,5100420,17.108344,23000,23294
2026-06-03 09:28:00,ATM-5,CALL,356.3,368.25,353.8,367.5,4940,64675,15.637981,23050,23294
2026-06-03 09:28:00,ATM-5,PUT,102.8,103.75,96.6,97.5,266370,903630,17.057238,23050,23294
2026-06-03 09:28:00,ATM-4,CALL,322.5,335.05,320.85,333.15,47580,299715,15.697229,23100,23294
2026-06-03 09:28:00,ATM-4,PUT,117.95,120,112,112.25,377650,2183025,16.970786,23100,23294
2026-06-03 09:28:00,ATM-3,CALL,292.75,302.05,289.2,301,33150,202280,15.78202,23150,23294
2026-06-03 09:28:00,ATM-3,PUT,136,138.05,129,129.4,302055,929760,16.949265,23150,23294
2026-06-03 09:28:00,ATM-2,CALL,261.3,271.45,258.8,270.05,215735,1212315,15.800544,23200,23294
2026-06-03 09:28:00,ATM-2,PUT,154.7,158,148.05,148.65,626340,2980900,16.954733,23200,23294
2026-06-03 09:28:00,ATM-1,CALL,232.55,242,230.45,240.75,242970,817570,15.792053,23250,23294
2026-06-03 09:28:00,ATM-1,PUT,177.4,180.3,169.1,170.45,644215,1739790,17.01801,23250,23294
2026-06-03 09:28:00,ATM,CALL,206.4,214.75,204.65,214,886405,7198685,15.827939,23300,23294
2026-06-03 09:28:00,ATM,PUT,200.9,204.45,192.15,192.4,1181245,6454955,16.940232,23300,23294
2026-06-03 09:28:00,ATM+1,CALL,181,189.55,180.3,188.2,297830,2430870,15.776749,23350,23294
2026-06-03 09:28:00,ATM+1,PUT,228.55,229.7,217,218.65,329485,1596790,17.058373,23350,23294
2026-06-03 09:28:00,ATM+2,CALL,159.45,166.6,158.65,165.8,480805,4858360,15.837226,23400,23294
2026-06-03 09:28:00,ATM+2,PUT,255.5,257.9,243.95,245.05,352235,3835715,17.036857,23400,23294
2026-06-03 09:28:00,ATM+3,CALL,139.8,145.75,138.65,144.65,173225,1883960,15.837573,23450,23294
2026-06-03 09:28:00,ATM+3,PUT,285.2,288.1,273.35,273.85,98800,1015495,17.059716,23450,23294
2026-06-03 09:28:00,ATM+4,CALL,121.35,126.75,120.35,126.4,393250,7225855,15.918565,23500,23294
2026-06-03 09:28:00,ATM+4,PUT,316,319.75,304.2,304.2,209235,3991130,17.06075,23500,23294
2026-06-03 09:28:00,ATM+5,CALL,105.1,109.65,104.1,108.8,135980,1631565,15.896152,23550,23294
2026-06-03 09:28:00,ATM+5,PUT,350.95,353,336.4,338.95,22555,394745,17.290974,23550,23294
2026-06-03 09:28:00,ATM+6,CALL,90.65,94.5,89.8,93.65,278590,4584450,15.931122,23600,23294
2026-06-03 09:28:00,ATM+6,PUT,384.85,388.2,370.2,372.15,84110,2166580,17.244951,23600,23294
2026-06-03 09:28:00,ATM+7,CALL,77.7,81,77,80.6,89245,1111695,16.007517,23650,23294
2026-06-03 09:28:00,ATM+7,PUT,423.75,425.6,408,409.9,8710,238875,17.472974,23650,23294
2026-06-03 09:28:00,ATM+8,CALL,66.15,69.15,65.9,68.6,264550,4423770,16.035439,23700,23294
2026-06-03 09:28:00,ATM+8,PUT,464.4,464.4,445.65,446.1,38935,2379390,17.417864,23700,23294
2026-06-03 09:28:00,ATM+9,CALL,56.3,58.6,56,58.25,78000,1082185,16.084538,23750,23294
2026-06-03 09:28:00,ATM+9,PUT,503.4,503.4,485,487.05,2795,134550,17.708178,23750,23294
2026-06-03 09:28:00,ATM+10,CALL,47.75,49.5,47.35,49.05,261495,4662840,16.113611,23800,23294
2026-06-03 09:28:00,ATM+10,PUT,542.95,544.65,524.85,526.9,20670,874445,17.762099,23800,23294
2026-06-03 09:29:00,ATM-10,CALL,563.45,566,560.7,566,1040,80015,15.635224,22800,23293.5
2026-06-03 09:29:00,ATM-10,PUT,44.25,45,43.6,44,216970,3306550,17.339643,22800,23293.5
2026-06-03 09:29:00,ATM-9,CALL,524.55,524.55,521.8,524.45,390,7020,15.774023,22850,23293.5
2026-06-03 09:29:00,ATM-9,PUT,52.05,52.95,51.2,52.1,96135,662935,17.276804,22850,23293.5
2026-06-03 09:29:00,ATM-8,CALL,479.65,483.7,479.65,481.55,845,51090,15.565689,22900,23293.5
2026-06-03 09:29:00,ATM-8,PUT,61.35,62.1,60.5,60.9,128245,1986920,17.159798,22900,23293.5
2026-06-03 09:29:00,ATM-7,CALL,440.5,443.65,440.5,443.65,390,13520,15.795908,22950,23293.5
2026-06-03 09:29:00,ATM-7,PUT,71.85,72.6,70.7,71.3,80145,727220,17.084298,22950,23293.5
2026-06-03 09:29:00,ATM-6,CALL,404,406,402.2,405,52715,665860,15.755925,23000,23293.5
2026-06-03 09:29:00,ATM-6,PUT,83.85,84.8,82.3,82.75,354185,5091970,16.976672,23000,23293.5
2026-06-03 09:29:00,ATM-5,CALL,366.3,369.3,365.75,367.6,3575,63765,15.683864,23050,23293.5
2026-06-03 09:29:00,ATM-5,PUT,97.25,98.55,95.2,96.5,130195,937820,16.95022,23050,23293.5
2026-06-03 09:29:00,ATM-4,CALL,333,334.9,331.35,334.15,20800,309205,15.820953,23100,23293.5
2026-06-03 09:29:00,ATM-4,PUT,112.45,113.7,110.6,111.6,188890,2239185,16.898715,23100,23293.5
2026-06-03 09:29:00,ATM-3,CALL,300.15,302,299.35,300.8,28795,208520,15.794064,23150,23293.5
2026-06-03 09:29:00,ATM-3,PUT,129.65,131,127.65,128.55,153010,948545,16.861219,23150,23293.5
2026-06-03 09:29:00,ATM-2,CALL,269.4,270.85,268,269.2,132405,1233375,15.755868,23200,23293.5
2026-06-03 09:29:00,ATM-2,PUT,148.85,150.05,146.5,147.65,403260,3034330,16.855251,23200,23293.5
2026-06-03 09:29:00,ATM-1,CALL,239.75,241.4,239.05,240.9,140140,863525,15.82896,23250,23293.5
2026-06-03 09:29:00,ATM-1,PUT,170.35,171.6,167.75,169,388440,1837030,16.882201,23250,23293.5
2026-06-03 09:29:00,ATM,CALL,213.85,214.2,212.2,213.75,601900,7414485,15.830298,23300,23293.5
2026-06-03 09:29:00,ATM,PUT,192.95,194.95,190,191.85,871650,6596980,16.877418,23300,23293.5
2026-06-03 09:29:00,ATM+1,CALL,187.7,189,187,188.4,160680,2473250,15.813801,23350,23293.5
2026-06-03 09:29:00,ATM+1,PUT,218.85,219.65,215.35,216,164970,1608685,16.824569,23350,23293.5
2026-06-03 09:29:00,ATM+2,CALL,165.5,166.1,164.3,165.05,279045,4914715,15.795591,23400,23293.5
2026-06-03 09:29:00,ATM+2,PUT,245.7,247.5,242.1,243.1,202150,3838900,16.856963,23400,23293.5
2026-06-03 09:29:00,ATM+3,CALL,144.75,145.15,143.35,144.05,98020,1890525,15.80595,23450,23293.5
2026-06-03 09:29:00,ATM+3,PUT,274.6,276.45,271.1,273,68250,1005875,16.966322,23450,23293.5
2026-06-03 09:29:00,ATM+4,CALL,125.9,126.4,124.45,125.7,304980,7288060,15.875911,23500,23293.5
2026-06-03 09:29:00,ATM+4,PUT,304.35,307.65,301.75,303.6,109785,3990285,16.984671,23500,23293.5
2026-06-03 09:29:00,ATM+5,CALL,108.5,109.2,107.65,108.4,80730,1651910,15.876661,23550,23293.5
2026-06-03 09:29:00,ATM+5,PUT,338.35,340.3,334.9,336.65,18070,395720,17.062899,23550,23293.5
2026-06-03 09:29:00,ATM+6,CALL,93.65,94.05,92.85,93.35,165620,4613765,15.918267,23600,23293.5
2026-06-03 09:29:00,ATM+6,PUT,373.35,375.5,368.9,370.2,40300,2146105,17.03753,23600,23293.5
2026-06-03 09:29:00,ATM+7,CALL,80.05,80.6,79.45,79.75,71435,1106040,15.938437,23650,23293.5
2026-06-03 09:29:00,ATM+7,PUT,412.15,412.15,407.7,407.7,5135,237965,17.230852,23650,23293.5
2026-06-03 09:29:00,ATM+8,CALL,68.1,68.75,67.65,68,120380,4467255,15.98612,23700,23293.5
2026-06-03 09:29:00,ATM+8,PUT,446.8,449.4,444,444.9,11050,2381275,17.260522,23700,23293.5
2026-06-03 09:29:00,ATM+9,CALL,57.85,58.35,57.55,57.85,68835,1102985,16.052262,23750,23293.5
2026-06-03 09:29:00,ATM+9,PUT,488,489.45,483.05,486,1950,135590,17.556541,23750,23293.5
2026-06-03 09:29:00,ATM+10,CALL,48.85,49.2,48.6,48.65,161005,4684485,16.076822,23800,23293.5
2026-06-03 09:29:00,ATM+10,PUT,526.3,530,522.8,526.3,10140,874380,17.649466,23800,23293.5
2026-06-03 09:30:00,ATM-10,CALL,565.3,566,550.05,550.05,455,80470,15.221167,22800,23278.3
2026-06-03 09:30:00,ATM-10,PUT,44.45,48.95,44,47,491920,3347110,17.418277,22800,23278.3
2026-06-03 09:30:00,ATM-9,CALL,512.65,524.45,509,509,390,7280,15.421484,22850,23278.3
2026-06-03 09:30:00,ATM-9,PUT,52.15,57.4,52.1,55.15,154115,672100,17.312685,22850,23278.3
2026-06-03 09:30:00,ATM-8,CALL,480,481.55,467.75,474.8,4745,51740,16.233607,22900,23278.3
2026-06-03 09:30:00,ATM-8,PUT,61.45,67,60.9,64.45,337025,2023710,17.20721,22900,23278.3
2026-06-03 09:30:00,ATM-7,CALL,438.8,443.65,427.45,434.55,975,13780,16.101379,22950,23278.3
2026-06-03 09:30:00,ATM-7,PUT,71.85,78.35,71.3,75.3,200915,748410,17.132219,22950,23278.3
2026-06-03 09:30:00,ATM-6,CALL,405,405,391,398.8,38545,696995,16.283145,23000,23278.3
2026-06-03 09:30:00,ATM-6,PUT,83.6,90.9,82.75,87.35,973765,5101850,17.037377,23000,23278.3
2026-06-03 09:30:00,ATM-5,CALL,365.05,367.6,354.45,361.35,3835,64870,16.128576,23050,23278.3
2026-06-03 09:30:00,ATM-5,PUT,97.3,105.2,96.5,101.05,329030,961285,16.958061,23050,23278.3
2026-06-03 09:30:00,ATM-4,CALL,331,334.15,321.5,327.85,35815,317720,16.187323,23100,23278.3
2026-06-03 09:30:00,ATM-4,PUT,112.9,121.35,111.6,117.4,497510,2285530,16.972026,23100,23278.3
2026-06-03 09:30:00,ATM-3,CALL,299.75,300.8,289.55,295.95,36660,224510,16.221874,23150,23278.3
2026-06-03 09:30:00,ATM-3,PUT,129.1,139.55,128.55,134.9,317785,951405,16.933322,23150,23278.3
2026-06-03 09:30:00,ATM-2,CALL,268.7,269.2,259.45,264.6,223600,1287000,16.142797,23200,23278.3
2026-06-03 09:30:00,ATM-2,PUT,148.35,159.35,147.65,154.85,917410,3214575,16.949892,23200,23278.3
2026-06-03 09:30:00,ATM-1,CALL,239.2,240.9,231.2,236.9,189150,914550,16.207137,23250,23278.3
2026-06-03 09:30:00,ATM-1,PUT,170.35,181.55,169,175.95,984815,1912820,16.90815,23250,23278.3
2026-06-03 09:30:00,ATM,CALL,212,213.75,205.3,209.4,812955,7665515,16.126712,23300,23278.3
2026-06-03 09:30:00,ATM,PUT,193.55,204.75,191.85,199.2,1590290,6768125,16.888938,23300,23278.3
2026-06-03 09:30:00,ATM+1,CALL,187.4,188.4,180.7,185.65,325390,2543645,16.18981,23350,23278.3
2026-06-03 09:30:00,ATM+1,PUT,217.6,231.15,216,224.55,392990,1637220,16.886336,23350,23278.3
2026-06-03 09:30:00,ATM+2,CALL,164.05,165.05,159.05,163.2,495820,5002530,16.198758,23400,23278.3
2026-06-03 09:30:00,ATM+2,PUT,245.8,259,243.1,251.95,480025,3883815,16.896827,23400,23278.3
2026-06-03 09:30:00,ATM+3,CALL,143,144.05,138.85,142.3,147615,1928225,16.175335,23450,23278.3
2026-06-03 09:30:00,ATM+3,PUT,275.15,288.9,273,281.8,120900,1028625,16.956351,23450,23278.3
2026-06-03 09:30:00,ATM+4,CALL,125.35,125.7,120.9,123.5,382980,7367425,16.168031,23500,23278.3
2026-06-03 09:30:00,ATM+4,PUT,304.6,321,303.6,314.25,269880,4000425,17.085375,23500,23278.3
2026-06-03 09:30:00,ATM+5,CALL,107.9,108.4,104.35,107.05,143715,1668160,16.206033,23550,23278.3
2026-06-03 09:30:00,ATM+5,PUT,337.4,354.25,336.65,345.8,31200,397670,16.988499,23550,23278.3
2026-06-03 09:30:00,ATM+6,CALL,92.85,93.35,90,92.4,275535,4657575,16.251651,23600,23278.3
2026-06-03 09:30:00,ATM+6,PUT,372.9,389.45,370.2,380.55,63375,2157480,17.02302,23600,23278.3
2026-06-03 09:30:00,ATM+7,CALL,79.75,79.75,77.4,78.85,89830,1126320,16.246619,23650,23278.3
2026-06-03 09:30:00,ATM+7,PUT,409.55,427.5,407.7,417.35,11895,238810,17.103906,23650,23278.3
2026-06-03 09:30:00,ATM+8,CALL,68.15,68.15,65.9,67.45,308035,4494880,16.303111,23700,23278.3
2026-06-03 09:30:00,ATM+8,PUT,447.6,465.85,444.9,454.65,47450,2385240,17.08959,23700,23278.3
2026-06-03 09:30:00,ATM+9,CALL,57.25,57.85,56,57.35,94445,1121900,16.350673,23750,23278.3
2026-06-03 09:30:00,ATM+9,PUT,487.5,505.85,486,501.4,3185,134810,17.94774,23750,23278.3
2026-06-03 09:30:00,ATM+10,CALL,48.55,48.65,47.4,48.45,225225,4736160,16.389016,23800,23278.3
2026-06-03 09:30:00,ATM+10,PUT,530,546.2,526.3,536.7,8385,875615,17.444107,23800,23278.3
2026-06-03 09:31:00,ATM-10,CALL,554.9,574.8,550.05,570.05,1560,80535,15.731533,22800,23297.45
2026-06-03 09:31:00,ATM-10,PUT,47.15,48.1,42.3,42.75,335660,3352505,17.25372,22800,23297.45
2026-06-03 09:31:00,ATM-9,CALL,530.85,530.85,509,530.85,650,7540,16.186669,22850,23297.45
2026-06-03 09:31:00,ATM-9,PUT,55,55.8,49.8,50.15,115830,688675,17.121943,22850,23297.45
2026-06-03 09:31:00,ATM-8,CALL,473.85,490.15,473.85,488,3185,53950,15.961368,22900,23297.45
2026-06-03 09:31:00,ATM-8,PUT,65.35,65.35,58.3,58.95,286585,2035150,17.028024,22900,23297.45
2026-06-03 09:31:00,ATM-7,CALL,438.5,449.15,434.55,448.7,390,14235,16.013771,22950,23297.45
2026-06-03 09:31:00,ATM-7,PUT,75.65,76.3,68.3,68.95,162045,756600,16.930463,22950,23297.45
2026-06-03 09:31:00,ATM-6,CALL,399.1,412,396.25,409.2,41860,709475,15.882701,23000,23297.45
2026-06-03 09:31:00,ATM-6,PUT,88.25,88.8,79.85,80.6,661180,5117840,16.864108,23000,23297.45
2026-06-03 09:31:00,ATM-5,CALL,362.25,373.65,361.35,371.85,5070,66300,15.819925,23050,23297.45
2026-06-03 09:31:00,ATM-5,PUT,102.2,102.8,92.7,93.15,219765,978835,16.742095,23050,23297.45
2026-06-03 09:31:00,ATM-4,CALL,327.6,340,326.7,338,41210,328380,15.926122,23100,23297.45
2026-06-03 09:31:00,ATM-4,PUT,117.85,118.5,107.8,108.25,406835,2333890,16.712491,23100,23297.45
2026-06-03 09:31:00,ATM-3,CALL,295.05,306.85,293.9,304.25,42250,228800,15.872405,23150,23297.45
2026-06-03 09:31:00,ATM-3,PUT,134.9,136.8,124.2,125.3,225160,971685,16.703028,23150,23297.45
2026-06-03 09:31:00,ATM-2,CALL,265.2,275.55,263.9,272.8,278980,1349595,15.856948,23200,23297.45
2026-06-03 09:31:00,ATM-2,PUT,154,156.45,142.5,144,642135,3303235,16.680452,23200,23297.45
2026-06-03 09:31:00,ATM-1,CALL,235.7,245.9,235.65,243.3,280670,965575,15.841883,23250,23297.45
2026-06-03 09:31:00,ATM-1,PUT,177.05,178.05,163.3,165,619255,2036125,16.694638,23250,23297.45
2026-06-03 09:31:00,ATM,CALL,209.4,218.15,209,216.75,1054690,7772830,15.904575,23300,23297.45
2026-06-03 09:31:00,ATM,PUT,199.95,201.25,185.65,187.6,1205425,6833710,16.684069,23300,23297.45
2026-06-03 09:31:00,ATM+1,CALL,184.6,193,183.95,190.65,364975,2615275,15.840115,23350,23297.45
2026-06-03 09:31:00,ATM+1,PUT,226.55,226.7,210,212.2,321555,1643005,16.680373,23350,23297.45
2026-06-03 09:31:00,ATM+2,CALL,162.05,169.65,161.6,167.85,550225,5172830,15.879728,23400,23297.45
2026-06-03 09:31:00,ATM+2,PUT,253.9,254.4,236.2,237.7,374725,3885700,16.594121,23400,23297.45
2026-06-03 09:31:00,ATM+3,CALL,141.55,147.9,141.4,146.6,189995,1967355,15.883774,23450,23297.45
2026-06-03 09:31:00,ATM+3,PUT,282.9,283.75,265.7,267.85,75790,1044095,16.732216,23450,23297.45
2026-06-03 09:31:00,ATM+4,CALL,123.7,128.5,123.05,127.5,477555,7419425,15.904956,23500,23297.45
2026-06-03 09:31:00,ATM+4,PUT,312,316,296.25,298,214825,4011995,16.719056,23500,23297.45
2026-06-03 09:31:00,ATM+5,CALL,106.95,111,106.45,109.9,135525,1677000,15.893304,23550,23297.45
2026-06-03 09:31:00,ATM+5,PUT,343.85,348.25,327.6,331.05,16770,397215,16.800562,23550,23297.45
2026-06-03 09:31:00,ATM+6,CALL,91.95,95.7,91.6,94.8,306020,4699305,15.943837,23600,23297.45
2026-06-03 09:31:00,ATM+6,PUT,381.9,382.6,362,365,60775,2164500,16.81262,23600,23297.45
2026-06-03 09:31:00,ATM+7,CALL,78.8,81.85,78.65,81.05,119340,1128855,15.963665,23650,23297.45
2026-06-03 09:31:00,ATM+7,PUT,416.3,419,400,400,8255,233740,16.768041,23650,23297.45
2026-06-03 09:31:00,ATM+8,CALL,67.2,69.75,67,69.1,231140,4572555,16.004864,23700,23297.45
2026-06-03 09:31:00,ATM+8,PUT,454.4,458.65,437,440,32630,2390700,17.065269,23700,23297.45
2026-06-03 09:31:00,ATM+9,CALL,57.15,59.2,57,58.5,120315,1129115,16.034553,23750,23297.45
2026-06-03 09:31:00,ATM+9,PUT,499.35,501.4,478.55,478.55,6110,135590,17.087616,23750,23297.45
2026-06-03 09:31:00,ATM+10,CALL,48.25,49.95,48.15,49.5,204945,4742660,16.094516,23800,23297.45
2026-06-03 09:31:00,ATM+10,PUT,536.85,536.85,516.3,520,4420,876135,17.290679,23800,23297.45
2026-06-03 09:32:00,ATM-10,CALL,594.3,594.3,594.3,594.3,0,1690,17.460125,22750,23262.2
2026-06-03 09:32:00,ATM-10,PUT,36.3,40.9,36.2,40.9,116415,905255,17.338866,22750,23262.2
2026-06-03 09:32:00,ATM-9,CALL,572.3,572.3,549.8,550.95,2730,81380,17.246525,22800,23262.2
2026-06-03 09:32:00,ATM-9,PUT,42.4,48.1,42.4,48.05,350610,3329040,17.210982,22800,23262.2
2026-06-03 09:32:00,ATM-8,CALL,526,530.85,521.9,521.9,520,7800,18.572685,22850,23262.2
2026-06-03 09:32:00,ATM-8,PUT,50.05,56.4,50.05,56.4,95680,701935,17.101267,22850,23262.2
2026-06-03 09:32:00,ATM-7,CALL,485,488,465,465,2925,55770,16.578392,22900,23262.2
2026-06-03 09:32:00,ATM-7,PUT,59.1,66.1,58.95,65.8,291395,2060565,16.977221,22900,23262.2
2026-06-03 09:32:00,ATM-6,CALL,445.5,448.7,434.35,434.35,780,14430,17.362277,22950,23262.2
2026-06-03 09:32:00,ATM-6,PUT,69.3,76.9,68.95,76.85,153530,770055,16.891872,22950,23262.2
2026-06-03 09:32:00,ATM-5,CALL,410.95,410.95,391,392,28405,706420,16.776453,23000,23262.2
2026-06-03 09:32:00,ATM-5,PUT,80.25,89.8,80.25,89.8,654355,5126550,16.851668,23000,23262.2
2026-06-03 09:32:00,ATM-4,CALL,371.05,372.4,353.55,355.6,7085,67860,16.645839,23050,23262.2
2026-06-03 09:32:00,ATM-4,PUT,94.3,104,93.15,104,233350,999505,16.780465,23050,23262.2
2026-06-03 09:32:00,ATM-3,CALL,337.15,338,321.4,321.4,46995,320125,16.568348,23100,23262.2
2026-06-03 09:32:00,ATM-3,PUT,108.5,119.8,108.25,119.75,452075,2335970,16.700648,23100,23262.2
2026-06-03 09:32:00,ATM-2,CALL,303.75,304.6,288.15,289.05,32435,215930,16.500081,23150,23262.2
2026-06-03 09:32:00,ATM-2,PUT,125.4,138.4,125.3,138.4,228410,997490,16.720244,23150,23262.2
2026-06-03 09:32:00,ATM-1,CALL,273.25,274,258.75,259.05,182715,1365715,16.475178,23200,23262.2
2026-06-03 09:32:00,ATM-1,PUT,144.35,158,143.6,157.8,615810,3287375,16.647522,23200,23262.2
2026-06-03 09:32:00,ATM,CALL,243.75,243.75,230.35,231.05,252785,1007825,16.457963,23250,23262.2
2026-06-03 09:32:00,ATM,PUT,165.6,180.05,165,179.65,811200,2042560,16.622577,23250,23262.2
2026-06-03 09:32:00,ATM+1,CALL,216.5,216.75,204.45,205.3,853450,7742995,16.465971,23300,23262.2
2026-06-03 09:32:00,ATM+1,PUT,186.95,203.9,186.95,203.9,1288040,6792305,16.636691,23300,23262.2
2026-06-03 09:32:00,ATM+2,CALL,191.8,191.8,180.2,180.9,351000,2638220,16.425549,23350,23262.2
2026-06-03 09:32:00,ATM+2,PUT,212.3,229.85,212.2,229.85,325325,1627405,16.632377,23350,23262.2
2026-06-03 09:32:00,ATM+3,CALL,167.6,168.1,158.3,158.9,595790,5182905,16.422539,23400,23262.2
2026-06-03 09:32:00,ATM+3,PUT,239.25,257.8,237.7,257.8,411775,3892265,16.635132,23400,23262.2
2026-06-03 09:32:00,ATM+4,CALL,146.95,146.95,138.35,138.8,164970,1976260,16.419006,23450,23262.2
2026-06-03 09:32:00,ATM+4,PUT,268,287.65,267.45,287.65,79365,1025570,16.639534,23450,23262.2
2026-06-03 09:32:00,ATM+5,CALL,127.3,127.55,119.7,120.45,479700,7405320,16.406103,23500,23262.2
2026-06-03 09:32:00,ATM+5,PUT,298.3,319.85,298,318.6,202215,4008030,16.5807,23500,23262.2
2026-06-03 09:32:00,ATM+6,CALL,110,110.4,103.8,104.25,171925,1692730,16.424593,23550,23262.2
2026-06-03 09:32:00,ATM+6,PUT,329.5,352.55,329.5,352.55,28275,397800,16.627867,23550,23262.2
2026-06-03 09:32:00,ATM+7,CALL,95.1,95.1,89.4,89.75,298415,4716140,16.443789,23600,23262.2
2026-06-03 09:32:00,ATM+7,PUT,363.2,387.7,363.2,387.7,89635,2176005,16.632585,23600,23262.2
2026-06-03 09:32:00,ATM+8,CALL,81.2,81.2,76.85,77,97175,1152515,16.47836,23650,23262.2
2026-06-03 09:32:00,ATM+8,PUT,402.85,426.45,400,424.65,7670,234065,16.657182,23650,23262.2
2026-06-03 09:32:00,ATM+9,CALL,69.4,69.4,65.35,65.55,295165,4630015,16.494129,23700,23262.2
2026-06-03 09:32:00,ATM+9,PUT,439.7,464.05,439.7,464.05,34775,2387775,16.785552,23700,23262.2
2026-06-03 09:32:00,ATM+10,CALL,58.6,58.6,55.6,55.7,105235,1153230,16.534276,23750,23262.2
2026-06-03 09:32:00,ATM+10,PUT,480.15,504.5,478.55,503.25,3770,135265,16.749059,23750,23262.2
2026-06-03 09:33:00,ATM-10,CALL,596.6,596.6,594.3,596.6,195,1625,16.372657,22750,23273.5
2026-06-03 09:33:00,ATM-10,PUT,41,41,38.4,39.35,132210,912665,17.350697,22750,23273.5
2026-06-03 09:33:00,ATM-9,CALL,551.55,559.7,550.95,554.4,1885,81380,16.445317,22800,23273.5
2026-06-03 09:33:00,ATM-9,PUT,48.3,48.35,45,46.35,298740,3349645,17.233163,22800,23273.5
2026-06-03 09:33:00,ATM-8,CALL,519.25,521.9,511.3,512.85,325,8125,16.435862,22850,23273.5
2026-06-03 09:33:00,ATM-8,PUT,56.6,56.8,53.1,54.6,94770,700440,17.141416,22850,23273.5
2026-06-03 09:33:00,ATM-7,CALL,465.65,475.05,465,470,2340,55640,16.127246,22900,23273.5
2026-06-03 09:33:00,ATM-7,PUT,66.2,66.2,62.25,63.9,272935,2056080,17.035254,22900,23273.5
2026-06-03 09:33:00,ATM-6,CALL,426.15,439.95,426.15,432.35,1105,14495,16.266214,22950,23273.5
2026-06-03 09:33:00,ATM-6,PUT,77.6,77.6,72.9,74.65,136370,765505,16.947781,22950,23273.5
2026-06-03 09:33:00,ATM-5,CALL,391.75,401.85,391.75,394,56095,732225,16.162727,23000,23273.5
2026-06-03 09:33:00,ATM-5,PUT,89.9,89.9,84.8,87.2,533195,5177900,16.89902,23000,23273.5
2026-06-03 09:33:00,ATM-4,CALL,353.95,364.25,353.95,358.95,6305,71695,16.225421,23050,23273.5
2026-06-03 09:33:00,ATM-4,PUT,103.8,104.45,98.4,100.95,192335,1000220,16.817497,23050,23273.5
2026-06-03 09:33:00,ATM-3,CALL,320.8,330.85,320.8,324,21385,317265,16.134976,23100,23273.5
2026-06-03 09:33:00,ATM-3,PUT,120.4,120.4,113.7,116.5,351455,2353000,16.752427,23100,23273.5
2026-06-03 09:33:00,ATM-2,CALL,288.45,299,288.45,292.35,19305,220480,16.177719,23150,23273.5
2026-06-03 09:33:00,ATM-2,PUT,138.4,138.75,130.3,135.35,212030,1008865,16.822294,23150,23273.5
2026-06-03 09:33:00,ATM-1,CALL,258.75,267.55,258.55,263,130520,1391130,16.251283,23200,23273.5
2026-06-03 09:33:00,ATM-1,PUT,157.85,158.4,150.05,154,485160,3364010,16.71921,23200,23273.5
2026-06-03 09:33:00,ATM,CALL,230.75,238.5,230.75,234.75,229060,1063335,16.253272,23250,23273.5
2026-06-03 09:33:00,ATM,PUT,180.4,180.45,171.25,175.7,671190,2177240,16.715859,23250,23273.5
2026-06-03 09:33:00,ATM+1,CALL,204.75,211.55,204.75,208.1,673205,7822360,16.225865,23300,23273.5
2026-06-03 09:33:00,ATM+1,PUT,203.7,203.9,194.75,199.1,917995,6964035,16.695666,23300,23273.5
2026-06-03 09:33:00,ATM+2,CALL,180.6,186.65,180.6,183.4,253955,2688140,16.196653,23350,23273.5
2026-06-03 09:33:00,ATM+2,PUT,229.45,229.85,219.8,223.9,265135,1648530,16.633552,23350,23273.5
2026-06-03 09:33:00,ATM+3,CALL,158.65,164.3,158.4,161.05,388180,5291130,16.198351,23400,23273.5
2026-06-03 09:33:00,ATM+3,PUT,258,258.8,246.9,252.5,287365,3899090,16.72481,23400,23273.5
2026-06-03 09:33:00,ATM+4,CALL,138.5,143.25,138.4,140.7,89570,2015845,16.205224,23450,23273.5
2026-06-03 09:33:00,ATM+4,PUT,288.5,288.5,276.5,281.4,56940,920205,16.687065,23450,23273.5
2026-06-03 09:33:00,ATM+5,CALL,120.3,124.45,120.3,122.7,307645,7499050,16.25202,23500,23273.5
2026-06-03 09:33:00,ATM+5,PUT,320.2,320.2,306.6,313.25,146185,4032535,16.742726,23500,23273.5
2026-06-03 09:33:00,ATM+6,CALL,104.25,107.8,103.95,105.85,192010,1667965,16.241985,23550,23273.5
2026-06-03 09:33:00,ATM+6,PUT,352.85,354,339.4,346,19175,397020,16.724203,23550,23273.5
2026-06-03 09:33:00,ATM+7,CALL,89.7,92.55,89.7,91.15,178880,4760470,16.269149,23600,23273.5
2026-06-03 09:33:00,ATM+7,PUT,388,388.1,374,380.9,45630,2194790,16.745574,23600,23273.5
2026-06-03 09:33:00,ATM+8,CALL,76.75,79.05,76.75,77.9,74360,1158560,16.279221,23650,23273.5
2026-06-03 09:33:00,ATM+8,PUT,426,426,412.2,421.45,14690,230815,17.164237,23650,23273.5
2026-06-03 09:33:00,ATM+9,CALL,65.5,67.45,65.45,66.5,196040,4678895,16.32248,23700,23273.5
2026-06-03 09:33:00,ATM+9,PUT,461,464.05,449.6,456.95,24635,2396810,16.951292,23700,23273.5
2026-06-03 09:33:00,ATM+10,CALL,55.7,57.3,55.7,56.35,65130,1153490,16.350303,23750,23273.5
2026-06-03 09:33:00,ATM+10,PUT,505,505,492.1,499.85,2990,135070,17.374134,23750,23273.5
2026-06-03 09:34:00,ATM-10,CALL,587.9,596.6,581.85,581.85,1430,1495,17.310564,22750,23248.85
2026-06-03 09:34:00,ATM-10,PUT,39.6,43,39.35,43,147095,917995,17.355375,22750,23248.85
2026-06-03 09:34:00,ATM-9,CALL,550.7,554.4,538,538,2990,82030,17.011193,22800,23248.85
2026-06-03 09:34:00,ATM-9,PUT,46.75,50.6,46.35,50.4,398060,3408730,17.221696,22800,23248.85
2026-06-03 09:34:00,ATM-8,CALL,509.7,512.85,496.9,496.9,780,8385,16.934012,22850,23248.85
2026-06-03 09:34:00,ATM-8,PUT,55,59.6,54.6,59.2,148070,702650,17.126509,22850,23248.85
2026-06-03 09:34:00,ATM-7,CALL,471.9,471.9,456.05,458.3,2990,56030,16.991318,22900,23248.85
2026-06-03 09:34:00,ATM-7,PUT,63.95,69.5,63.9,69.1,380445,2109965,17.017441,22900,23248.85
2026-06-03 09:34:00,ATM-6,CALL,429.55,432.35,418,418.55,2990,14625,16.776714,22950,23248.85
2026-06-03 09:34:00,ATM-6,PUT,74.7,81.15,74.65,80.8,189995,768560,16.956676,22950,23248.85
2026-06-03 09:34:00,ATM-5,CALL,395.45,395.75,381.1,383.4,39910,746200,16.876133,23000,23248.85
2026-06-03 09:34:00,ATM-5,PUT,87.3,94.05,87.2,93.95,852215,5188040,16.892266,23000,23248.85
2026-06-03 09:34:00,ATM-4,CALL,358.9,358.95,346.5,346.65,27040,73580,16.67,23050,23248.85
2026-06-03 09:34:00,ATM-4,PUT,101.1,109,100.95,108.65,273650,1016925,16.824838,23050,23248.85
2026-06-03 09:34:00,ATM-3,CALL,325.5,325.5,313.55,314.1,40105,329030,16.694865,23100,23248.85
2026-06-03 09:34:00,ATM-3,PUT,116.8,125.8,116.5,125.8,500435,2426125,16.825016,23100,23248.85
2026-06-03 09:34:00,ATM-2,CALL,293.05,293.05,281.85,282.8,31785,227045,16.670198,23150,23248.85
2026-06-03 09:34:00,ATM-2,PUT,135.3,144.3,134.05,143.55,313495,1040065,16.723728,23150,23248.85
2026-06-03 09:34:00,ATM-1,CALL,262.55,263,252.3,252.65,222755,1437150,16.58749,23200,23248.85
2026-06-03 09:34:00,ATM-1,PUT,154.5,164.95,154,164.95,747760,3385265,16.774765,23200,23248.85
2026-06-03 09:34:00,ATM,CALL,235,235,224.6,224.6,342160,1152515,16.522782,23250,23248.85
2026-06-03 09:34:00,ATM,PUT,175.75,187.9,175.7,187.25,958620,2210715,16.743233,23250,23248.85
2026-06-03 09:34:00,ATM+1,CALL,208.1,208.15,199.1,199.1,1021215,8065590,16.50859,23300,23248.85
2026-06-03 09:34:00,ATM+1,PUT,199.25,212,199.1,212,1789840,7110350,16.755589,23300,23248.85
2026-06-03 09:34:00,ATM+2,CALL,182.4,183.4,175.3,175.3,338000,2754765,16.474776,23350,23248.85
2026-06-03 09:34:00,ATM+2,PUT,225,238.55,223.9,238.55,424710,1688830,16.758832,23350,23248.85
2026-06-03 09:34:00,ATM+3,CALL,161.35,161.35,154.4,154.5,606450,5406960,16.529032,23400,23248.85
2026-06-03 09:34:00,ATM+3,PUT,251.65,266.8,251.65,266.55,441155,3934320,16.725514,23400,23248.85
2026-06-03 09:34:00,ATM+4,CALL,140.6,140.7,134.5,135,273390,2037815,16.536111,23450,23248.85
2026-06-03 09:34:00,ATM+4,PUT,282.55,297,281.4,297,131170,927225,16.740633,23450,23248.85
2026-06-03 09:34:00,ATM+5,CALL,122.05,122.7,117.2,117.7,479115,7598435,16.576074,23500,23248.85
2026-06-03 09:34:00,ATM+5,PUT,314.3,329.8,312.4,328.2,247910,4046640,16.66407,23500,23248.85
2026-06-03 09:34:00,ATM+6,CALL,105.45,105.85,101.35,101.35,204620,1630005,16.545413,23550,23248.85
2026-06-03 09:34:00,ATM+6,PUT,346.55,364.15,346,364.05,27755,397085,16.845787,23550,23248.85
2026-06-03 09:34:00,ATM+7,CALL,90.95,91.15,87.45,87.75,269815,4803825,16.614688,23600,23248.85
2026-06-03 09:34:00,ATM+7,PUT,380.65,399.4,380.65,398.4,74815,2197910,16.742647,23600,23248.85
2026-06-03 09:34:00,ATM+8,CALL,78,78,75.2,75.25,128960,1177085,16.642748,23650,23248.85
2026-06-03 09:34:00,ATM+8,PUT,423,437.9,421.45,437.9,8905,231855,16.990206,23650,23248.85
2026-06-03 09:34:00,ATM+9,CALL,66.2,66.5,64.35,64.65,206115,4736420,16.720193,23700,23248.85
2026-06-03 09:34:00,ATM+9,PUT,458.5,475.5,456.95,474.6,40300,2401360,16.808431,23700,23248.85
2026-06-03 09:34:00,ATM+10,CALL,56.5,56.55,54.75,54.75,114790,1162785,16.730134,23750,23248.85
2026-06-03 09:34:00,ATM+10,PUT,499.1,516.15,497.9,516.15,3770,135330,17.00513,23750,23248.85
2026-06-03 09:35:00,ATM-10,CALL,582,582,581.85,581.95,455,1495,15.56593,22750,23262.65
2026-06-03 09:35:00,ATM-10,PUT,42.9,43.9,40.75,40.9,236015,916760,17.350645,22750,23262.65
2026-06-03 09:35:00,ATM-9,CALL,538.2,549.15,536.5,549.15,4095,82810,16.968873,22800,23262.65
2026-06-03 09:35:00,ATM-9,PUT,50.5,51.8,47.9,47.9,520845,3403530,17.203833,22800,23262.65
2026-06-03 09:35:00,ATM-8,CALL,495.65,505.6,495.65,505.6,520,8840,16.640635,22850,23262.65
2026-06-03 09:35:00,ATM-8,PUT,59.2,60.55,56.05,56.25,174850,692510,17.096109,22850,23262.65
2026-06-03 09:35:00,ATM-7,CALL,456,468.45,455.35,466.75,6110,59475,16.737513,22900,23262.65
2026-06-03 09:35:00,ATM-7,PUT,69.05,70.85,65.7,65.7,445900,2133560,16.979347,22900,23262.65
2026-06-03 09:35:00,ATM-6,CALL,418.25,428,417.5,428,2015,16250,16.681304,22950,23262.65
2026-06-03 09:35:00,ATM-6,PUT,80.6,82.5,76.55,76.9,236730,745745,16.910702,22950,23262.65
2026-06-03 09:35:00,ATM-5,CALL,382.75,392.7,380.25,392,61945,757315,16.748471,23000,23262.65
2026-06-03 09:35:00,ATM-5,PUT,94.1,96,89.2,89.5,1047800,5129280,16.837017,23000,23262.65
2026-06-03 09:35:00,ATM-4,CALL,346.5,356.5,344,356.5,9165,63635,16.703375,23050,23262.65
2026-06-03 09:35:00,ATM-4,PUT,108.8,110.55,103.25,103.65,377455,1006460,16.763396,23050,23262.65
2026-06-03 09:35:00,ATM-3,CALL,313.05,322.7,313,321,45760,343980,16.510484,23100,23262.65
2026-06-03 09:35:00,ATM-3,PUT,125.25,127.6,119,119.7,562055,2450240,16.712074,23100,23262.65
2026-06-03 09:35:00,ATM-2,CALL,281.95,289.8,281.15,289.8,44265,236665,16.543333,23150,23262.65
2026-06-03 09:35:00,ATM-2,PUT,144.05,146.6,137.45,137.45,401895,1011595,16.656348,23150,23262.65
2026-06-03 09:35:00,ATM-1,CALL,252.85,260,251.6,260,271050,1516320,16.535315,23200,23262.65
2026-06-03 09:35:00,ATM-1,PUT,164.75,167.25,157.05,157.8,972985,3402490,16.665224,23200,23262.65
2026-06-03 09:35:00,ATM,CALL,225.1,231.6,224.05,231.55,460980,1284530,16.481893,23250,23262.65
2026-06-03 09:35:00,ATM,PUT,186.9,190,178.95,179.85,1084785,2178345,16.657682,23250,23262.65
2026-06-03 09:35:00,ATM+1,CALL,199.15,205.95,198.2,205,935350,8243690,16.426408,23300,23262.65
2026-06-03 09:35:00,ATM+1,PUT,211,214.7,202.4,203.2,1639170,7013890,16.600127,23300,23262.65
2026-06-03 09:35:00,ATM+2,CALL,176.1,181.1,174.85,180.85,351520,2806440,16.407529,23350,23262.65
2026-06-03 09:35:00,ATM+2,PUT,238.2,241,228.5,228.75,410930,1644370,16.564605,23350,23262.65
2026-06-03 09:35:00,ATM+3,CALL,154.35,159.3,154.1,159.3,495235,5483985,16.442627,23400,23262.65
2026-06-03 09:35:00,ATM+3,PUT,267,270,256.15,257.15,544440,3916445,16.604829,23400,23262.65
2026-06-03 09:35:00,ATM+4,CALL,134.85,138.9,134.4,138.7,203580,2123290,16.398869,23450,23262.65
2026-06-03 09:35:00,ATM+4,PUT,296.85,301,286.1,286.5,97500,903760,16.567915,23450,23262.65
2026-06-03 09:35:00,ATM+5,CALL,116.55,120.9,116.55,120.7,386295,7664800,16.416983,23500,23262.65
2026-06-03 09:35:00,ATM+5,PUT,329.95,333,317.75,319,219375,4028895,16.64231,23500,23262.65
2026-06-03 09:35:00,ATM+6,CALL,101.3,104.65,101.25,104.65,251745,1651585,16.450754,23550,23262.65
2026-06-03 09:35:00,ATM+6,PUT,363.85,366.85,351.75,352.25,24375,395590,16.630192,23550,23262.65
2026-06-03 09:35:00,ATM+7,CALL,87.55,90.2,87.4,90,265785,4834895,16.458311,23600,23262.65
2026-06-03 09:35:00,ATM+7,PUT,399.35,402,386,386.6,56160,2201745,16.560566,23600,23262.65
2026-06-03 09:35:00,ATM+8,CALL,75.2,77.4,74.9,77.15,108615,1180725,16.484923,23650,23262.65
2026-06-03 09:35:00,ATM+8,PUT,436.4,440.05,423.8,425.55,10855,235430,16.782273,23650,23262.65
2026-06-03 09:35:00,ATM+9,CALL,64.55,65.95,64.2,65.7,246480,4753710,16.502361,23700,23262.65
2026-06-03 09:35:00,ATM+9,PUT,476.1,480,463.1,463.2,41730,2404805,16.733479,23700,23262.65
2026-06-03 09:35:00,ATM+10,CALL,54.7,56.2,54.7,56.2,161785,1234415,16.584903,23750,23262.65
2026-06-03 09:35:00,ATM+10,PUT,516.95,519.3,502.05,503.55,6630,134160,16.826237,23750,23262.65
2026-06-03 09:36:00,ATM-10,CALL,581.95,581.95,581.95,581.95,0,1495,15.946654,22750,23259.9
2026-06-03 09:36:00,ATM-10,PUT,41.35,41.7,38.65,41.35,111800,926185,17.357948,22750,23259.9
2026-06-03 09:36:00,ATM-9,CALL,549.3,559.15,549.15,549.45,2275,84045,17.304783,22800,23259.9
2026-06-03 09:36:00,ATM-9,PUT,47.95,49.1,45.4,48.9,293865,3429530,17.273656,22800,23259.9
2026-06-03 09:36:00,ATM-8,CALL,511.75,515.85,505.6,507.55,390,9165,17.141618,22850,23259.9
2026-06-03 09:36:00,ATM-8,PUT,56.15,57.55,53.35,57.3,122785,708890,17.158709,22850,23259.9
2026-06-03 09:36:00,ATM-7,CALL,466.8,476.55,466.75,467.8,2145,60125,17.091674,22900,23259.9
2026-06-03 09:36:00,ATM-7,PUT,65.9,67.05,62.35,67.05,218660,2119065,17.062568,22900,23259.9
2026-06-03 09:36:00,ATM-6,CALL,431.2,435,422.4,422.4,1430,16835,16.318345,22950,23259.9
2026-06-03 09:36:00,ATM-6,PUT,77.55,78.5,73.1,78.3,136110,749255,16.985563,22950,23259.9
2026-06-03 09:36:00,ATM-5,CALL,392.75,399,387.4,387.75,44655,775840,16.531282,23000,23259.9
2026-06-03 09:36:00,ATM-5,PUT,89.1,91.4,85.3,91.15,745355,5080400,16.923534,23000,23259.9
2026-06-03 09:36:00,ATM-4,CALL,355.4,362.65,350.05,350.05,5005,64415,16.286668,23050,23259.9
2026-06-03 09:36:00,ATM-4,PUT,104,105.5,98.9,105.4,218205,1020435,16.846577,23050,23259.9
2026-06-03 09:36:00,ATM-3,CALL,321.65,328.7,317.6,317.8,40885,354575,16.389496,23100,23259.9
2026-06-03 09:36:00,ATM-3,PUT,120.6,121.75,114.1,121.6,380705,2481830,16.796613,23100,23259.9
2026-06-03 09:36:00,ATM-2,CALL,290.4,296,286,286,35425,258050,16.367024,23150,23259.9
2026-06-03 09:36:00,ATM-2,PUT,137,140.25,131.45,140.1,247650,1041430,16.793236,23150,23259.9
2026-06-03 09:36:00,ATM-1,CALL,258.95,265,255.5,256.2,247000,1605825,16.354866,23200,23259.9
2026-06-03 09:36:00,ATM-1,PUT,157.8,160.35,151,159.75,653575,3403595,16.732389,23200,23259.9
2026-06-03 09:36:00,ATM,CALL,230.85,236.65,227.75,227.75,375505,1350505,16.295673,23250,23259.9
2026-06-03 09:36:00,ATM,PUT,180,182.6,172.2,182.6,599235,2209805,16.780404,23250,23259.9
2026-06-03 09:36:00,ATM+1,CALL,205,209.8,201.55,201.95,936000,8570250,16.293343,23300,23259.9
2026-06-03 09:36:00,ATM+1,PUT,203.4,206.65,195.55,206.4,954395,6914765,16.749948,23300,23259.9
2026-06-03 09:36:00,ATM+2,CALL,181.2,184.95,177.7,177.9,308945,2933710,16.273362,23350,23259.9
2026-06-03 09:36:00,ATM+2,PUT,230.25,232.45,220.95,232.45,218725,1631825,16.746862,23350,23259.9
2026-06-03 09:36:00,ATM+3,CALL,158.25,162.4,156.15,156.35,421720,5554900,16.297943,23400,23259.9
2026-06-03 09:36:00,ATM+3,PUT,256.95,260.6,248,259.65,347490,3944395,16.682084,23400,23259.9
2026-06-03 09:36:00,ATM+4,CALL,138.7,141.7,136.05,136.4,193700,2170090,16.296688,23450,23259.9
2026-06-03 09:36:00,ATM+4,PUT,288.65,291.2,277.4,290.55,53495,892190,16.768384,23450,23259.9
2026-06-03 09:36:00,ATM+5,CALL,120.75,123.05,118.25,118.25,474760,7735325,16.289591,23500,23259.9
2026-06-03 09:36:00,ATM+5,PUT,318.05,323.4,309.05,323.1,137865,4022720,16.84471,23500,23259.9
2026-06-03 09:36:00,ATM+6,CALL,104.35,106.55,102,102.6,161720,1679860,16.345465,23550,23259.9
2026-06-03 09:36:00,ATM+6,PUT,353.9,356.45,341.9,356.3,12805,393185,16.827566,23550,23259.9
2026-06-03 09:36:00,ATM+7,CALL,89.9,91.75,88.05,88.25,233285,4878575,16.367274,23600,23259.9
2026-06-03 09:36:00,ATM+7,PUT,387.25,391.4,376.4,390.85,51740,2191800,16.778016,23600,23259.9
2026-06-03 09:36:00,ATM+8,CALL,76.8,78.5,75.45,75.55,81445,1194050,16.394664,23650,23259.9
2026-06-03 09:36:00,ATM+8,PUT,424.45,425.55,414.2,424.35,2795,237315,16.45665,23650,23259.9
2026-06-03 09:36:00,ATM+9,CALL,65.95,66.85,64.4,64.7,164385,4782960,16.461843,23700,23259.9
2026-06-03 09:36:00,ATM+9,PUT,462.3,468.95,451.5,468.6,13325,2402205,17.083092,23700,23259.9
2026-06-03 09:36:00,ATM+10,CALL,55.7,56.9,54.9,55.05,59995,1278875,16.51521,23750,23259.9
2026-06-03 09:36:00,ATM+10,PUT,501.6,508.4,493.25,508.4,6630,132210,17.130299,23750,23259.9
2026-06-03 09:37:00,ATM-10,CALL,581.95,581.95,581.95,581.95,0,1495,14.099953,22750,23272.1
2026-06-03 09:37:00,ATM-10,PUT,41.75,41.8,39.5,39.75,90675,930020,17.382873,22750,23272.1
2026-06-03 09:37:00,ATM-9,CALL,547.3,549.45,547.3,548.5,1105,83915,15.79074,22800,23272.1
2026-06-03 09:37:00,ATM-9,PUT,48.8,49.3,46.45,46.6,278980,3461705,17.239362,22800,23272.1
2026-06-03 09:37:00,ATM-8,CALL,506.65,507.55,506.65,506.65,130,9165,15.802633,22850,23272.1
2026-06-03 09:37:00,ATM-8,PUT,57.7,57.7,54.7,55.15,81965,717275,17.179463,22850,23272.1
2026-06-03 09:37:00,ATM-7,CALL,463.15,472.55,462.55,471.05,1300,60255,16.381629,22900,23272.1
2026-06-03 09:37:00,ATM-7,PUT,67.5,67.5,63.95,64.3,189215,2127255,17.050051,22900,23272.1
2026-06-03 09:37:00,ATM-6,CALL,423.75,432.25,422.4,431.9,910,16900,16.337559,22950,23272.1
2026-06-03 09:37:00,ATM-6,PUT,78.45,78.8,74.7,75.2,94965,765180,16.973292,22950,23272.1
2026-06-03 09:37:00,ATM-5,CALL,386.55,396,386.55,394.25,21710,781885,16.29475,23000,23272.1
2026-06-03 09:37:00,ATM-5,PUT,91.4,91.7,87.25,87.7,483860,5071495,16.914122,23000,23272.1
2026-06-03 09:37:00,ATM-4,CALL,350.2,358.15,350.05,357.25,3185,64870,16.163373,23050,23272.1
2026-06-03 09:37:00,ATM-4,PUT,105.9,105.9,100.8,101.6,156195,1068860,16.84167,23050,23272.1
2026-06-03 09:37:00,ATM-3,CALL,318.25,325,317.35,323.25,21450,357370,16.156217,23100,23272.1
2026-06-03 09:37:00,ATM-3,PUT,121.8,122.1,116.75,117.25,263835,2548910,16.780272,23100,23272.1
2026-06-03 09:37:00,ATM-2,CALL,286.6,292.8,285.3,291.45,20605,268320,16.180894,23150,23272.1
2026-06-03 09:37:00,ATM-2,PUT,139.9,141,134.5,135,202150,1084395,16.751062,23150,23272.1
2026-06-03 09:37:00,ATM-1,CALL,255.85,262.65,255.65,262,101075,1599325,16.241607,23200,23272.1
2026-06-03 09:37:00,ATM-1,PUT,160.55,160.8,154.2,155,393510,3416270,16.75774,23200,23272.1
2026-06-03 09:37:00,ATM,CALL,228.45,233.95,227.75,232.25,222235,1425775,16.116866,23250,23272.1
2026-06-03 09:37:00,ATM,PUT,183.05,183.05,176.05,176.45,406445,2262260,16.728996,23250,23272.1
2026-06-03 09:37:00,ATM+1,CALL,201.8,207.5,201.55,206.8,412880,8619650,16.183267,23300,23272.1
2026-06-03 09:37:00,ATM+1,PUT,206.65,207.25,199.6,200.2,597415,7069920,16.732648,23300,23272.1
2026-06-03 09:37:00,ATM+2,CALL,177.95,182.95,177.85,182.45,146900,2971540,16.177805,23350,23272.1
2026-06-03 09:37:00,ATM+2,PUT,232.65,233.45,225.3,225.65,133705,1620580,16.71879,23350,23272.1
2026-06-03 09:37:00,ATM+3,CALL,156.6,161,156.15,160.55,220220,5623930,16.211563,23400,23272.1
2026-06-03 09:37:00,ATM+3,PUT,261.3,261.3,252,253.75,177710,3988725,16.765581,23400,23272.1
2026-06-03 09:37:00,ATM+4,CALL,136.6,140.35,136.15,139.45,107575,2217735,16.151323,23450,23272.1
2026-06-03 09:37:00,ATM+4,PUT,291.25,291.3,281.4,283.8,32890,904930,16.820073,23450,23272.1
2026-06-03 09:37:00,ATM+5,CALL,118.65,121.9,118.25,121.45,235625,7816380,16.19183,23500,23272.1
2026-06-03 09:37:00,ATM+5,PUT,322.9,323.1,313.2,314.1,103350,4038060,16.741992,23500,23272.1
2026-06-03 09:37:00,ATM+6,CALL,102.3,105.2,102.3,105,104000,1732575,16.210493,23550,23272.1
2026-06-03 09:37:00,ATM+6,PUT,356.8,357.3,347.3,349,15340,395200,16.910359,23550,23272.1
2026-06-03 09:37:00,ATM+7,CALL,88.3,90.75,88.2,90,120185,4914910,16.203041,23600,23272.1
2026-06-03 09:37:00,ATM+7,PUT,391.35,391.5,381.5,382.9,24830,2166320,16.842675,23600,23272.1
2026-06-03 09:37:00,ATM+8,CALL,75.75,77.65,75.4,77.55,53755,1205360,16.284317,23650,23272.1
2026-06-03 09:37:00,ATM+8,PUT,429.7,429.7,420,420.4,3770,238485,16.96355,23650,23272.1
2026-06-03 09:37:00,ATM+9,CALL,64.55,66.1,64.45,66,127530,4808440,16.307154,23700,23272.1
2026-06-03 09:37:00,ATM+9,PUT,469.45,469.5,457.25,458.3,16380,2402400,16.982951,23700,23272.1
2026-06-03 09:37:00,ATM+10,CALL,55,56.3,54.9,56.05,39195,1301040,16.352002,23750,23272.1
2026-06-03 09:37:00,ATM+10,PUT,508.75,508.75,498.8,498.9,2405,133510,17.148891,23750,23272.1
2026-06-03 09:38:00,ATM-10,CALL,581.95,581.95,581.95,581.95,0,1495,14.689187,22750,23268.55
2026-06-03 09:38:00,ATM-10,PUT,39.5,40.65,38.7,40.45,80340,937300,17.410812,22750,23268.55
2026-06-03 09:38:00,ATM-9,CALL,553.8,555.95,548.5,552.3,1170,83915,16.734942,22800,23268.55
2026-06-03 09:38:00,ATM-9,PUT,46.7,47.85,45.55,47.6,261820,3494660,17.294454,22800,23268.55
2026-06-03 09:38:00,ATM-8,CALL,511.75,515,506.65,511.45,325,9295,16.770177,22850,23268.55
2026-06-03 09:38:00,ATM-8,PUT,55.15,56.25,53.6,56.05,63830,735280,17.208078,22850,23268.55
2026-06-03 09:38:00,ATM-7,CALL,471.05,473.4,466,466,650,60840,16.128935,22900,23268.55
2026-06-03 09:38:00,ATM-7,PUT,64.2,65.85,62.8,65.6,164775,2179775,17.111011,22900,23268.55
2026-06-03 09:38:00,ATM-6,CALL,431.9,434.75,431.9,432,715,17290,16.634675,22950,23268.55
2026-06-03 09:38:00,ATM-6,PUT,75.3,76.9,73.45,76.5,72930,773305,17.019967,22950,23268.55
2026-06-03 09:38:00,ATM-5,CALL,394.2,397.25,390,392,20150,786890,16.331651,23000,23268.55
2026-06-03 09:38:00,ATM-5,PUT,87.45,89.6,85.9,89.2,352495,5045300,16.967027,23000,23268.55
2026-06-03 09:38:00,ATM-4,CALL,357.75,359.5,354.3,355.9,3640,64935,16.271399,23050,23268.55
2026-06-03 09:38:00,ATM-4,PUT,101.7,103.6,99.45,103.55,114790,1104285,16.922839,23050,23268.55
2026-06-03 09:38:00,ATM-3,CALL,324.6,326,321,321.4,12870,360555,16.203637,23100,23268.55
2026-06-03 09:38:00,ATM-3,PUT,117.3,119.65,115.15,119.25,183820,2598245,16.851735,23100,23268.55
2026-06-03 09:38:00,ATM-2,CALL,292.25,293.75,288.2,289.7,16185,272935,16.223753,23150,23268.55
2026-06-03 09:38:00,ATM-2,PUT,134.9,137.75,132.45,137.5,138515,1131975,16.851792,23150,23268.55
2026-06-03 09:38:00,ATM-1,CALL,261.55,263.45,258.25,260,125450,1643200,16.251133,23200,23268.55
2026-06-03 09:38:00,ATM-1,PUT,155.3,158,152.15,157.6,297700,3459040,16.853235,23200,23268.55
2026-06-03 09:38:00,ATM,CALL,233.3,234.9,230,231.55,196755,1480895,16.221071,23250,23268.55
2026-06-03 09:38:00,ATM,PUT,176.1,180.3,173.85,179.25,356070,2353780,16.828274,23250,23268.55
2026-06-03 09:38:00,ATM+1,CALL,207.2,208.35,204,205.65,399100,8780135,16.238785,23300,23268.55
2026-06-03 09:38:00,ATM+1,PUT,200,203.5,197.05,203,444405,7157150,16.820165,23300,23268.55
2026-06-03 09:38:00,ATM+2,CALL,182.55,183.5,179.85,181.05,141895,3004755,16.201723,23350,23268.55
2026-06-03 09:38:00,ATM+2,PUT,225.4,229.5,222.7,228.9,104325,1620775,16.831875,23350,23268.55
2026-06-03 09:38:00,ATM+3,CALL,160.2,161.05,157.4,158.65,285025,5708690,16.183307,23400,23268.55
2026-06-03 09:38:00,ATM+3,PUT,254.2,257.85,250,256.65,151775,3977870,16.840173,23400,23268.55
2026-06-03 09:38:00,ATM+4,CALL,139.7,140.4,137.5,138.65,98150,2252510,16.203047,23450,23268.55
2026-06-03 09:38:00,ATM+4,PUT,283.25,287.35,279.45,287.1,36725,905840,16.918577,23450,23268.55
2026-06-03 09:38:00,ATM+5,CALL,121.7,122.1,119.75,120.8,280865,7887685,16.246683,23500,23268.55
2026-06-03 09:38:00,ATM+5,PUT,314,319,310.65,318.35,108940,3998605,16.913827,23500,23268.55
2026-06-03 09:38:00,ATM+6,CALL,105.05,105.6,103.2,104.25,73970,1754350,16.247085,23550,23268.55
2026-06-03 09:38:00,ATM+6,PUT,348.05,353.05,344.95,352,10270,400660,16.966392,23550,23268.55
2026-06-03 09:38:00,ATM+7,CALL,90.6,91,89.3,89.65,117390,4940975,16.267736,23600,23268.55
2026-06-03 09:38:00,ATM+7,PUT,382.05,387,378.5,386.05,19110,2165605,16.904057,23600,23268.55
2026-06-03 09:38:00,ATM+8,CALL,77.5,77.9,76.25,77,46345,1206790,16.321543,23650,23268.55
2026-06-03 09:38:00,ATM+8,PUT,420.35,425.1,416.5,423.7,12610,238810,17.03238,23650,23268.55
2026-06-03 09:38:00,ATM+9,CALL,66,66.4,65.05,65.5,145665,4846660,16.340841,23700,23268.55
2026-06-03 09:38:00,ATM+9,PUT,456.9,464.65,454.9,463.45,15340,2404610,17.238517,23700,23268.55
2026-06-03 09:38:00,ATM+10,CALL,56.05,56.45,55.3,55.9,36335,1317940,16.41745,23750,23268.55
2026-06-03 09:38:00,ATM+10,PUT,497.95,503.9,495.65,503.9,1560,134420,17.394584,23750,23268.55
2026-06-03 09:39:00,ATM-10,CALL,581.95,581.95,581.95,581.95,0,1495,14.04206,22750,23272.45
2026-06-03 09:39:00,ATM-10,PUT,40.15,40.5,38.85,39.35,98800,935480,17.334335,22750,23272.45
2026-06-03 09:39:00,ATM-9,CALL,551.6,553.85,550.85,550.85,2535,84435,16.084432,22800,23272.45
2026-06-03 09:39:00,ATM-9,PUT,47.35,47.75,45.8,46.55,169780,3495700,17.241949,22800,23272.45
2026-06-03 09:39:00,ATM-8,CALL,511.45,511.45,511.45,511.45,0,9295,16.377086,22850,23272.45
2026-06-03 09:39:00,ATM-8,PUT,55.5,56.15,53.85,54.6,55965,736125,17.122804,22850,23272.45
2026-06-03 09:39:00,ATM-7,CALL,466,469.75,466,468.3,585,61165,16.035409,22900,23272.45
2026-06-03 09:39:00,ATM-7,PUT,64.9,65.85,63.2,64.5,92300,2205515,17.082192,22900,23272.45
2026-06-03 09:39:00,ATM-6,CALL,430.65,432,427.95,427.95,455,17485,15.890093,22950,23272.45
2026-06-03 09:39:00,ATM-6,PUT,75.7,77.2,74.25,75.35,72865,770250,16.999178,22950,23272.45
2026-06-03 09:39:00,ATM-5,CALL,390.45,395.2,390,391.6,15015,790465,16.008323,23000,23272.45
2026-06-03 09:39:00,ATM-5,PUT,89,89.55,86.4,87.55,310895,5050305,16.910288,23000,23272.45
2026-06-03 09:39:00,ATM-4,CALL,356.15,357.3,354.35,356.45,1430,65325,16.067674,23050,23272.45
2026-06-03 09:39:00,ATM-4,PUT,102.7,103.55,100.2,101.4,82810,1121185,16.834506,23050,23272.45
2026-06-03 09:39:00,ATM-3,CALL,323.2,324.9,320,323.45,7345,362310,16.15541,23100,23272.45
2026-06-03 09:39:00,ATM-3,PUT,118.6,119.9,116.05,117.3,152425,2630420,16.796636,23100,23272.45
2026-06-03 09:39:00,ATM-2,CALL,291.15,292,289.3,290.6,6565,274430,16.091334,23150,23272.45
2026-06-03 09:39:00,ATM-2,PUT,135.75,138,133.3,135.15,84305,1147380,16.776479,23150,23272.45
2026-06-03 09:39:00,ATM-1,CALL,259.85,262.1,258.7,260,92820,1673880,16.060069,23200,23272.45
2026-06-03 09:39:00,ATM-1,PUT,156.05,158.2,153.45,154.8,223600,3508375,16.754512,23200,23272.45
2026-06-03 09:39:00,ATM,CALL,232.2,233.75,229.7,231.6,150410,1522560,16.050047,23250,23272.45
2026-06-03 09:39:00,ATM,PUT,178,180.3,175,177.4,250835,2398955,16.820756,23250,23272.45
2026-06-03 09:39:00,ATM+1,CALL,205.6,207,204.1,205.85,248170,8876010,16.093877,23300,23272.45
2026-06-03 09:39:00,ATM+1,PUT,202.2,203.95,198.4,200.7,341120,7214805,16.788304,23300,23272.45
2026-06-03 09:39:00,ATM+2,CALL,180.85,182.65,179.85,181.4,87490,3023215,16.081302,23350,23272.45
2026-06-03 09:39:00,ATM+2,PUT,228.6,230,223.75,226.5,80730,1620645,16.803917,23350,23272.45
2026-06-03 09:39:00,ATM+3,CALL,158.95,160.2,157.9,159.45,168220,5750485,16.110972,23400,23272.45
2026-06-03 09:39:00,ATM+3,PUT,255.45,257.7,251.3,254.4,116610,3983265,16.836248,23400,23272.45
2026-06-03 09:39:00,ATM+4,CALL,139.05,139.65,137.9,138.9,40690,2279030,16.095687,23450,23272.45
2026-06-03 09:39:00,ATM+4,PUT,284.8,288,281.4,284.95,14170,908245,16.93482,23450,23272.45
2026-06-03 09:39:00,ATM+5,CALL,120.75,121.4,119.85,120.7,178490,7924865,16.118265,23500,23272.45
2026-06-03 09:39:00,ATM+5,PUT,316.25,319.15,312.55,314.55,57330,3989180,16.801017,23500,23272.45
2026-06-03 09:39:00,ATM+6,CALL,104.75,104.8,103.55,104.5,59670,1780090,16.15741,23550,23272.45
2026-06-03 09:39:00,ATM+6,PUT,349.35,353.25,346.85,350.1,6110,400985,17.030244,23550,23272.45
2026-06-03 09:39:00,ATM+7,CALL,90,90.5,89.35,89.65,110045,4982705,16.162426,23600,23272.45
2026-06-03 09:39:00,ATM+7,PUT,384.15,388.3,380.2,384.75,13260,2163525,17.038959,23600,23272.45
2026-06-03 09:39:00,ATM+8,CALL,77.2,77.35,76.5,76.85,28730,1223235,16.207278,23650,23272.45
2026-06-03 09:39:00,ATM+8,PUT,425.2,425.2,420.3,420.3,1170,230945,16.980095,23650,23272.45
2026-06-03 09:39:00,ATM+9,CALL,65.5,65.9,65.15,65.5,73970,4869085,16.247124,23700,23272.45
2026-06-03 09:39:00,ATM+9,PUT,460.55,464.35,457,459.05,10530,2405520,17.090111,23700,23272.45
2026-06-03 09:39:00,ATM+10,CALL,56,56.05,55.5,55.5,22360,1335815,16.282446,23750,23272.45
2026-06-03 09:39:00,ATM+10,PUT,498.85,503.9,498.85,501.75,1365,134290,17.495965,23750,23272.45
2026-06-03 09:40:00,ATM-10,CALL,588.45,588.45,581.95,588.45,65,3315,15.692056,22750,23269.2
2026-06-03 09:40:00,ATM-10,PUT,40,42.4,39.35,40.5,100945,939185,17.432925,22750,23269.2
2026-06-03 09:40:00,ATM-9,CALL,548.15,550.85,542.8,550,715,83070,16.351651,22800,23269.2
2026-06-03 09:40:00,ATM-9,PUT,47.1,49.75,46.55,47.6,230945,3522545,17.310079,22800,23269.2
2026-06-03 09:40:00,ATM-8,CALL,511.45,511.45,511.45,511.45,0,9295,16.708058,22850,23269.2
2026-06-03 09:40:00,ATM-8,PUT,55.3,58.2,54.6,56.25,67600,746720,17.248234,22850,23269.2
2026-06-03 09:40:00,ATM-7,CALL,461.35,468.8,461.35,468.8,260,61360,16.392146,22900,23269.2
2026-06-03 09:40:00,ATM-7,PUT,64.55,67.7,64.5,65.65,172185,2225275,17.133592,22900,23269.2
2026-06-03 09:40:00,ATM-6,CALL,428.15,428.45,422.65,424.45,520,17810,15.785653,22950,23269.2
2026-06-03 09:40:00,ATM-6,PUT,75.7,79.65,75.35,76.35,98865,779935,17.022355,22950,23269.2
2026-06-03 09:40:00,ATM-5,CALL,392.5,394.2,386.45,392.75,36530,816270,16.360864,23000,23269.2
2026-06-03 09:40:00,ATM-5,PUT,87.65,92.85,87.55,88.8,480025,5049850,16.94698,23000,23269.2
2026-06-03 09:40:00,ATM-4,CALL,353.75,357.4,350.35,357.1,1430,65065,16.342919,23050,23269.2
2026-06-03 09:40:00,ATM-4,PUT,101.8,106.25,101.4,103,150410,1139060,16.892003,23050,23269.2
2026-06-03 09:40:00,ATM-3,CALL,321.3,324,316.35,323.35,27690,373880,16.340447,23100,23269.2
2026-06-03 09:40:00,ATM-3,PUT,118.6,123.5,117.3,119,241995,2660580,16.850669,23100,23269.2
2026-06-03 09:40:00,ATM-2,CALL,290.7,291.8,285,290.6,16185,275340,16.267907,23150,23269.2
2026-06-03 09:40:00,ATM-2,PUT,136.75,141.95,135.15,137,161460,1173380,16.831502,23150,23269.2
2026-06-03 09:40:00,ATM-1,CALL,259,261.15,255,260.6,98540,1711775,16.271244,23200,23269.2
2026-06-03 09:40:00,ATM-1,PUT,156.55,162.1,154.8,157.3,417560,3547635,16.852068,23200,23269.2
2026-06-03 09:40:00,ATM,CALL,231,232.65,227.65,232.65,152880,1567995,16.283689,23250,23269.2
2026-06-03 09:40:00,ATM,PUT,177.65,183.35,177.4,179,467220,2446015,16.833198,23250,23269.2
2026-06-03 09:40:00,ATM+1,CALL,205,206.5,201.4,206.2,401895,8950175,16.258451,23300,23269.2
2026-06-03 09:40:00,ATM+1,PUT,202.7,208.55,200.7,202,787410,7263165,16.766336,23300,23269.2
2026-06-03 09:40:00,ATM+2,CALL,180.5,182,177.25,181.85,154895,3035435,16.243748,23350,23269.2
2026-06-03 09:40:00,ATM+2,PUT,228.5,234.85,226.5,228.1,143390,1622400,16.796154,23350,23269.2
2026-06-03 09:40:00,ATM+3,CALL,158.5,159.7,156.2,159.45,195065,5790980,16.227872,23400,23269.2
2026-06-03 09:40:00,ATM+3,PUT,254.35,261.7,254.35,255.65,167245,3975465,16.789644,23400,23269.2
2026-06-03 09:40:00,ATM+4,CALL,138.35,139.35,135.95,138.8,73450,2295930,16.19613,23450,23269.2
2026-06-03 09:40:00,ATM+4,PUT,286,293.2,284,285.25,30030,908895,16.797953,23450,23269.2
2026-06-03 09:40:00,ATM+5,CALL,120.85,121,118.5,121,211250,7956650,16.245877,23500,23269.2
2026-06-03 09:40:00,ATM+5,PUT,317.85,324.15,314.55,317,124930,3988465,16.834637,23500,23269.2
2026-06-03 09:40:00,ATM+6,CALL,103.75,104.5,102.2,104.2,63700,1796275,16.225746,23550,23269.2
2026-06-03 09:40:00,ATM+6,PUT,350.75,358.95,350,350.65,11570,401440,16.886126,23550,23269.2
2026-06-03 09:40:00,ATM+7,CALL,89.7,90.1,88,90.1,123370,5000320,16.294576,23600,23269.2
2026-06-03 09:40:00,ATM+7,PUT,386.05,393.05,384.25,385.1,18005,2163395,16.859276,23600,23269.2
2026-06-03 09:40:00,ATM+8,CALL,76.6,77,75.45,76.85,72605,1230255,16.291783,23650,23269.2
2026-06-03 09:40:00,ATM+8,PUT,424.15,429.8,420.3,423.75,2730,230945,17.085436,23650,23269.2
2026-06-03 09:40:00,ATM+9,CALL,65.45,65.55,64.4,65.5,150605,4892875,16.327035,23700,23269.2
2026-06-03 09:40:00,ATM+9,PUT,458.95,469.9,458.95,461,22360,2402660,17.035446,23700,23269.2
2026-06-03 09:40:00,ATM+10,CALL,55.5,55.8,54.8,55.75,38415,1343745,16.387115,23750,23269.2
2026-06-03 09:40:00,ATM+10,PUT,503.3,510.35,501.75,502.15,1300,135200,17.257878,23750,23269.2
2026-06-03 09:41:00,ATM-10,CALL,585.7,588.45,585.1,585.1,195,3380,15.900246,22750,23263.9
2026-06-03 09:41:00,ATM-10,PUT,40.55,42.5,40.5,41.35,49335,940485,17.444714,22750,23263.9
2026-06-03 09:41:00,ATM-9,CALL,551.8,551.8,542,542,2015,83135,15.868732,22800,23263.9
2026-06-03 09:41:00,ATM-9,PUT,47.25,50.15,47.25,48.65,194870,3490760,17.332301,22800,23263.9
2026-06-03 09:41:00,ATM-8,CALL,503.35,511.45,503.35,503.35,65,9490,16.247614,22850,23263.9
2026-06-03 09:41:00,ATM-8,PUT,55.7,58.65,55.7,56.9,72410,749905,17.20638,22850,23263.9
2026-06-03 09:41:00,ATM-7,CALL,463.55,468.8,460,464.2,1105,61295,16.349075,22900,23263.9
2026-06-03 09:41:00,ATM-7,PUT,65.35,68.65,65.35,66.85,128115,2244580,17.140355,22900,23263.9
2026-06-03 09:41:00,ATM-6,CALL,428.35,428.35,423.45,425.15,1300,18265,16.29313,22950,23263.9
2026-06-03 09:41:00,ATM-6,PUT,76.7,80,76.35,77.7,75920,799240,17.029055,22950,23263.9
2026-06-03 09:41:00,ATM-5,CALL,394,394,384.4,389.65,21385,819325,16.438647,23000,23263.9
2026-06-03 09:41:00,ATM-5,PUT,88.55,92.95,88.55,90.2,345540,5038280,16.942675,23000,23263.9
2026-06-03 09:41:00,ATM-4,CALL,353.4,357.1,350,352.75,3705,65260,16.284455,23050,23263.9
2026-06-03 09:41:00,ATM-4,PUT,102.7,107.5,102.7,105.2,100295,1151345,16.94556,23050,23263.9
2026-06-03 09:41:00,ATM-3,CALL,323.9,323.9,316.05,320.35,20475,380575,16.387255,23100,23263.9
2026-06-03 09:41:00,ATM-3,PUT,119.25,123.55,119,120.4,166400,2655250,16.815765,23100,23263.9
2026-06-03 09:41:00,ATM-2,CALL,289.85,290.6,284.35,288.15,13065,281905,16.343443,23150,23263.9
2026-06-03 09:41:00,ATM-2,PUT,137.5,142.35,136.1,138.75,124020,1188005,16.811372,23150,23263.9
2026-06-03 09:41:00,ATM-1,CALL,261,261,254.6,258.15,88335,1724970,16.327989,23200,23263.9
2026-06-03 09:41:00,ATM-1,PUT,156.5,162.25,156.5,158.95,311350,3562780,16.807872,23200,23263.9
2026-06-03 09:41:00,ATM,CALL,232.2,232.65,226.6,229.5,112515,1611350,16.265561,23250,23263.9
2026-06-03 09:41:00,ATM,PUT,178.6,184.95,178.6,181.65,336570,2492360,16.854909,23250,23263.9
2026-06-03 09:41:00,ATM+1,CALL,205.8,206.2,200.95,204.05,348465,9004580,16.304482,23300,23263.9
2026-06-03 09:41:00,ATM+1,PUT,202.6,209.3,202,204.85,507000,7277400,16.787732,23300,23263.9
2026-06-03 09:41:00,ATM+2,CALL,182,182,177.05,179.55,160810,3041805,16.26072,23350,23263.9
2026-06-03 09:41:00,ATM+2,PUT,227.25,235.15,227.25,230.65,118365,1617330,16.776808,23350,23263.9
2026-06-03 09:41:00,ATM+3,CALL,159.75,159.75,155.35,157.5,164060,5820360,16.256717,23400,23263.9
2026-06-03 09:41:00,ATM+3,PUT,254.5,263.4,254.5,259,148135,3967990,16.819234,23400,23263.9
2026-06-03 09:41:00,ATM+4,CALL,138.75,138.8,135.45,137.95,53885,2310815,16.300828,23450,23263.9
2026-06-03 09:41:00,ATM+4,PUT,286,293.4,285.25,288.6,25935,910325,16.811619,23450,23263.9
2026-06-03 09:41:00,ATM+5,CALL,121.05,121.05,118,119.8,179335,7999355,16.306543,23500,23263.9
2026-06-03 09:41:00,ATM+5,PUT,316.25,325.3,316.25,320.75,68510,3985475,16.866777,23500,23263.9
2026-06-03 09:41:00,ATM+6,CALL,104.1,104.3,101.9,103.5,70460,1808560,16.316834,23550,23263.9
2026-06-03 09:41:00,ATM+6,PUT,354.3,359.8,350.65,353.8,7605,403845,16.849316,23550,23263.9
2026-06-03 09:41:00,ATM+7,CALL,89.8,90.1,87.8,89.2,156715,5018000,16.354419,23600,23263.9
2026-06-03 09:41:00,ATM+7,PUT,389.7,394.9,385.1,388.8,28210,2162095,16.855613,23600,23263.9
2026-06-03 09:41:00,ATM+8,CALL,76.9,76.9,75.15,76.3,75855,1237795,16.37329,23650,23263.9
2026-06-03 09:41:00,ATM+8,PUT,422.4,430.15,422.4,429.45,2470,230750,17.26399,23650,23263.9
2026-06-03 09:41:00,ATM+9,CALL,65.75,65.75,64.15,65,191425,4921215,16.402616,23700,23263.9
2026-06-03 09:41:00,ATM+9,PUT,461.3,472.25,461,467.2,8515,2402595,17.261393,23700,23263.9
2026-06-03 09:41:00,ATM+10,CALL,55.65,55.75,54.6,55.35,30680,1350635,16.463472,23750,23263.9
2026-06-03 09:41:00,ATM+10,PUT,506.55,512.4,502.15,512.4,1365,135720,17.93164,23750,23263.9
2026-06-03 09:42:00,ATM-10,CALL,585.1,585.1,585.1,585.1,0,3380,14.777604,22750,23271.55
2026-06-03 09:42:00,ATM-10,PUT,41.8,41.8,39.3,39.75,83265,950625,17.375845,22750,23271.55
2026-06-03 09:42:00,ATM-9,CALL,545.2,556.1,542,549.9,3315,83590,16.062997,22800,23271.55
2026-06-03 09:42:00,ATM-9,PUT,48.9,48.95,46.3,47.1,179660,3472430,17.297087,22800,23271.55
2026-06-03 09:42:00,ATM-8,CALL,514,514,503.35,512.1,195,9490,16.553855,22850,23271.55
2026-06-03 09:42:00,ATM-8,PUT,57.45,57.65,54.4,55.25,49075,745355,17.183217,22850,23271.55
2026-06-03 09:42:00,ATM-7,CALL,463.8,471.55,463.8,466.9,780,62140,15.96048,22900,23271.55
2026-06-03 09:42:00,ATM-7,PUT,67.05,67.25,63.6,64.6,151190,2252055,17.07448,22900,23271.55
2026-06-03 09:42:00,ATM-6,CALL,428.7,433.55,425.15,429.2,585,18395,16.101931,22950,23271.55
2026-06-03 09:42:00,ATM-6,PUT,78.35,78.45,74.25,75.6,92690,799890,17.005071,22950,23271.55
2026-06-03 09:42:00,ATM-5,CALL,388.05,396.95,388.05,394,18720,822900,16.316052,23000,23271.55
2026-06-03 09:42:00,ATM-5,PUT,91.2,91.2,86.55,87.85,477555,5050305,16.918192,23000,23271.55
2026-06-03 09:42:00,ATM-4,CALL,352.05,360.05,352.05,357.5,4420,66625,16.228704,23050,23271.55
2026-06-03 09:42:00,ATM-4,PUT,105.4,105.4,100.3,102.7,107120,1153165,16.931826,23050,23271.55
2026-06-03 09:42:00,ATM-3,CALL,319.85,327,319.85,323.6,19890,388505,16.22573,23100,23271.55
2026-06-03 09:42:00,ATM-3,PUT,121.5,121.5,115.65,117.8,215475,2672930,16.816369,23100,23271.55
2026-06-03 09:42:00,ATM-2,CALL,287.7,294.65,287.1,290,19630,282035,16.092005,23150,23271.55
2026-06-03 09:42:00,ATM-2,PUT,139.65,139.65,133.45,135.4,159185,1198795,16.771497,23150,23271.55
2026-06-03 09:42:00,ATM-1,CALL,257.25,263.9,257.2,261.8,125710,1742130,16.257536,23200,23271.55
2026-06-03 09:42:00,ATM-1,PUT,159.8,159.85,152.9,155.45,340210,3574545,16.780142,23200,23271.55
2026-06-03 09:42:00,ATM,CALL,228.95,235,228.9,232.4,181675,1632345,16.159327,23250,23271.55
2026-06-03 09:42:00,ATM,PUT,182.4,182.4,174.55,177.15,390975,2502565,16.769719,23250,23271.55
2026-06-03 09:42:00,ATM+1,CALL,203,208.6,202.9,207,502190,9074260,16.227624,23300,23271.55
2026-06-03 09:42:00,ATM+1,PUT,206.45,206.45,198,200.95,533520,7294690,16.775351,23300,23271.55
2026-06-03 09:42:00,ATM+2,CALL,179.6,183.5,178.7,182.25,156390,3081130,16.187951,23350,23271.55
2026-06-03 09:42:00,ATM+2,PUT,232.05,232.05,223.35,226.25,116025,1615185,16.747596,23350,23271.55
2026-06-03 09:42:00,ATM+3,CALL,157.1,161.5,156.65,160,273910,5821205,16.191256,23400,23271.55
2026-06-03 09:42:00,ATM+3,PUT,259.5,260.45,250.7,254.5,178620,3949270,16.805157,23400,23271.55
2026-06-03 09:42:00,ATM+4,CALL,136.95,140.85,136.95,139.65,103935,2328950,16.1914,23450,23271.55
2026-06-03 09:42:00,ATM+4,PUT,289.85,290.1,280,283.8,42770,908700,16.795963,23450,23271.55
2026-06-03 09:42:00,ATM+5,CALL,119.15,122.1,119.15,121.45,235105,8022950,16.213923,23500,23271.55
2026-06-03 09:42:00,ATM+5,PUT,321.3,321.3,311.6,315,72995,3981705,16.792538,23500,23271.55
2026-06-03 09:42:00,ATM+6,CALL,103.25,105.55,102.65,104.7,109980,1833130,16.204517,23550,23271.55
2026-06-03 09:42:00,ATM+6,PUT,355.6,355.75,344.4,349.35,12025,402545,16.91194,23550,23271.55
2026-06-03 09:42:00,ATM+7,CALL,88.8,90.9,88.75,90.25,179920,5058820,16.246602,23600,23271.55
2026-06-03 09:42:00,ATM+7,PUT,388.2,389.8,379.7,384,22425,2160080,16.912228,23600,23271.55
2026-06-03 09:42:00,ATM+8,CALL,76.05,77.75,75.95,77.2,54795,1238185,16.26841,23650,23271.55
2026-06-03 09:42:00,ATM+8,PUT,428.7,429.45,417.5,422.85,8320,230230,17.167186,23650,23271.55
2026-06-03 09:42:00,ATM+9,CALL,64.65,66.15,64.65,65.7,149435,4956900,16.293349,23700,23271.55
2026-06-03 09:42:00,ATM+9,PUT,466.85,467.2,455.7,459.9,12155,2401945,17.108933,23700,23271.55
2026-06-03 09:42:00,ATM+10,CALL,55.1,56.4,55.1,56.1,52715,1354275,16.37534,23750,23271.55
2026-06-03 09:42:00,ATM+10,PUT,502.5,512.4,496.8,502.25,2665,135005,17.474968,23750,23271.55
2026-06-03 09:43:00,ATM-10,CALL,585.1,585.1,585.1,585.1,0,3380,16.402374,22750,23260.15
2026-06-03 09:43:00,ATM-10,PUT,39.85,41.75,39.3,41.75,65845,951795,17.424914,22750,23260.15
2026-06-03 09:43:00,ATM-9,CALL,553.3,553.3,549.05,549.05,845,83850,17.236706,22800,23260.15
2026-06-03 09:43:00,ATM-9,PUT,47.15,49.35,46.3,49.35,176475,3483090,17.342365,22800,23260.15
2026-06-03 09:43:00,ATM-8,CALL,508.9,512.1,508.25,508.25,195,9555,17.209633,22850,23260.15
2026-06-03 09:43:00,ATM-8,PUT,55.35,57.8,54.45,57.8,57850,750035,17.229001,22850,23260.15
2026-06-03 09:43:00,ATM-7,CALL,471,471,465.85,465.85,715,62400,16.865311,22900,23260.15
2026-06-03 09:43:00,ATM-7,PUT,64.55,67.55,63.85,67.55,119080,2283060,17.128843,22900,23260.15
2026-06-03 09:43:00,ATM-6,CALL,431.9,431.9,426.3,426.3,1560,18720,16.71106,22950,23260.15
2026-06-03 09:43:00,ATM-6,PUT,75.5,78.8,74.8,78.7,77285,799500,17.038325,22950,23260.15
2026-06-03 09:43:00,ATM-5,CALL,394.45,395,387.8,387.8,22945,825695,16.526849,23000,23260.15
2026-06-03 09:43:00,ATM-5,PUT,88.05,92,87,92,272220,5086315,17.017497,23000,23260.15
2026-06-03 09:43:00,ATM-4,CALL,356.95,357.7,350.65,350.65,2275,67015,16.334023,23050,23260.15
2026-06-03 09:43:00,ATM-4,PUT,102.2,106.55,100.8,106.55,103545,1159730,16.964231,23050,23260.15
2026-06-03 09:43:00,ATM-3,CALL,323.7,325,318.6,318.6,12415,389805,16.4533,23100,23260.15
2026-06-03 09:43:00,ATM-3,PUT,117.5,122.75,116.75,122.75,138905,2701335,16.910288,23100,23260.15
2026-06-03 09:43:00,ATM-2,CALL,291.45,292.65,286.8,287.85,7930,284635,16.518635,23150,23260.15
2026-06-03 09:43:00,ATM-2,PUT,136.4,141.65,134.25,141.65,137930,1221285,16.937898,23150,23260.15
2026-06-03 09:43:00,ATM-1,CALL,261.6,262.4,256.2,256.65,65065,1763385,16.387646,23200,23260.15
2026-06-03 09:43:00,ATM-1,PUT,155.6,160.65,154,160.55,274755,3598010,16.812379,23200,23260.15
2026-06-03 09:43:00,ATM,CALL,232.45,233.65,228.1,228.1,108745,1666275,16.320559,23250,23260.15
2026-06-03 09:43:00,ATM,PUT,177.05,183,176,182.9,242320,2528825,16.819255,23250,23260.15
2026-06-03 09:43:00,ATM+1,CALL,206.45,207.5,202.25,202.25,315315,9208290,16.314765,23300,23260.15
2026-06-03 09:43:00,ATM+1,PUT,200.55,207,199.3,206.7,405470,7276685,16.78927,23300,23260.15
2026-06-03 09:43:00,ATM+2,CALL,181.7,182.7,178,178,95940,3098875,16.279287,23350,23260.15
2026-06-03 09:43:00,ATM+2,PUT,226.3,233.4,224.4,233.4,83785,1595945,16.839762,23350,23260.15
2026-06-03 09:43:00,ATM+3,CALL,160.1,160.5,156.45,156.45,174655,5880810,16.304578,23400,23260.15
2026-06-03 09:43:00,ATM+3,PUT,254.05,262.45,252.25,262.45,101790,3931070,16.92885,23400,23260.15
2026-06-03 09:43:00,ATM+4,CALL,139.7,139.95,136.3,136.3,75205,2328495,16.287195,23450,23260.15
2026-06-03 09:43:00,ATM+4,PUT,283.55,291,282.15,291,37960,902330,16.823643,23450,23260.15
2026-06-03 09:43:00,ATM+5,CALL,121,121.8,118.4,118.4,176930,8048300,16.302042,23500,23260.15
2026-06-03 09:43:00,ATM+5,PUT,315.2,324.75,312.75,324.75,61555,3931200,17.005965,23500,23260.15
2026-06-03 09:43:00,ATM+6,CALL,104.6,105,102.75,102.75,58695,1846780,16.358901,23550,23260.15
2026-06-03 09:43:00,ATM+6,PUT,349,355.65,347.7,355.05,8775,403195,16.734564,23550,23260.15
2026-06-03 09:43:00,ATM+7,CALL,90,90.4,88.3,88.3,137605,5115305,16.372261,23600,23260.15
2026-06-03 09:43:00,ATM+7,PUT,384,391.3,382,391.3,13455,2160145,16.841565,23600,23260.15
2026-06-03 09:43:00,ATM+8,CALL,77.15,77.35,75.75,75.75,33930,1246180,16.415478,23650,23260.15
2026-06-03 09:43:00,ATM+8,PUT,420.9,428.3,419.85,428.3,1560,231530,16.876255,23650,23260.15
2026-06-03 09:43:00,ATM+9,CALL,65.8,65.95,64.4,64.4,116935,4978155,16.430227,23700,23260.15
2026-06-03 09:43:00,ATM+9,PUT,459.75,469,456.95,469,7800,2400385,17.149615,23700,23260.15
2026-06-03 09:43:00,ATM+10,CALL,55.75,56.1,55,55,29315,1376960,16.510552,23750,23260.15
2026-06-03 09:43:00,ATM+10,PUT,500,507.65,498,507.65,2015,136630,17.071094,23750,23260.15
2026-06-03 09:44:00,ATM-10,CALL,584.7,585.1,583.8,584.7,455,3575,15.098336,22750,23269.05
2026-06-03 09:44:00,ATM-10,PUT,42.25,42.85,40.05,40.3,80080,948675,17.404812,22750,23269.05
2026-06-03 09:44:00,ATM-9,CALL,541.3,552,540,552,2275,84890,16.646345,22800,23269.05
2026-06-03 09:44:00,ATM-9,PUT,49.75,50.25,47.15,47.5,215280,3511690,17.297203,22800,23269.05
2026-06-03 09:44:00,ATM-8,CALL,504.5,508.25,503.5,503.5,195,9685,15.733122,22850,23269.05
2026-06-03 09:44:00,ATM-8,PUT,58.45,59.1,55.35,56.05,73125,741325,17.224293,22850,23269.05
2026-06-03 09:44:00,ATM-7,CALL,460.75,469,458.55,468.8,1105,62855,16.410779,22900,23269.05
2026-06-03 09:44:00,ATM-7,PUT,68.2,69.05,64.95,65.55,169455,2285010,17.122223,22900,23269.05
2026-06-03 09:44:00,ATM-6,CALL,420.8,426.3,419.75,425.85,585,19565,15.95274,22950,23269.05
2026-06-03 09:44:00,ATM-6,PUT,79.8,80.5,76,76.5,94640,796120,17.037295,22950,23269.05
2026-06-03 09:44:00,ATM-5,CALL,385.9,394.65,383.65,393,15990,834730,16.401063,23000,23269.05
2026-06-03 09:44:00,ATM-5,PUT,92.5,93.5,88.05,88.6,510120,5041465,16.926727,23000,23269.05
2026-06-03 09:44:00,ATM-4,CALL,348.7,358,348,358,2275,68120,16.44093,23050,23269.05
2026-06-03 09:44:00,ATM-4,PUT,106.65,108,102.1,102.75,107510,1165450,16.867858,23050,23269.05
2026-06-03 09:44:00,ATM-3,CALL,316.4,324.4,315,323.2,15860,393120,16.340528,23100,23269.05
2026-06-03 09:44:00,ATM-3,PUT,123.15,124.65,118,118.45,205920,2708875,16.800738,23100,23269.05
2026-06-03 09:44:00,ATM-2,CALL,284.55,292.7,283.15,291.15,15470,283465,16.327369,23150,23269.05
2026-06-03 09:44:00,ATM-2,PUT,141.45,143,135.7,136.5,137410,1203605,16.787175,23150,23269.05
2026-06-03 09:44:00,ATM-1,CALL,255,262,253.25,261.45,121420,1753115,16.353565,23200,23269.05
2026-06-03 09:44:00,ATM-1,PUT,162,163.7,155,156.25,362960,3593135,16.762837,23200,23269.05
2026-06-03 09:44:00,ATM,CALL,227,233.6,225.5,232.3,138255,1696370,16.266159,23250,23269.05
2026-06-03 09:44:00,ATM,PUT,184.2,186.2,177.5,178.75,436670,2513290,16.810257,23250,23269.05
2026-06-03 09:44:00,ATM+1,CALL,201.7,207,200,205.6,521300,9232470,16.220311,23300,23269.05
2026-06-03 09:44:00,ATM+1,PUT,208.2,210.35,201.05,201.8,685360,7247110,16.74711,23300,23269.05
2026-06-03 09:44:00,ATM+2,CALL,177.4,182.45,176,182.05,161980,3117400,16.269877,23350,23269.05
2026-06-03 09:44:00,ATM+2,PUT,234.15,236.2,225.95,227.3,143455,1599065,16.727722,23350,23269.05
2026-06-03 09:44:00,ATM+3,CALL,156.15,160.2,154.55,159.6,303355,5943275,16.249621,23400,23269.05
2026-06-03 09:44:00,ATM+3,PUT,263,264.55,254.05,255.1,147810,3913910,16.740397,23400,23269.05
2026-06-03 09:44:00,ATM+4,CALL,135.75,139.75,134.75,139.25,86840,2327195,16.242874,23450,23269.05
2026-06-03 09:44:00,ATM+4,PUT,292.45,295.15,283.2,285.35,54405,897650,16.801474,23450,23269.05
2026-06-03 09:44:00,ATM+5,CALL,118.3,121.3,117.2,120.85,232375,8099130,16.241578,23500,23269.05
2026-06-03 09:44:00,ATM+5,PUT,324.9,326.35,314.5,316.35,70980,3934775,16.773097,23500,23269.05
2026-06-03 09:44:00,ATM+6,CALL,102,104.7,101.05,104.25,65650,1855295,16.238584,23550,23269.05
2026-06-03 09:44:00,ATM+6,PUT,359,361.45,348,350.85,10790,402740,16.897531,23550,23269.05
2026-06-03 09:44:00,ATM+7,CALL,88,90,87.15,89.5,152100,5079750,16.245871,23600,23269.05
2026-06-03 09:44:00,ATM+7,PUT,393.3,395.6,382.95,384.4,21710,2160015,16.786256,23600,23269.05
2026-06-03 09:44:00,ATM+8,CALL,75.3,77,74.5,76.6,69095,1246050,16.274488,23650,23269.05
2026-06-03 09:44:00,ATM+8,PUT,431.15,433.45,420.65,421.2,2405,231920,16.825362,23650,23269.05
2026-06-03 09:44:00,ATM+9,CALL,64.35,65.7,63.6,65.55,163150,4980105,16.339969,23700,23269.05
2026-06-03 09:44:00,ATM+9,PUT,470.8,472.3,459,459.75,8710,2400125,16.89427,23700,23269.05
2026-06-03 09:44:00,ATM+10,CALL,54.8,55.7,54.1,55.6,66430,1384760,16.37713,23750,23269.05
2026-06-03 09:44:00,ATM+10,PUT,510,510,500,500,975,136890,17.005608,23750,23269.05
2026-06-03 09:45:00,ATM-10,CALL,584.7,584.7,584.7,584.7,0,3575,15.591179,22750,23265.7
2026-06-03 09:45:00,ATM-10,PUT,40.65,41.85,40.3,41.75,69485,950040,17.541347,22750,23265.7
2026-06-03 09:45:00,ATM-9,CALL,548.15,552,545.15,545.15,650,85410,16.099559,22800,23265.7
2026-06-03 09:45:00,ATM-9,PUT,47.5,49.2,47.5,49,155675,3540225,17.419482,22800,23265.7
2026-06-03 09:45:00,ATM-8,CALL,509.3,509.85,503.5,509.85,520,9685,16.867174,22850,23265.7
2026-06-03 09:45:00,ATM-8,PUT,56.1,57.9,55.9,57.55,122200,746655,17.327403,22850,23265.7
2026-06-03 09:45:00,ATM-7,CALL,467.75,468.8,466.15,466.15,325,63180,16.413183,22900,23265.7
2026-06-03 09:45:00,ATM-7,PUT,65.25,67.6,65.25,67.15,112580,2274740,17.219513,22900,23265.7
2026-06-03 09:45:00,ATM-6,CALL,425.85,428.25,425.85,428.25,260,19695,16.478632,22950,23265.7
2026-06-03 09:45:00,ATM-6,PUT,76.5,78.9,76.2,78.45,90805,833300,17.15453,22950,23265.7
2026-06-03 09:45:00,ATM-5,CALL,392.1,393,388,389,13845,835705,16.250631,23000,23265.7
2026-06-03 09:45:00,ATM-5,PUT,89,91.55,88.6,90.95,260390,5040360,17.066279,23000,23265.7
2026-06-03 09:45:00,ATM-4,CALL,357.15,358,352.1,352.35,5850,68835,16.135145,23050,23265.7
2026-06-03 09:45:00,ATM-4,PUT,102.9,106,102.6,105.4,108810,1173835,17.017969,23050,23265.7
2026-06-03 09:45:00,ATM-3,CALL,322.2,323.2,319,319.75,9295,399555,16.233307,23100,23265.7
2026-06-03 09:45:00,ATM-3,PUT,119.3,121.75,118.45,121.3,146510,2717650,16.9521,23100,23265.7
2026-06-03 09:45:00,ATM-2,CALL,290,291.15,286.9,286.9,8775,287170,16.145288,23150,23265.7
2026-06-03 09:45:00,ATM-2,PUT,137.5,140.25,136.55,139.55,86580,1211990,16.940159,23150,23265.7
2026-06-03 09:45:00,ATM-1,CALL,260.65,261.45,256.85,257.8,71890,1782690,16.215579,23200,23265.7
2026-06-03 09:45:00,ATM-1,PUT,156.75,160.5,156.25,159.1,212030,3604510,16.885161,23200,23265.7
2026-06-03 09:45:00,ATM,CALL,232,232.3,228.6,229.1,129935,1727245,16.156671,23250,23265.7
2026-06-03 09:45:00,ATM,PUT,178.65,182.5,178.15,181.8,351910,2557945,16.936535,23250,23265.7
2026-06-03 09:45:00,ATM+1,CALL,206.15,206.15,202.8,203.4,301600,9330620,16.181886,23300,23265.7
2026-06-03 09:45:00,ATM+1,PUT,202.2,206.05,201.55,205.85,394810,7269990,16.943115,23300,23265.7
2026-06-03 09:45:00,ATM+2,CALL,181.7,182.05,178.4,179.25,74165,3128320,16.171917,23350,23265.7
2026-06-03 09:45:00,ATM+2,PUT,227.3,232.95,227.3,231.55,86385,1595620,16.929943,23350,23265.7
2026-06-03 09:45:00,ATM+3,CALL,159.4,159.6,156.55,157.25,209690,5978440,16.176607,23400,23265.7
2026-06-03 09:45:00,ATM+3,PUT,257.1,260.55,254.8,259.55,98020,3919175,16.950865,23400,23265.7
2026-06-03 09:45:00,ATM+4,CALL,138.8,139.25,136.65,137.05,65000,2324530,16.169972,23450,23265.7
2026-06-03 09:45:00,ATM+4,PUT,286.55,290,284.9,289.15,36725,887835,16.951419,23450,23265.7
2026-06-03 09:45:00,ATM+5,CALL,120.4,120.85,118.4,119.15,143520,8116160,16.19879,23500,23265.7
2026-06-03 09:45:00,ATM+5,PUT,317.5,322,316.2,320.55,61100,3939325,16.951425,23500,23265.7
2026-06-03 09:45:00,ATM+6,CALL,104.15,104.25,102.3,102.5,50375,1865955,16.178516,23550,23265.7
2026-06-03 09:45:00,ATM+6,PUT,351.25,356,350.5,354.25,12545,401245,17.000844,23550,23265.7
2026-06-03 09:45:00,ATM+7,CALL,89.4,89.5,88.15,88.25,141765,5080595,16.21928,23600,23265.7
2026-06-03 09:45:00,ATM+7,PUT,386.35,390.25,384.4,390.25,15405,2158130,17.113293,23600,23265.7
2026-06-03 09:45:00,ATM+8,CALL,76.5,76.6,75.5,75.55,45890,1254565,16.255575,23650,23265.7
2026-06-03 09:45:00,ATM+8,PUT,423.65,429,421.2,429,1105,231855,17.352025,23650,23265.7
2026-06-03 09:45:00,ATM+9,CALL,65.3,65.55,64.05,64.35,72930,4990050,16.29287,23700,23265.7
2026-06-03 09:45:00,ATM+9,PUT,461.75,467,459.2,465.2,6370,2399540,17.198148,23700,23265.7
2026-06-03 09:45:00,ATM+10,CALL,55.4,55.6,54.5,54.65,41925,1396005,16.344631,23750,23265.7
2026-06-03 09:45:00,ATM+10,PUT,505.7,507,500,505.65,1495,137540,17.343017,23750,23265.7
2026-06-03 09:46:00,ATM-10,CALL,546.3,554,540,554,2535,86320,15.575656,22800,23280.3
2026-06-03 09:46:00,ATM-10,PUT,49,50.5,46.4,46.4,217100,3563170,17.395462,22800,23280.3
2026-06-03 09:46:00,ATM-9,CALL,509.85,509.85,509.85,509.85,0,9685,15.330437,22850,23280.3
2026-06-03 09:46:00,ATM-9,PUT,57.45,59.55,54.5,54.6,91325,690365,17.304222,22850,23280.3
2026-06-03 09:46:00,ATM-8,CALL,461.55,472,460.75,472,1625,63440,15.734763,22900,23280.3
2026-06-03 09:46:00,ATM-8,PUT,67,69.7,63.95,64.05,185705,2293395,17.222599,22900,23280.3
2026-06-03 09:46:00,ATM-7,CALL,422.2,431.2,422.2,431.2,1170,19760,15.587026,22950,23280.3
2026-06-03 09:46:00,ATM-7,PUT,78.45,81.2,74.7,74.7,169000,852215,17.132155,22950,23280.3
2026-06-03 09:46:00,ATM-6,CALL,388.35,396.2,384.95,396.2,30810,842595,15.891892,23000,23280.3
2026-06-03 09:46:00,ATM-6,PUT,91.5,93.5,86.75,86.85,606060,5054790,17.053502,23000,23280.3
2026-06-03 09:46:00,ATM-5,CALL,352.5,359.55,348.45,359.55,6695,70005,15.842215,23050,23280.3
2026-06-03 09:46:00,ATM-5,PUT,105.65,108.3,100.75,100.75,167245,1170065,16.998311,23050,23280.3
2026-06-03 09:46:00,ATM-4,CALL,319.6,326.55,316.05,326.55,27820,405340,15.967659,23100,23280.3
2026-06-03 09:46:00,ATM-4,PUT,121.35,124.25,116.55,116.6,295815,2742935,16.972559,23100,23280.3
2026-06-03 09:46:00,ATM-3,CALL,286.85,294.85,283.9,294.15,18395,289770,15.974765,23150,23280.3
2026-06-03 09:46:00,ATM-3,PUT,139.85,143,134,134,204165,1218035,16.931566,23150,23280.3
2026-06-03 09:46:00,ATM-2,CALL,257.6,263.35,254.15,263.35,127790,1804855,15.955496,23200,23280.3
2026-06-03 09:46:00,ATM-2,PUT,159.5,163.9,153.55,153.85,432770,3626545,16.946155,23200,23280.3
2026-06-03 09:46:00,ATM-1,CALL,228.8,234.85,225.6,234.65,167180,1763645,15.948367,23250,23280.3
2026-06-03 09:46:00,ATM-1,PUT,181.4,186.35,175,175.1,502190,2599155,16.922843,23250,23280.3
2026-06-03 09:46:00,ATM,CALL,203.25,208.05,200,208.05,495170,9442680,15.949777,23300,23280.3
2026-06-03 09:46:00,ATM,PUT,205.4,210.75,198.3,198.4,747305,7351695,16.91357,23300,23280.3
2026-06-03 09:46:00,ATM+1,CALL,178.85,183.5,176.9,183.1,231335,3152045,15.922038,23350,23280.3
2026-06-03 09:46:00,ATM+1,PUT,232,235.55,223.8,223.9,155610,1601665,16.929033,23350,23280.3
2026-06-03 09:46:00,ATM+2,CALL,156.75,160.9,155.2,160.8,269945,6041490,15.946747,23400,23280.3
2026-06-03 09:46:00,ATM+2,PUT,259.5,264,251.3,251.65,178555,3910400,16.974289,23400,23280.3
2026-06-03 09:46:00,ATM+3,CALL,136.5,140.3,135.35,140.3,145665,2328170,15.957649,23450,23280.3
2026-06-03 09:46:00,ATM+3,PUT,290.05,294,280.6,280.6,65260,878085,16.96608,23450,23280.3
2026-06-03 09:46:00,ATM+4,CALL,118.7,122,117.5,121.95,237965,8155420,15.988341,23500,23280.3
2026-06-03 09:46:00,ATM+4,PUT,321.5,325.5,311.85,311.85,93015,3941340,16.99855,23500,23280.3
2026-06-03 09:46:00,ATM+5,CALL,102.65,105.1,101,105.1,76635,1873690,15.989188,23550,23280.3
2026-06-03 09:46:00,ATM+5,PUT,354.55,360.9,346.4,346.4,12155,399750,17.16883,23550,23280.3
2026-06-03 09:46:00,ATM+6,CALL,88.05,90.6,87,90.5,243880,5122650,16.03437,23600,23280.3
2026-06-03 09:46:00,ATM+6,PUT,390.25,396.05,380,380,19305,2157090,17.110634,23600,23280.3
2026-06-03 09:46:00,ATM+7,CALL,75.6,77.45,74.3,77.25,83070,1272960,16.051599,23650,23280.3
2026-06-03 09:46:00,ATM+7,PUT,427.05,433.4,418,418,4745,232180,17.317099,23650,23280.3
2026-06-03 09:46:00,ATM+8,CALL,64.2,65.9,63.6,65.9,146445,5007015,16.105372,23700,23280.3
2026-06-03 09:46:00,ATM+8,PUT,465.45,472,455.65,455.65,11960,2398435,17.356723,23700,23280.3
2026-06-03 09:46:00,ATM+9,CALL,54.45,55.95,54.1,55.95,57525,1403740,16.159894,23750,23280.3
2026-06-03 09:46:00,ATM+9,PUT,510,512.35,496.35,496.35,2600,137410,17.579551,23750,23280.3
2026-06-03 09:46:00,ATM+10,CALL,46,47.25,45.6,47.2,134485,5124275,16.20528,23800,23280.3
2026-06-03 09:46:00,ATM+10,PUT,544.75,553.75,537.2,537.2,7215,873600,17.698723,23800,23280.3
2026-06-03 09:47:00,ATM-10,CALL,590.35,590.35,588.1,590.35,130,4160,15.217261,22750,23274.65
2026-06-03 09:47:00,ATM-10,PUT,39.35,40.95,39.3,40.05,52520,953355,17.486327,22750,23274.65
2026-06-03 09:47:00,ATM-9,CALL,555.3,555.3,548,550.2,1755,86385,15.734021,22800,23274.65
2026-06-03 09:47:00,ATM-9,PUT,46.2,48.2,46.2,46.95,126490,3561285,17.347997,22800,23274.65
2026-06-03 09:47:00,ATM-8,CALL,509.85,509.85,509.85,509.85,585,9815,15.954386,22850,23274.65
2026-06-03 09:47:00,ATM-8,PUT,54.35,56.65,54.35,55.55,61360,704470,17.29301,22850,23274.65
2026-06-03 09:47:00,ATM-7,CALL,470.65,472,466,466.6,845,64220,15.638121,22900,23274.65
2026-06-03 09:47:00,ATM-7,PUT,64.05,66.2,63.7,64.8,101855,2280395,17.174049,22900,23274.65
2026-06-03 09:47:00,ATM-6,CALL,428.75,431.2,427.9,430,845,19955,15.93695,22950,23274.65
2026-06-03 09:47:00,ATM-6,PUT,74.55,77.3,74.5,75.7,74360,818545,17.096754,22950,23274.65
2026-06-03 09:47:00,ATM-5,CALL,396.6,396.75,390.1,392.1,12155,846235,15.904461,23000,23274.65
2026-06-03 09:47:00,ATM-5,PUT,86.95,90,86.85,88,254670,5090085,17.018524,23000,23274.65
2026-06-03 09:47:00,ATM-4,CALL,359.8,359.8,354.1,355.65,4420,71045,15.855129,23050,23274.65
2026-06-03 09:47:00,ATM-4,PUT,100.6,104.05,100.6,102.2,87945,1177150,16.976283,23050,23274.65
2026-06-03 09:47:00,ATM-3,CALL,325.5,326.55,320.4,324.05,11635,411190,16.086292,23100,23274.65
2026-06-03 09:47:00,ATM-3,PUT,116.25,120.1,116.2,117.7,189995,2760810,16.90359,23100,23274.65
2026-06-03 09:47:00,ATM-2,CALL,293.65,294.15,288.2,291.25,17940,290160,16.036228,23150,23274.65
2026-06-03 09:47:00,ATM-2,PUT,133.95,138.4,133.75,135.2,112645,1216605,16.856586,23150,23274.65
2026-06-03 09:47:00,ATM-1,CALL,263.05,263.35,258,261.4,69875,1842295,16.076194,23200,23274.65
2026-06-03 09:47:00,ATM-1,PUT,153.4,158,153.4,154.6,247000,3630705,16.818515,23200,23274.65
2026-06-03 09:47:00,ATM,CALL,233.9,234.65,229.6,232.9,144755,1806870,16.064788,23250,23274.65
2026-06-03 09:47:00,ATM,PUT,175.6,180.15,175.1,176.9,235625,2608255,16.865989,23250,23274.65
2026-06-03 09:47:00,ATM+1,CALL,207.6,208.05,203.65,206.05,340015,9579635,16.026484,23300,23274.65
2026-06-03 09:47:00,ATM+1,PUT,198.6,203.9,198.4,200.15,394030,7406880,16.835822,23300,23274.65
2026-06-03 09:47:00,ATM+2,CALL,182.9,183.15,179.2,181.35,88985,3194360,16.00059,23350,23274.65
2026-06-03 09:47:00,ATM+2,PUT,224.15,229.9,223.65,225.3,142740,1603290,16.805495,23350,23274.65
2026-06-03 09:47:00,ATM+3,CALL,160.65,160.8,157.25,158.75,134550,6030505,15.983073,23400,23274.65
2026-06-03 09:47:00,ATM+3,PUT,251.15,257.45,251.15,253.85,105235,3898895,16.897654,23400,23274.65
2026-06-03 09:47:00,ATM+4,CALL,139.8,140.3,137,138.75,59280,2357875,16.018011,23450,23274.65
2026-06-03 09:47:00,ATM+4,PUT,281.25,286.9,280.6,282.15,19240,865605,16.816339,23450,23274.65
2026-06-03 09:47:00,ATM+5,CALL,121.7,121.95,119,120.1,187460,8174010,16.006183,23500,23274.65
2026-06-03 09:47:00,ATM+5,PUT,312.5,319.35,311.85,313.55,44265,3932565,16.840105,23500,23274.65
2026-06-03 09:47:00,ATM+6,CALL,105.1,105.1,102.55,103.8,52130,1880580,16.038503,23550,23274.65
2026-06-03 09:47:00,ATM+6,PUT,345,352.5,345,351,5135,399750,17.245168,23550,23274.65
2026-06-03 09:47:00,ATM+7,CALL,90.15,90.5,88.3,89.15,131235,5137275,16.063032,23600,23274.65
2026-06-03 09:47:00,ATM+7,PUT,380.5,387.55,380,382.55,9685,2156375,16.982682,23600,23274.65
2026-06-03 09:47:00,ATM+8,CALL,77.3,77.3,75.35,76,51805,1282775,16.073409,23650,23274.65
2026-06-03 09:47:00,ATM+8,PUT,417.45,425.55,417.45,420,2925,232375,17.113005,23650,23274.65
2026-06-03 09:47:00,ATM+9,CALL,65.75,65.9,64.25,64.75,64155,5024110,16.121118,23700,23274.65
2026-06-03 09:47:00,ATM+9,PUT,457.95,464.4,455.65,459.9,2860,2396550,17.355668,23700,23274.65
2026-06-03 09:47:00,ATM+10,CALL,55.8,55.95,54.65,54.9,32500,1412385,16.170219,23750,23274.65
2026-06-03 09:47:00,ATM+10,PUT,495.55,503.8,495.55,502.8,1820,139360,17.80287,23750,23274.65
2026-06-03 09:48:00,ATM-10,CALL,555,555,550.2,552.8,2405,86515,15.630865,22800,23278.5
2026-06-03 09:48:00,ATM-10,PUT,47,47.2,45.5,45.65,187005,3595865,17.259761,22800,23278.5
2026-06-03 09:48:00,ATM-9,CALL,509.4,515,509.4,515,260,9815,16.205412,22850,23278.5
2026-06-03 09:48:00,ATM-9,PUT,55.3,55.55,53.6,53.6,48165,712270,17.144332,22850,23278.5
2026-06-03 09:48:00,ATM-8,CALL,470.95,473,466.6,471.15,1235,64220,15.809564,22900,23278.5
2026-06-03 09:48:00,ATM-8,PUT,64.3,64.8,62.75,62.85,106015,2308865,17.047261,22900,23278.5
2026-06-03 09:48:00,ATM-7,CALL,433.35,434,430,432.5,780,20215,15.885118,22950,23278.5
2026-06-03 09:48:00,ATM-7,PUT,75.55,76,73.35,73.85,78520,836615,17.000297,22950,23278.5
2026-06-03 09:48:00,ATM-6,CALL,394,398.05,392.1,396.5,13910,847405,16.05968,23000,23278.5
2026-06-03 09:48:00,ATM-6,PUT,87.85,88,85.6,85.6,304915,5098340,16.885109,23000,23278.5
2026-06-03 09:48:00,ATM-5,CALL,358.15,361.45,355.65,359.7,5525,72540,15.980274,23050,23278.5
2026-06-03 09:48:00,ATM-5,PUT,101.3,102.2,99.4,99.45,138385,1204190,16.828918,23050,23278.5
2026-06-03 09:48:00,ATM-4,CALL,325.15,327.9,322.2,325.9,17290,412230,16.020852,23100,23278.5
2026-06-03 09:48:00,ATM-4,PUT,116.45,117.85,114.8,114.8,174655,2769065,16.760949,23100,23278.5
2026-06-03 09:48:00,ATM-3,CALL,293.45,295.05,289.85,293.8,23855,296075,16.045892,23150,23278.5
2026-06-03 09:48:00,ATM-3,PUT,135,136.3,132.3,132.3,91715,1219595,16.730789,23150,23278.5
2026-06-03 09:48:00,ATM-2,CALL,261.8,264.7,259.35,263.2,124150,1846585,16.035416,23200,23278.5
2026-06-03 09:48:00,ATM-2,PUT,154.65,155.9,151.65,151.65,253045,3639610,16.703768,23200,23278.5
2026-06-03 09:48:00,ATM-1,CALL,233.6,235.65,231.8,234.55,185445,1834170,16.024942,23250,23278.5
2026-06-03 09:48:00,ATM-1,PUT,175.7,177.1,173.3,173.6,326755,2606435,16.73666,23250,23278.5
2026-06-03 09:48:00,ATM,CALL,206.7,209.3,205,207.95,433550,9638070,16.019712,23300,23278.5
2026-06-03 09:48:00,ATM,PUT,199.95,201.6,196.15,197,442325,7407985,16.731682,23300,23278.5
2026-06-03 09:48:00,ATM+1,CALL,182,184.05,180.25,182.6,116805,3198845,15.953661,23350,23278.5
2026-06-03 09:48:00,ATM+1,PUT,224.35,227,221.45,222.25,117455,1598545,16.72136,23350,23278.5
2026-06-03 09:48:00,ATM+2,CALL,159.6,161.8,158.25,160.25,302055,6035705,15.968674,23400,23278.5
2026-06-03 09:48:00,ATM+2,PUT,252.3,254.25,249,249.75,128635,3891810,16.738756,23400,23278.5
2026-06-03 09:48:00,ATM+3,CALL,139.5,140.9,137.85,139.75,202345,2361840,15.974064,23450,23278.5
2026-06-03 09:48:00,ATM+3,PUT,281.55,283.6,278.05,279.2,26195,869440,16.762258,23450,23278.5
2026-06-03 09:48:00,ATM+4,CALL,120.5,122.3,119.75,121.45,205790,8183175,16.003601,23500,23278.5
2026-06-03 09:48:00,ATM+4,PUT,314,316.3,309.2,310.55,58110,3848195,16.792148,23500,23278.5
2026-06-03 09:48:00,ATM+5,CALL,104.85,105.6,103.55,104.75,63765,1889355,16.012477,23550,23278.5
2026-06-03 09:48:00,ATM+5,PUT,347,351,344,344.5,6175,400790,16.896802,23550,23278.5
2026-06-03 09:48:00,ATM+6,CALL,89.7,90.65,88.8,89.95,129870,5150795,16.034062,23600,23278.5
2026-06-03 09:48:00,ATM+6,PUT,381.95,384.25,376.95,377.7,14300,2156050,16.783232,23600,23278.5
2026-06-03 09:48:00,ATM+7,CALL,76.3,77.6,76,76.85,52325,1296035,16.060203,23650,23278.5
2026-06-03 09:48:00,ATM+7,PUT,416.15,420,415.4,415.65,585,233935,16.963297,23650,23278.5
2026-06-03 09:48:00,ATM+8,CALL,65.3,66.1,64.75,65.35,73645,5038995,16.092629,23700,23278.5
2026-06-03 09:48:00,ATM+8,PUT,456,459.9,452.95,454.4,5460,2396290,17.089529,23700,23278.5
2026-06-03 09:48:00,ATM+9,CALL,55.2,56,54.9,55.5,32825,1422655,16.151731,23750,23278.5
2026-06-03 09:48:00,ATM+9,PUT,495,502.8,494.9,495.35,780,140660,17.318197,23750,23278.5
2026-06-03 09:48:00,ATM+10,CALL,46.7,47.2,46.35,46.7,137280,5205590,16.184175,23800,23278.5
2026-06-03 09:48:00,ATM+10,PUT,535.75,540.35,534,534.9,3315,872625,17.259475,23800,23278.5
2026-06-03 09:49:00,ATM-10,CALL,555,556.35,550.85,552.7,1885,86515,16.033706,22800,23275.15
2026-06-03 09:49:00,ATM-10,PUT,45.5,46.85,45.05,46.55,149240,3636815,17.30792,22800,23275.15
2026-06-03 09:49:00,ATM-9,CALL,515.7,516.05,508.8,508.8,260,9880,15.767562,22850,23275.15
2026-06-03 09:49:00,ATM-9,PUT,53.5,54.9,52.95,54.8,46020,715000,17.215634,22850,23275.15
2026-06-03 09:49:00,ATM-8,CALL,473,475,468.75,471.65,910,63700,16.185451,22900,23275.15
2026-06-03 09:49:00,ATM-8,PUT,62.65,64.35,62.15,64.35,89765,2305420,17.137332,22900,23275.15
2026-06-03 09:49:00,ATM-7,CALL,434,434.45,429.65,432.5,585,20150,16.166178,22950,23275.15
2026-06-03 09:49:00,ATM-7,PUT,73.3,75.3,72.6,74.85,81835,852085,17.022408,22950,23275.15
2026-06-03 09:49:00,ATM-6,CALL,396.05,398.55,392.45,393.55,23075,844805,16.014838,23000,23275.15
2026-06-03 09:49:00,ATM-6,PUT,85.6,87.5,84.65,87.2,278070,5121610,16.955057,23000,23275.15
2026-06-03 09:49:00,ATM-5,CALL,360.6,361.3,356.4,356.4,2405,74750,15.894667,23050,23275.15
2026-06-03 09:49:00,ATM-5,PUT,99.1,101.65,98.2,101.05,101725,1232660,16.885243,23050,23275.15
2026-06-03 09:49:00,ATM-4,CALL,325.9,327.6,322.7,323.1,17745,413335,15.973504,23100,23275.15
2026-06-03 09:49:00,ATM-4,PUT,114.9,117,113.75,116.5,141440,2791425,16.813638,23100,23275.15
2026-06-03 09:49:00,ATM-3,CALL,294.25,294.85,290.65,290.65,17420,293540,15.959564,23150,23275.15
2026-06-03 09:49:00,ATM-3,PUT,132.3,134.9,130.8,134.4,93275,1220570,16.805575,23150,23275.15
2026-06-03 09:49:00,ATM-2,CALL,263.45,264,260,260.55,93145,1863160,15.982604,23200,23275.15
2026-06-03 09:49:00,ATM-2,PUT,151.8,154.5,150.05,153.65,256815,3653910,16.757932,23200,23275.15
2026-06-03 09:49:00,ATM-1,CALL,234.45,235.3,231.6,232.6,154570,1859260,16.019605,23250,23275.15
2026-06-03 09:49:00,ATM-1,PUT,173,176.25,171.6,175.8,336310,2644265,16.79579,23250,23275.15
2026-06-03 09:49:00,ATM,CALL,207.7,208.5,205.15,205.65,351780,9702875,15.975225,23300,23275.15
2026-06-03 09:49:00,ATM,PUT,196.8,199.45,194.8,198.65,464165,7463690,16.735356,23300,23275.15
2026-06-03 09:49:00,ATM+1,CALL,183.05,183.5,180.4,181.4,140270,3214055,15.987364,23350,23275.15
2026-06-03 09:49:00,ATM+1,PUT,221.6,225.25,219.5,224.05,118885,1613820,16.726751,23350,23275.15
2026-06-03 09:49:00,ATM+2,CALL,160.35,160.95,158.2,158.7,172315,6078800,15.963095,23400,23275.15
2026-06-03 09:49:00,ATM+2,PUT,249.1,253.2,246.9,251.85,164710,3898310,16.758288,23400,23275.15
2026-06-03 09:49:00,ATM+3,CALL,139.95,140.1,137.85,138.25,68900,2467790,15.961537,23450,23275.15
2026-06-03 09:49:00,ATM+3,PUT,278.6,282.85,276.4,281.75,27235,872885,16.809217,23450,23275.15
2026-06-03 09:49:00,ATM+4,CALL,121.5,121.65,119.65,119.9,163345,8230625,15.975384,23500,23275.15
2026-06-03 09:49:00,ATM+4,PUT,310,314.05,307.6,313.3,57785,3845010,16.847111,23500,23275.15
2026-06-03 09:49:00,ATM+5,CALL,104.6,105,103.15,103.4,53820,1894295,15.990001,23550,23275.15
2026-06-03 09:49:00,ATM+5,PUT,343,347.9,340.65,346.9,11830,399620,16.912455,23550,23275.15
2026-06-03 09:49:00,ATM+6,CALL,90,90.15,88.5,89.05,116545,5172440,16.041898,23600,23275.15
2026-06-03 09:49:00,ATM+6,PUT,377.6,381.85,375.65,380.9,14300,2154555,16.863143,23600,23275.15
2026-06-03 09:49:00,ATM+7,CALL,76.8,77.05,75.65,76.05,60515,1308190,16.067515,23650,23275.15
2026-06-03 09:49:00,ATM+7,PUT,416.2,420,414.45,417.9,3250,233805,16.944527,23650,23275.15
2026-06-03 09:49:00,ATM+8,CALL,65.4,65.65,64.5,64.65,87685,5053685,16.100194,23700,23275.15
2026-06-03 09:49:00,ATM+8,PUT,453,458.45,450.9,456.4,13455,2396550,17.033728,23700,23275.15
2026-06-03 09:49:00,ATM+9,CALL,55.45,55.7,54.65,54.9,39715,1431690,16.160655,23750,23275.15
2026-06-03 09:49:00,ATM+9,PUT,493,498.95,492.4,498.95,780,140725,17.42609,23750,23275.15
2026-06-03 09:49:00,ATM+10,CALL,46.6,46.9,46.15,46.25,106990,5223010,16.201852,23800,23275.15
2026-06-03 09:49:00,ATM+10,PUT,534.55,539.5,532.85,537.55,5200,872430,17.252259,23800,23275.15
2026-06-03 09:50:00,ATM-10,CALL,552.15,558,551.6,558,390,86515,16.602185,22800,23276.6
2026-06-03 09:50:00,ATM-10,PUT,46.75,46.85,45.05,45.4,162695,3648255,17.187942,22800,23276.6
2026-06-03 09:50:00,ATM-9,CALL,512,515.35,508.8,515.35,260,10075,16.451312,22850,23276.6
2026-06-03 09:50:00,ATM-9,PUT,55.1,55.1,52.7,53.05,56420,713180,17.036665,22850,23276.6
2026-06-03 09:50:00,ATM-8,CALL,468.65,475.65,468.65,475.65,845,63505,16.513948,22900,23276.6
2026-06-03 09:50:00,ATM-8,PUT,64.2,64.8,61.9,62.55,106795,2316925,16.970577,22900,23276.6
2026-06-03 09:50:00,ATM-7,CALL,430.35,432.5,430.35,430.5,195,20345,15.830969,22950,23276.6
2026-06-03 09:50:00,ATM-7,PUT,75.4,75.45,72.2,73.05,112255,873925,16.87109,22950,23276.6
2026-06-03 09:50:00,ATM-6,CALL,393,398.6,391.6,396.35,15860,847340,16.188314,23000,23276.6
2026-06-03 09:50:00,ATM-6,PUT,87.5,87.8,84.35,85.25,295750,5136040,16.802546,23000,23276.6
2026-06-03 09:50:00,ATM-5,CALL,357,361.6,355.85,361.55,2015,75140,16.283659,23050,23276.6
2026-06-03 09:50:00,ATM-5,PUT,101.9,101.9,98.05,98.75,101920,1241955,16.712561,23050,23276.6
2026-06-03 09:50:00,ATM-4,CALL,323,328.3,322,325.7,20345,415285,16.119948,23100,23276.6
2026-06-03 09:50:00,ATM-4,PUT,117,117.5,113,114.45,177645,2803970,16.675281,23100,23276.6
2026-06-03 09:50:00,ATM-3,CALL,289.85,295.45,289.6,292.95,14170,289445,16.0791,23150,23276.6
2026-06-03 09:50:00,ATM-3,PUT,134.85,135.3,130.65,131.65,111085,1230710,16.616777,23150,23276.6
2026-06-03 09:50:00,ATM-2,CALL,260.85,264.35,259.4,262.05,75205,1881230,16.036534,23200,23276.6
2026-06-03 09:50:00,ATM-2,PUT,154.4,155,149.8,151.25,322205,3675945,16.607895,23200,23276.6
2026-06-03 09:50:00,ATM-1,CALL,231.55,235.2,230.75,233.25,132210,1883960,16.007649,23250,23276.6
2026-06-03 09:50:00,ATM-1,PUT,175.6,176.8,171,172.75,304525,2650960,16.599873,23250,23276.6
2026-06-03 09:50:00,ATM,CALL,205.15,208.8,204.4,206.55,359905,9763975,15.988323,23300,23276.6
2026-06-03 09:50:00,ATM,PUT,199.8,200.1,194.15,195.85,478920,7503600,16.56593,23300,23276.6
2026-06-03 09:50:00,ATM+1,CALL,180.2,183.75,180,182.15,81055,3229460,15.993019,23350,23276.6
2026-06-03 09:50:00,ATM+1,PUT,225.1,226.1,219.3,220.7,92235,1619085,16.517212,23350,23276.6
2026-06-03 09:50:00,ATM+2,CALL,158,161.05,157.6,159.7,172510,6110000,15.994005,23400,23276.6
2026-06-03 09:50:00,ATM+2,PUT,252.95,253.75,246.55,248.3,126685,3913000,16.534856,23400,23276.6
2026-06-03 09:50:00,ATM+3,CALL,137.7,140.45,137.35,138.65,60255,2489825,15.947654,23450,23276.6
2026-06-03 09:50:00,ATM+3,PUT,282.4,283.35,275,278.2,26780,877695,16.586033,23450,23276.6
2026-06-03 09:50:00,ATM+4,CALL,119.65,121.6,119.35,120.65,140010,8278855,15.995948,23500,23276.6
2026-06-03 09:50:00,ATM+4,PUT,314.55,315,307.35,309.9,48945,3845010,16.634984,23500,23276.6
2026-06-03 09:50:00,ATM+5,CALL,103.15,105,102.8,104.1,46085,1907945,16.01163,23550,23276.6
2026-06-03 09:50:00,ATM+5,PUT,347.55,348.4,339.45,342.5,5980,399165,16.607951,23550,23276.6
2026-06-03 09:50:00,ATM+6,CALL,88.75,90.1,88.35,89.5,89960,5209490,16.045693,23600,23276.6
2026-06-03 09:50:00,ATM+6,PUT,383,383,375.15,378.5,15535,2147860,16.735079,23600,23276.6
2026-06-03 09:50:00,ATM+7,CALL,75.7,77.2,75.45,76.5,45565,1330940,16.076202,23650,23276.6
2026-06-03 09:50:00,ATM+7,PUT,417.6,419.65,413,413,2080,234780,16.567871,23650,23276.6
2026-06-03 09:50:00,ATM+8,CALL,64.45,65.65,64.35,64.8,75205,5087290,16.082011,23700,23276.6
2026-06-03 09:50:00,ATM+8,PUT,458,458.45,450.95,453.25,7540,2397005,16.821046,23700,23276.6
2026-06-03 09:50:00,ATM+9,CALL,54.85,55.55,54.6,55.05,31330,1456650,16.145588,23750,23276.6
2026-06-03 09:50:00,ATM+9,PUT,497.95,498.95,490,490,975,140595,16.55508,23750,23276.6
2026-06-03 09:50:00,ATM+10,CALL,46.05,46.9,46.05,46.35,71370,5265195,16.183729,23800,23276.6
2026-06-03 09:50:00,ATM+10,PUT,538.15,540,530,533.4,6500,874120,16.895332,23800,23276.6
2026-06-03 09:51:00,ATM-10,CALL,552.4,565,552.4,565,4680,87685,15.925283,22800,23290.35
2026-06-03 09:51:00,ATM-10,PUT,45.3,45.65,43.1,43.2,154440,3644810,17.183474,22800,23290.35
2026-06-03 09:51:00,ATM-9,CALL,516.95,520.85,515.35,518.3,1170,10270,15.329086,22850,23290.35
2026-06-03 09:51:00,ATM-9,PUT,53.2,53.65,50.55,50.55,81900,715780,17.033046,22850,23290.35
2026-06-03 09:51:00,ATM-8,CALL,474.95,479.55,474,479.55,6240,63440,15.664702,22900,23290.35
2026-06-03 09:51:00,ATM-8,PUT,62.75,63,59.35,59.35,148135,2302755,16.927042,22900,23290.35
2026-06-03 09:51:00,ATM-7,CALL,434.6,438.9,430.5,437.6,1820,20800,15.424125,22950,23290.35
2026-06-03 09:51:00,ATM-7,PUT,73,73.6,69.35,69.35,112840,863265,16.817227,22950,23290.35
2026-06-03 09:51:00,ATM-6,CALL,394.3,403.9,394.3,403.9,30290,837005,15.913602,23000,23290.35
2026-06-03 09:51:00,ATM-6,PUT,85,85.7,81,81.05,411515,5135000,16.743107,23000,23290.35
2026-06-03 09:51:00,ATM-5,CALL,359.7,367.6,359.55,367.6,8840,75530,15.928237,23050,23290.35
2026-06-03 09:51:00,ATM-5,PUT,98.9,99.8,94.1,94.1,162240,1254630,16.654978,23050,23290.35
2026-06-03 09:51:00,ATM-4,CALL,325,332.05,325,332.05,38220,413140,15.851405,23100,23290.35
2026-06-03 09:51:00,ATM-4,PUT,114.4,115.25,109.2,109.2,254410,2824445,16.608604,23100,23290.35
2026-06-03 09:51:00,ATM-3,CALL,292.5,299.55,290.8,299.55,31720,289900,15.887464,23150,23290.35
2026-06-03 09:51:00,ATM-3,PUT,131.8,132.85,126,126,165100,1232140,16.560289,23150,23290.35
2026-06-03 09:51:00,ATM-2,CALL,261.45,268.15,261.2,268.15,170560,1880515,15.853091,23200,23290.35
2026-06-03 09:51:00,ATM-2,PUT,151,152.3,144.55,144.55,445900,3676335,16.507899,23200,23290.35
2026-06-03 09:51:00,ATM-1,CALL,233.25,239,232.2,239,322530,1894815,15.843937,23250,23290.35
2026-06-03 09:51:00,ATM-1,PUT,172.85,173.85,165.85,165.85,438360,2683720,16.528471,23250,23290.35
2026-06-03 09:51:00,ATM,CALL,206.6,212,205.9,212,760110,9745775,15.846888,23300,23290.35
2026-06-03 09:51:00,ATM,PUT,196,197.2,188.1,188.3,801905,7511920,16.485606,23300,23290.35
2026-06-03 09:51:00,ATM+1,CALL,181.85,186.5,181.05,186.5,274430,3237195,15.807601,23350,23290.35
2026-06-03 09:51:00,ATM+1,PUT,221.5,222.3,213.2,213.2,155675,1615250,16.484312,23350,23290.35
2026-06-03 09:51:00,ATM+2,CALL,159.55,163.8,158.5,163.8,400855,6115525,15.831475,23400,23290.35
2026-06-03 09:51:00,ATM+2,PUT,248.25,249.75,240,240,278655,3931655,16.479752,23400,23290.35
2026-06-03 09:51:00,ATM+3,CALL,138.75,142.35,138.05,142.35,131235,2494960,15.794078,23450,23290.35
2026-06-03 09:51:00,ATM+3,PUT,277.7,279.9,268.55,268.55,46540,882635,16.461123,23450,23290.35
2026-06-03 09:51:00,ATM+4,CALL,120.55,123.65,119.9,123.65,298740,8273525,15.822764,23500,23290.35
2026-06-03 09:51:00,ATM+4,PUT,309,311.15,299.9,299.9,94315,3835325,16.519843,23500,23290.35
2026-06-03 09:51:00,ATM+5,CALL,103.6,106.7,103.3,106.7,154570,1911520,15.841021,23550,23290.35
2026-06-03 09:51:00,ATM+5,PUT,344.3,344.3,332.55,332.55,6565,399620,16.536567,23550,23290.35
2026-06-03 09:51:00,ATM+6,CALL,89.2,91.6,88.8,91.6,205530,5220345,15.864736,23600,23290.35
2026-06-03 09:51:00,ATM+6,PUT,378,378.5,368,368,21710,2146560,16.651483,23600,23290.35
2026-06-03 09:51:00,ATM+7,CALL,75.75,78.05,75.75,78.05,65390,1339715,15.874861,23650,23290.35
2026-06-03 09:51:00,ATM+7,PUT,414.7,414.7,405.05,405.05,3575,235820,16.772394,23650,23290.35
2026-06-03 09:51:00,ATM+8,CALL,64.85,66.35,64.55,66.35,117910,5100290,15.911649,23700,23290.35
2026-06-03 09:51:00,ATM+8,PUT,452.4,455,443.2,443.2,11505,2396355,16.860576,23700,23290.35
2026-06-03 09:51:00,ATM+9,CALL,54.75,56.2,54.7,56.2,59670,1461200,15.960205,23750,23290.35
2026-06-03 09:51:00,ATM+9,PUT,489.45,490.95,483,483,1560,140400,16.981913,23750,23290.35
2026-06-03 09:51:00,ATM+10,CALL,46.35,47.35,46.1,47.35,115700,5267990,16.007606,23800,23290.35
2026-06-03 09:51:00,ATM+10,PUT,536.35,536.35,524.9,526.7,5720,873015,17.418337,23800,23290.35
2026-06-03 09:52:00,ATM-10,CALL,565.55,569.7,560.1,560.1,3120,87750,15.828049,22800,23285.45
2026-06-03 09:52:00,ATM-10,PUT,43.25,44.65,41.55,44.65,256490,3645005,17.277035,22800,23285.45
2026-06-03 09:52:00,ATM-9,CALL,524,528.8,515.8,515.8,1365,10855,15.55451,22850,23285.45
2026-06-03 09:52:00,ATM-9,PUT,50.9,52.25,49,52.1,118885,705055,17.118203,22850,23285.45
2026-06-03 09:52:00,ATM-8,CALL,488.25,488.25,478.2,478.2,3315,62465,15.983711,22900,23285.45
2026-06-03 09:52:00,ATM-8,PUT,59.6,61.4,57.3,61.3,165555,2302755,17.037476,22900,23285.45
2026-06-03 09:52:00,ATM-7,CALL,445.2,446.45,437.6,442,1495,21450,16.333601,22950,23285.45
2026-06-03 09:52:00,ATM-7,PUT,69.85,71.9,67.3,71.75,135720,839540,16.953739,22950,23285.45
2026-06-03 09:52:00,ATM-6,CALL,403.35,409.5,400,400,47645,819910,15.893025,23000,23285.45
2026-06-03 09:52:00,ATM-6,PUT,81.25,83.65,78.55,83.3,605670,5084625,16.84182,23000,23285.45
2026-06-03 09:52:00,ATM-5,CALL,366.25,372,363.75,363.75,7735,73125,15.898001,23050,23285.45
2026-06-03 09:52:00,ATM-5,PUT,94.55,97.3,91.45,96.85,301470,1256125,16.780788,23050,23285.45
2026-06-03 09:52:00,ATM-4,CALL,332.65,337.1,328.45,329,47255,397020,15.879756,23100,23285.45
2026-06-03 09:52:00,ATM-4,PUT,109.5,112.5,106.25,111.9,315445,2816775,16.709203,23100,23285.45
2026-06-03 09:52:00,ATM-3,CALL,298.65,304.65,295.85,296.75,39845,286585,15.920325,23150,23285.45
2026-06-03 09:52:00,ATM-3,PUT,126.35,129.75,121.9,129.75,201955,1226355,16.732493,23150,23285.45
2026-06-03 09:52:00,ATM-2,CALL,267.4,272.05,265,265.55,301860,1855360,15.885909,23200,23285.45
2026-06-03 09:52:00,ATM-2,PUT,145.2,148.85,141,148.85,536575,3669900,16.70596,23200,23285.45
2026-06-03 09:52:00,ATM-1,CALL,238.3,242.8,236,236,452725,1909570,15.827287,23250,23285.45
2026-06-03 09:52:00,ATM-1,PUT,166.7,170,161.25,170,585390,2653625,16.694895,23250,23285.45
2026-06-03 09:52:00,ATM,CALL,211.75,215.4,209.15,209.55,1222845,9815455,15.858993,23300,23285.45
2026-06-03 09:52:00,ATM,PUT,188.7,192.9,183.15,192.6,1032785,7457645,16.647043,23300,23285.45
2026-06-03 09:52:00,ATM+1,CALL,186.2,189.45,184.3,184.65,516815,3226340,15.852148,23350,23285.45
2026-06-03 09:52:00,ATM+1,PUT,213.25,218,207.95,218,237055,1621425,16.670529,23350,23285.45
2026-06-03 09:52:00,ATM+2,CALL,163.4,166.25,161.5,161.5,573300,6187090,15.82351,23400,23285.45
2026-06-03 09:52:00,ATM+2,PUT,241.2,245.4,235,245.1,306345,3968445,16.676419,23400,23285.45
2026-06-03 09:52:00,ATM+3,CALL,142.35,144.65,140.75,140.8,292175,2524600,15.832069,23450,23285.45
2026-06-03 09:52:00,ATM+3,PUT,269.3,274.5,263.95,274.5,63570,881270,16.716175,23450,23285.45
2026-06-03 09:52:00,ATM+4,CALL,123.5,125.9,122.05,122.45,533780,8309080,15.87565,23500,23285.45
2026-06-03 09:52:00,ATM+4,PUT,300.25,305.8,293.3,305.8,140790,3821545,16.761984,23500,23285.45
2026-06-03 09:52:00,ATM+5,CALL,106.35,108.25,105.3,105.3,227500,1963585,15.861912,23550,23285.45
2026-06-03 09:52:00,ATM+5,PUT,333.2,338.5,326.95,338.5,16315,401700,16.776301,23550,23285.45
2026-06-03 09:52:00,ATM+6,CALL,91.3,93.1,90.5,90.5,413335,5200325,15.898484,23600,23285.45
2026-06-03 09:52:00,ATM+6,PUT,367.4,373.5,361,373.5,34190,2144350,16.845247,23600,23285.45
2026-06-03 09:52:00,ATM+7,CALL,78,79.55,77.35,77.4,118820,1338220,15.938935,23650,23285.45
2026-06-03 09:52:00,ATM+7,PUT,404.95,411,398,411,4160,236665,17.004866,23650,23285.45
2026-06-03 09:52:00,ATM+8,CALL,66.45,67.8,65.75,65.8,215670,5126290,15.974624,23700,23285.45
2026-06-03 09:52:00,ATM+8,PUT,442.45,447.55,435,447.55,12480,2399670,16.927913,23700,23285.45
2026-06-03 09:52:00,ATM+9,CALL,56.25,57.25,55.85,56,110175,1469650,16.05214,23750,23285.45
2026-06-03 09:52:00,ATM+9,PUT,482.7,485.5,479,485.5,2795,141830,16.835344,23750,23285.45
2026-06-03 09:52:00,ATM+10,CALL,47.35,48.3,47.05,47.15,323050,5301855,16.091664,23800,23285.45
2026-06-03 09:52:00,ATM+10,PUT,522.05,526.7,516.65,523.35,17940,875875,16.553068,23800,23285.45
2026-06-03 09:53:00,ATM-10,CALL,558.8,563,558.6,558.6,585,87100,16.208872,22800,23280.65
2026-06-03 09:53:00,ATM-10,PUT,44.65,45.45,43.7,45.2,166140,3635060,17.249802,22800,23280.65
2026-06-03 09:53:00,ATM-9,CALL,517.1,517.1,515.8,517.1,65,10920,16.252267,22850,23280.65
2026-06-03 09:53:00,ATM-9,PUT,52.4,53.5,51.3,53.15,62595,693615,17.141442,22850,23280.65
2026-06-03 09:53:00,ATM-8,CALL,475.65,480,474.7,474.7,780,63115,16.030102,22900,23280.65
2026-06-03 09:53:00,ATM-8,PUT,61.35,62.65,60.4,62.3,139685,2299440,17.039667,22900,23280.65
2026-06-03 09:53:00,ATM-7,CALL,437.9,442,434.15,434.15,1365,21515,15.888518,22950,23280.65
2026-06-03 09:53:00,ATM-7,PUT,72,73.05,70.6,73.05,99580,834535,16.973536,22950,23280.65
2026-06-03 09:53:00,ATM-6,CALL,399.1,403.45,398.1,398.15,12285,811980,16.070476,23000,23280.65
2026-06-03 09:53:00,ATM-6,PUT,83.7,85.25,82.25,84.9,471120,5186285,16.876226,23000,23280.65
2026-06-03 09:53:00,ATM-5,CALL,363.95,365.25,361.2,361.6,3315,72475,16.020958,23050,23280.65
2026-06-03 09:53:00,ATM-5,PUT,97.3,98.7,95.55,98.25,133250,1320670,16.780399,23050,23280.65
2026-06-03 09:53:00,ATM-4,CALL,328.9,331.8,327.05,327.35,21255,389740,16.026144,23100,23280.65
2026-06-03 09:53:00,ATM-4,PUT,112.75,114.3,110.65,114.15,230750,2828085,16.770247,23100,23280.65
2026-06-03 09:53:00,ATM-3,CALL,296.25,298.65,294.75,294.8,22360,282490,16.019209,23150,23280.65
2026-06-03 09:53:00,ATM-3,PUT,129.9,131.5,127.4,131.15,133055,1240525,16.703486,23150,23280.65
2026-06-03 09:53:00,ATM-2,CALL,265.2,267.95,263.85,264.75,116805,1825395,16.062501,23200,23280.65
2026-06-03 09:53:00,ATM-2,PUT,148.75,150.7,146.45,150.4,411255,3698695,16.675554,23200,23280.65
2026-06-03 09:53:00,ATM-1,CALL,235.7,239.1,234.95,236.05,151320,1869010,16.054325,23250,23280.65
2026-06-03 09:53:00,ATM-1,PUT,170.45,171.9,167.7,171.8,432315,2668575,16.670683,23250,23280.65
2026-06-03 09:53:00,ATM,CALL,209.1,211.55,208.15,209,413270,9769565,16.019253,23300,23280.65
2026-06-03 09:53:00,ATM,PUT,193.1,195.55,190.2,194.4,835900,7672925,16.608162,23300,23280.65
2026-06-03 09:53:00,ATM+1,CALL,184,186.45,183.2,183.7,159120,3206840,15.964169,23350,23280.65
2026-06-03 09:53:00,ATM+1,PUT,218.4,220.6,215.45,219.6,151255,1621360,16.600468,23350,23280.65
2026-06-03 09:53:00,ATM+2,CALL,161.55,163.45,160.8,161.25,253890,6183320,15.978015,23400,23280.65
2026-06-03 09:53:00,ATM+2,PUT,245.7,247.9,242.7,247.6,186290,3953040,16.664238,23400,23280.65
2026-06-03 09:53:00,ATM+3,CALL,140.45,142.75,140.25,140.5,164710,2576730,15.969617,23450,23280.65
2026-06-03 09:53:00,ATM+3,PUT,274.6,277.3,271.65,277.05,93470,846820,16.692936,23450,23280.65
2026-06-03 09:53:00,ATM+4,CALL,122,123.85,121.8,122,266305,8312850,15.988653,23500,23280.65
2026-06-03 09:53:00,ATM+4,PUT,305.4,308.85,302.55,308,164320,3788915,16.693239,23500,23280.65
2026-06-03 09:53:00,ATM+5,CALL,105.35,106.7,104.9,105.2,72345,1976195,15.994791,23550,23280.65
2026-06-03 09:53:00,ATM+5,PUT,338.75,341.15,335.45,340.1,9295,402610,16.636763,23550,23280.65
2026-06-03 09:53:00,ATM+6,CALL,90.5,91.85,90.15,90.65,108810,5237180,16.045699,23600,23280.65
2026-06-03 09:53:00,ATM+6,PUT,373.5,376.1,369.55,376.1,23205,2143830,16.777274,23600,23280.65
2026-06-03 09:53:00,ATM+7,CALL,77.15,78.4,77.1,77.5,50570,1353820,16.074248,23650,23280.65
2026-06-03 09:53:00,ATM+7,PUT,409.85,413,406.4,407.6,2600,238615,16.330642,23650,23280.65
2026-06-03 09:53:00,ATM+8,CALL,65.85,66.75,65.6,65.95,93405,5154890,16.108944,23700,23280.65
2026-06-03 09:53:00,ATM+8,PUT,449.95,451.95,445.3,451.95,7475,2401490,17.007535,23700,23280.65
2026-06-03 09:53:00,ATM+9,CALL,55.8,56.6,55.65,55.8,73190,1486940,16.141372,23750,23280.65
2026-06-03 09:53:00,ATM+9,PUT,486,491,485.5,490.55,1625,140725,16.977322,23750,23280.65
2026-06-03 09:53:00,ATM+10,CALL,47.15,47.7,47,47.1,142285,5265130,16.191883,23800,23280.65
2026-06-03 09:53:00,ATM+10,PUT,529,531,523.35,531,6890,878995,17.004691,23800,23280.65
2026-06-03 09:54:00,ATM-10,CALL,598.3,598.3,598.3,598.3,0,4160,19.86023,22750,23245
2026-06-03 09:54:00,ATM-10,PUT,38.4,44,37.95,43.7,171990,1014975,17.38717,22750,23245
2026-06-03 09:54:00,ATM-9,CALL,557.3,558.6,530,530,2470,87620,16.420667,22800,23245
2026-06-03 09:54:00,ATM-9,PUT,45.4,51.7,44.9,51.55,383045,3647540,17.297755,22800,23245
2026-06-03 09:54:00,ATM-8,CALL,511.55,517.1,488.6,488.6,325,10920,16.346961,22850,23245
2026-06-03 09:54:00,ATM-8,PUT,53.25,60.4,52.7,60.1,154115,699725,17.158137,22850,23245
2026-06-03 09:54:00,ATM-7,CALL,474.65,474.7,448.5,448.85,3770,63180,16.314136,22900,23245
2026-06-03 09:54:00,ATM-7,PUT,62.3,70.9,61.6,70.4,321230,2329535,17.079741,22900,23245
2026-06-03 09:54:00,ATM-6,CALL,437.6,437.6,408.05,408.05,780,21515,16.024289,22950,23245
2026-06-03 09:54:00,ATM-6,PUT,73,82.35,72.4,82.2,256490,829010,17.014595,22950,23245
2026-06-03 09:54:00,ATM-5,CALL,397.5,399.55,372.1,373.25,64350,812825,16.193355,23000,23245
2026-06-03 09:54:00,ATM-5,PUT,84.85,96,84.15,95.4,1088165,5147220,16.940999,23000,23245
2026-06-03 09:54:00,ATM-4,CALL,361.15,362.65,337.2,337.2,17095,72865,16.073134,23050,23245
2026-06-03 09:54:00,ATM-4,PUT,98.45,110.4,97.8,110.2,458250,1286220,16.869319,23050,23245
2026-06-03 09:54:00,ATM-3,CALL,327.2,328.65,304.5,304.5,81380,386555,16.098511,23100,23245
2026-06-03 09:54:00,ATM-3,PUT,113.85,127.5,112.9,127.45,593385,2844205,16.865067,23100,23245
2026-06-03 09:54:00,ATM-2,CALL,294.5,296.6,273.3,273.55,65390,289445,16.11087,23150,23245
2026-06-03 09:54:00,ATM-2,PUT,131.45,146.5,130.1,146.1,444665,1258400,16.82683,23150,23245
2026-06-03 09:54:00,ATM-1,CALL,264,265.45,243.9,244.5,427050,1836380,16.119529,23200,23245
2026-06-03 09:54:00,ATM-1,PUT,150.3,167.2,149.2,167.2,1104870,3751735,16.839119,23200,23245
2026-06-03 09:54:00,ATM,CALL,235.75,236.55,216.35,216.35,626470,1878110,16.040605,23250,23245
2026-06-03 09:54:00,ATM,PUT,171.5,190.1,170.4,190.1,1361815,2744235,16.84358,23250,23245
2026-06-03 09:54:00,ATM+1,CALL,208.5,209.55,191.6,192,1857245,9789260,16.108833,23300,23245
2026-06-03 09:54:00,ATM+1,PUT,194.8,215.2,193.6,215.2,2387320,7709975,16.871802,23300,23245
2026-06-03 09:54:00,ATM+2,CALL,183.45,184.55,168.3,168.4,643630,3225430,16.076069,23350,23245
2026-06-03 09:54:00,ATM+2,PUT,220.5,242.3,218.85,241.3,479245,1630850,16.826663,23350,23245
2026-06-03 09:54:00,ATM+3,CALL,161.1,162,147.5,147.55,978900,6193395,16.107027,23400,23245
2026-06-03 09:54:00,ATM+3,PUT,247.6,271.15,245.7,270.9,644865,3948880,16.914162,23400,23245
2026-06-03 09:54:00,ATM+4,CALL,140.25,141.15,128.4,128.4,591500,2583425,16.119903,23450,23245
2026-06-03 09:54:00,ATM+4,PUT,277.2,302,275.25,302,298285,848315,16.976232,23450,23245
2026-06-03 09:54:00,ATM+5,CALL,122,122.5,111.15,111.15,979875,8310900,16.136395,23500,23245
2026-06-03 09:54:00,ATM+5,PUT,308.6,334.95,306.05,334.05,281320,3783845,16.968898,23500,23245
2026-06-03 09:54:00,ATM+6,CALL,105,105.6,96.3,96.3,314470,1985230,16.210411,23550,23245
2026-06-03 09:54:00,ATM+6,PUT,340.25,369.3,339.7,369.3,18915,403780,17.095995,23550,23245
2026-06-03 09:54:00,ATM+7,CALL,90.4,91.05,82.55,82.55,564785,5259150,16.23371,23600,23245
2026-06-03 09:54:00,ATM+7,PUT,376.65,405.6,373.65,405.6,78260,2144090,17.17906,23600,23245
2026-06-03 09:54:00,ATM+8,CALL,77.25,77.5,70.75,70.9,209430,1356680,16.311863,23650,23245
2026-06-03 09:54:00,ATM+8,PUT,414.15,444.5,407.6,443.95,8320,238290,17.32238,23650,23245
2026-06-03 09:54:00,ATM+9,CALL,65.7,66.15,60.5,60.5,410540,5166135,16.374452,23700,23245
2026-06-03 09:54:00,ATM+9,PUT,452,483,450.4,483,16835,2400515,17.403701,23700,23245
2026-06-03 09:54:00,ATM+10,CALL,55.8,56.2,51.3,51.35,158990,1500200,16.431867,23750,23245
2026-06-03 09:54:00,ATM+10,PUT,492.25,524.8,490.55,524.8,3250,141115,17.657428,23750,23245
2026-06-03 09:55:00,ATM-10,CALL,598.3,598.3,598.3,598.3,0,4160,21.201028,22750,23230.75
2026-06-03 09:55:00,ATM-10,PUT,43.4,45.45,43.15,45.3,290290,1013545,17.302536,22750,23230.75
2026-06-03 09:55:00,ATM-9,CALL,529.15,532.35,516.2,516.2,6695,88790,16.17333,22800,23230.75
2026-06-03 09:55:00,ATM-9,PUT,50.9,53.4,50.9,53.2,643825,3588065,17.186678,22800,23230.75
2026-06-03 09:55:00,ATM-8,CALL,484.05,488.6,484.05,484.9,260,10920,17.240722,22850,23230.75
2026-06-03 09:55:00,ATM-8,PUT,59.55,62.5,59.55,62.5,212550,710775,17.10114,22850,23230.75
2026-06-03 09:55:00,ATM-7,CALL,446.15,451.05,435.95,437.1,9685,65130,16.244606,22900,23230.75
2026-06-03 09:55:00,ATM-7,PUT,70.1,73.15,69.7,73.05,476320,2360735,17.012194,22900,23230.75
2026-06-03 09:55:00,ATM-6,CALL,405.75,410.3,399,399,2080,21580,16.192413,22950,23230.75
2026-06-03 09:55:00,ATM-6,PUT,81.45,84.85,81.4,84.45,352560,810095,16.870092,22950,23230.75
2026-06-03 09:55:00,ATM-5,CALL,373.2,376,362,362.6,80340,824395,16.15194,23000,23230.75
2026-06-03 09:55:00,ATM-5,PUT,94.55,98.65,94.3,97.9,1345825,5100290,16.78576,23000,23230.75
2026-06-03 09:55:00,ATM-4,CALL,333.45,340.35,327.9,327.9,12285,74100,16.111839,23050,23230.75
2026-06-03 09:55:00,ATM-4,PUT,109.75,113.95,109,113.45,440375,1226680,16.745785,23050,23230.75
2026-06-03 09:55:00,ATM-3,CALL,306,307.95,295.05,295.05,61880,389025,16.076935,23100,23230.75
2026-06-03 09:55:00,ATM-3,PUT,127,131.2,125.4,131.2,690105,2856490,16.745691,23100,23230.75
2026-06-03 09:55:00,ATM-2,CALL,274.55,276,264.55,265.05,48165,277875,16.123828,23150,23230.75
2026-06-03 09:55:00,ATM-2,PUT,145,150.65,144.3,150.6,643305,1290380,16.730084,23150,23230.75
2026-06-03 09:55:00,ATM-1,CALL,245.7,246.9,235.6,237.25,418210,1805895,16.188964,23200,23230.75
2026-06-03 09:55:00,ATM-1,PUT,166.45,172,164.5,170.6,1735435,3823430,16.610014,23200,23230.75
2026-06-03 09:55:00,ATM,CALL,217.05,219.5,209,209.6,661375,1774435,16.104025,23250,23230.75
2026-06-03 09:55:00,ATM,PUT,188.85,195.6,187.25,195.5,1664065,2827370,16.735089,23250,23230.75
2026-06-03 09:55:00,ATM+1,CALL,192.3,193.7,184.2,185.25,1344395,9317880,16.125894,23300,23230.75
2026-06-03 09:55:00,ATM+1,PUT,214.15,220.65,211.9,219.55,2102035,7518160,16.633951,23300,23230.75
2026-06-03 09:55:00,ATM+2,CALL,169.4,169.9,161.55,162.2,478335,3124290,16.091779,23350,23230.75
2026-06-03 09:55:00,ATM+2,PUT,239.5,248.1,238.35,247.2,483080,1602835,16.669135,23350,23230.75
2026-06-03 09:55:00,ATM+3,CALL,147.9,148.9,141.15,141.85,802100,6039410,16.118313,23400,23230.75
2026-06-03 09:55:00,ATM+3,PUT,269.25,277.5,266.6,276.1,528710,3822910,16.651406,23400,23230.75
2026-06-03 09:55:00,ATM+4,CALL,128.55,129.75,122.7,122.8,395915,2483910,16.093394,23450,23230.75
2026-06-03 09:55:00,ATM+4,PUT,301.05,309.95,297.45,308.95,137800,879905,16.812274,23450,23230.75
2026-06-03 09:55:00,ATM+5,CALL,111.6,112.5,106.2,106.2,862160,8114730,16.120185,23500,23230.75
2026-06-03 09:55:00,ATM+5,PUT,332.25,342.25,330.7,342.25,262405,3736330,16.865202,23500,23230.75
2026-06-03 09:55:00,ATM+6,CALL,96.4,96.7,91.7,91.7,273585,1937390,16.18029,23550,23230.75
2026-06-03 09:55:00,ATM+6,PUT,366.35,377.95,365.2,377.95,19695,400075,16.986569,23550,23230.75
2026-06-03 09:55:00,ATM+7,CALL,82.8,83.3,78.65,78.65,514930,5178875,16.224671,23600,23230.75
2026-06-03 09:55:00,ATM+7,PUT,402,413.85,400.6,413.8,105690,2137785,16.976851,23600,23230.75
2026-06-03 09:55:00,ATM+8,CALL,70.95,71.3,67.2,67.2,192140,1299675,16.277895,23650,23230.75
2026-06-03 09:55:00,ATM+8,PUT,443.05,453,440.5,452.3,8775,239265,17.082039,23650,23230.75
2026-06-03 09:55:00,ATM+9,CALL,60.55,60.75,57.3,57.5,343525,5079295,16.372138,23700,23230.75
2026-06-03 09:55:00,ATM+9,PUT,480.25,491.4,477.45,491.35,46085,2400125,17.104276,23700,23230.75
2026-06-03 09:55:00,ATM+10,CALL,50.95,51.65,48.8,49,139295,1478750,16.464185,23750,23230.75
2026-06-03 09:55:00,ATM+10,PUT,526.3,529.75,520.15,529.6,14040,139880,16.874215,23750,23230.75
2026-06-03 09:56:00,ATM-10,CALL,567.55,598.3,558,558,390,4225,16.391371,22750,23228.85
2026-06-03 09:56:00,ATM-10,PUT,45,47.05,44.3,46.15,214045,1008150,17.375785,22750,23228.85
2026-06-03 09:56:00,ATM-9,CALL,517.3,524.6,516.2,517.45,3185,89635,16.53469,22800,23228.85
2026-06-03 09:56:00,ATM-9,PUT,53.1,55.25,51.7,54.4,477100,3546075,17.291351,22800,23228.85
2026-06-03 09:56:00,ATM-8,CALL,475.3,484.9,475.3,476.95,1430,11180,16.508371,22850,23228.85
2026-06-03 09:56:00,ATM-8,PUT,61.65,64,60.45,63.6,185380,758290,17.181341,22850,23228.85
2026-06-03 09:56:00,ATM-7,CALL,437.5,444.6,436.3,438.9,5850,68835,16.596006,22900,23228.85
2026-06-03 09:56:00,ATM-7,PUT,72.75,74.95,70.8,73.8,365755,2368080,17.044797,22900,23228.85
2026-06-03 09:56:00,ATM-6,CALL,400,406.9,397.2,399.4,5005,22490,16.37529,22950,23228.85
2026-06-03 09:56:00,ATM-6,PUT,84.6,86.7,82.7,86.25,238030,838305,16.998917,22950,23228.85
2026-06-03 09:56:00,ATM-5,CALL,362.25,371.4,362.25,364.65,64545,836420,16.473712,23000,23228.85
2026-06-03 09:56:00,ATM-5,PUT,98.4,100.35,96.1,99.75,1092650,5103800,16.906826,23000,23228.85
2026-06-03 09:56:00,ATM-4,CALL,328.1,335.4,327.9,328.55,12350,76570,16.28666,23050,23228.85
2026-06-03 09:56:00,ATM-4,PUT,113.6,115.85,110.65,115.05,322530,1216800,16.833325,23050,23228.85
2026-06-03 09:56:00,ATM-3,CALL,296.1,302.85,295,296.65,72345,422045,16.320773,23100,23228.85
2026-06-03 09:56:00,ATM-3,PUT,130.6,133.95,127.75,131.65,547430,2847195,16.725335,23100,23228.85
2026-06-03 09:56:00,ATM-2,CALL,264.5,272,264.5,265.85,52195,289445,16.287305,23150,23228.85
2026-06-03 09:56:00,ATM-2,PUT,150.2,152.55,146.5,151.7,522145,1338155,16.758741,23150,23228.85
2026-06-03 09:56:00,ATM-1,CALL,236.35,243,235.9,237.3,333775,1880970,16.281514,23200,23228.85
2026-06-03 09:56:00,ATM-1,PUT,171.55,173.5,166.95,172.95,1229280,3930680,16.734773,23200,23228.85
2026-06-03 09:56:00,ATM,CALL,208.95,214.9,208.9,211.4,480610,1851265,16.331663,23250,23228.85
2026-06-03 09:56:00,ATM,PUT,195.1,198.4,189.5,195.1,1227460,2877485,16.629353,23250,23228.85
2026-06-03 09:56:00,ATM+1,CALL,184.4,190.25,184.35,185.6,755300,9472255,16.229585,23300,23228.85
2026-06-03 09:56:00,ATM+1,PUT,219.9,222.15,215.05,221.1,1325870,7305350,16.680589,23300,23228.85
2026-06-03 09:56:00,ATM+2,CALL,161.5,166.5,161.4,162.85,235300,3123510,16.214879,23350,23228.85
2026-06-03 09:56:00,ATM+2,PUT,247.45,249.9,241.5,248.75,247780,1588925,16.710217,23350,23228.85
2026-06-03 09:56:00,ATM+3,CALL,141.15,145.95,141.15,142.25,481520,6022705,16.21674,23400,23228.85
2026-06-03 09:56:00,ATM+3,PUT,277.15,278.75,270.35,278.05,366405,3778580,16.720604,23400,23228.85
2026-06-03 09:56:00,ATM+4,CALL,122.95,126.8,122.5,123.95,228215,2470130,16.253091,23450,23228.85
2026-06-03 09:56:00,ATM+4,PUT,307.95,311.8,301.6,307.3,86970,858455,16.568633,23450,23228.85
2026-06-03 09:56:00,ATM+5,CALL,106.2,109.75,106.05,107.05,584285,8186360,16.253134,23500,23228.85
2026-06-03 09:56:00,ATM+5,PUT,341,344.6,333,342.2,187655,3711630,16.749104,23500,23228.85
2026-06-03 09:56:00,ATM+6,CALL,92.15,94.9,91.5,92.1,185900,1924715,16.271324,23550,23228.85
2026-06-03 09:56:00,ATM+6,PUT,377.35,379.75,367.85,376.4,27885,396825,16.719971,23550,23228.85
2026-06-03 09:56:00,ATM+7,CALL,78.75,81.35,78.5,79.45,343005,5223985,16.354607,23600,23228.85
2026-06-03 09:56:00,ATM+7,PUT,412.35,416.45,404.8,413.25,40625,2133235,16.78769,23600,23228.85
2026-06-03 09:56:00,ATM+8,CALL,67.25,69.75,67.15,67.55,111540,1321255,16.36274,23650,23228.85
2026-06-03 09:56:00,ATM+8,PUT,451.55,453.75,444,450.85,2730,237120,16.781458,23650,23228.85
2026-06-03 09:56:00,ATM+9,CALL,57.3,59.45,57.15,57.3,305305,5100680,16.394555,23700,23228.85
2026-06-03 09:56:00,ATM+9,PUT,490,495,483.35,491.9,16640,2393105,16.999853,23700,23228.85
2026-06-03 09:56:00,ATM+10,CALL,48.65,50.35,48.65,48.8,89375,1482260,16.482523,23750,23228.85
2026-06-03 09:56:00,ATM+10,PUT,530.75,535.1,528,534.15,3055,136240,17.235961,23750,23228.85
2026-06-03 09:57:00,ATM-10,CALL,558,558,558,558,0,4225,15.671531,22750,23234.65
2026-06-03 09:57:00,ATM-10,PUT,46.55,47.4,44.55,45.15,154635,997360,17.36697,22750,23234.65
2026-06-03 09:57:00,ATM-9,CALL,518.4,526.55,516.85,526.55,4680,90610,17.076024,22800,23234.65
2026-06-03 09:57:00,ATM-9,PUT,54.55,55.55,52.2,52.7,345605,3532685,17.21375,22800,23234.65
2026-06-03 09:57:00,ATM-8,CALL,480.8,483.5,476.25,476.25,260,11765,15.877702,22850,23234.65
2026-06-03 09:57:00,ATM-8,PUT,63.35,64.7,61.2,61.85,143000,781300,17.120367,22850,23234.65
2026-06-03 09:57:00,ATM-7,CALL,438.15,445,436.8,445,4355,71045,16.771368,22900,23234.65
2026-06-03 09:57:00,ATM-7,PUT,74.15,75.35,71.5,71.75,319930,2356770,16.972622,22900,23234.65
2026-06-03 09:57:00,ATM-6,CALL,400.15,407.1,399.4,407.1,2340,24635,16.716521,22950,23234.65
2026-06-03 09:57:00,ATM-6,PUT,86.35,87.5,82.9,83.8,182845,833365,16.908852,22950,23234.65
2026-06-03 09:57:00,ATM-5,CALL,364.9,372.7,363.45,371.2,47710,861380,16.705253,23000,23234.65
2026-06-03 09:57:00,ATM-5,PUT,99.7,101,96.15,96.6,719485,5137340,16.772956,23000,23234.65
2026-06-03 09:57:00,ATM-4,CALL,330.05,335.75,328.55,335.75,11440,80340,16.583262,23050,23234.65
2026-06-03 09:57:00,ATM-4,PUT,114.8,116.5,111.2,112,238810,1225835,16.732066,23050,23234.65
2026-06-03 09:57:00,ATM-3,CALL,296.9,304.65,296.1,304.35,44850,434850,16.667296,23100,23234.65
2026-06-03 09:57:00,ATM-3,PUT,132.4,133.65,128.1,128.35,369655,2838290,16.623782,23100,23234.65
2026-06-03 09:57:00,ATM-2,CALL,265.95,273.3,265.35,271.55,36205,299975,16.474252,23150,23234.65
2026-06-03 09:57:00,ATM-2,PUT,151.7,153.2,146.7,147.85,382070,1332760,16.632196,23150,23234.65
2026-06-03 09:57:00,ATM-1,CALL,237.6,244.25,237.15,242.75,241150,2075970,16.462596,23200,23234.65
2026-06-03 09:57:00,ATM-1,PUT,172.65,174.5,167.5,168.75,926575,4008420,16.599979,23200,23234.65
2026-06-03 09:57:00,ATM,CALL,211.05,216.1,210.25,216,342485,2021175,16.460292,23250,23234.65
2026-06-03 09:57:00,ATM,PUT,195.85,198.1,190.9,190.9,738335,2815280,16.514009,23250,23234.65
2026-06-03 09:57:00,ATM+1,CALL,185.5,191.8,185.35,190.75,527020,9630075,16.421305,23300,23234.65
2026-06-03 09:57:00,ATM+1,PUT,221.3,222.9,214.2,216.35,827255,7113080,16.538934,23300,23234.65
2026-06-03 09:57:00,ATM+2,CALL,162.45,168.15,162.45,167.95,154050,3129620,16.422867,23350,23234.65
2026-06-03 09:57:00,ATM+2,PUT,248.1,250.4,241.4,242.2,147420,1578330,16.438249,23350,23234.65
2026-06-03 09:57:00,ATM+3,CALL,142.2,147.25,142.1,146.55,339690,6064110,16.380617,23400,23234.65
2026-06-03 09:57:00,ATM+3,PUT,277.2,280,270.4,271.75,274300,3694795,16.482794,23400,23234.65
2026-06-03 09:57:00,ATM+4,CALL,123.55,127.75,123.3,127.05,145925,2472470,16.337363,23450,23234.65
2026-06-03 09:57:00,ATM+4,PUT,309.05,311.5,301,302.4,43485,843830,16.462832,23450,23234.65
2026-06-03 09:57:00,ATM+5,CALL,107.05,110.7,106.9,110.35,375310,8239075,16.377154,23500,23234.65
2026-06-03 09:57:00,ATM+5,PUT,342.35,344.9,333.05,335.4,140400,3673800,16.488509,23500,23234.65
2026-06-03 09:57:00,ATM+6,CALL,92.05,95.5,92,95.05,160810,1935765,16.387296,23550,23234.65
2026-06-03 09:57:00,ATM+6,PUT,377,379.9,369.3,369.3,9945,393055,16.43772,23550,23234.65
2026-06-03 09:57:00,ATM+7,CALL,78.95,81.65,78.95,81.6,170300,5234775,16.416461,23600,23234.65
2026-06-03 09:57:00,ATM+7,PUT,413.35,415.4,404.45,404.55,31525,2132845,16.350462,23600,23234.65
2026-06-03 09:57:00,ATM+8,CALL,67.45,69.85,67.45,69.6,72865,1341405,16.436861,23650,23234.65
2026-06-03 09:57:00,ATM+8,PUT,452.65,454.75,443.9,443.9,7475,234715,16.51742,23650,23234.65
2026-06-03 09:57:00,ATM+9,CALL,57.4,59.5,57.3,59.25,201500,5165095,16.481359,23700,23234.65
2026-06-03 09:57:00,ATM+9,PUT,490.95,494.05,481.3,481.3,22685,2395900,16.32365,23700,23234.65
2026-06-03 09:57:00,ATM+10,CALL,48.75,50.45,48.75,50.15,63765,1489800,16.520798,23750,23234.65
2026-06-03 09:57:00,ATM+10,PUT,532.3,534.15,530,530,455,136565,17.300315,23750,23234.65
2026-06-03 09:58:00,ATM-10,CALL,558,558,558,558,0,4225,14.277202,22750,23244.55
2026-06-03 09:58:00,ATM-10,PUT,45.15,45.9,42.5,42.5,121030,997295,17.216934,22750,23244.55
2026-06-03 09:58:00,ATM-9,CALL,526,532.35,523.9,532.35,1235,91260,16.778283,22800,23244.55
2026-06-03 09:58:00,ATM-9,PUT,52.95,53.9,50.8,50.8,224250,3486535,17.197439,22800,23244.55
2026-06-03 09:58:00,ATM-8,CALL,486.45,489.25,476.25,489.25,325,11960,16.472883,22850,23244.55
2026-06-03 09:58:00,ATM-8,PUT,62,63,58.5,58.5,111410,771550,16.965844,22850,23244.55
2026-06-03 09:58:00,ATM-7,CALL,444.5,447.65,443.65,446.4,2210,71305,16.087568,22900,23244.55
2026-06-03 09:58:00,ATM-7,PUT,72.3,73.6,69.35,69.35,193440,2379975,16.959306,22900,23244.55
2026-06-03 09:58:00,ATM-6,CALL,407.8,414,406.55,414,715,25220,16.671034,22950,23244.55
2026-06-03 09:58:00,ATM-6,PUT,84,85.75,80.45,80.45,125775,833040,16.830215,22950,23244.55
2026-06-03 09:58:00,ATM-5,CALL,369.8,376.6,367.55,375.25,31135,874185,16.420947,23000,23244.55
2026-06-03 09:58:00,ATM-5,PUT,97.4,99.25,92.8,92.8,547755,5137080,16.684858,23000,23244.55
2026-06-03 09:58:00,ATM-4,CALL,335.25,342,332.85,342,5785,82290,16.542374,23050,23244.55
2026-06-03 09:58:00,ATM-4,PUT,112.95,114.45,107,107,164580,1232140,16.569855,23050,23244.55
2026-06-03 09:58:00,ATM-3,CALL,303.15,310,300.35,310,63700,451035,16.60748,23100,23244.55
2026-06-03 09:58:00,ATM-3,PUT,129.7,131.95,123.35,123.35,272415,2816385,16.498044,23100,23244.55
2026-06-03 09:58:00,ATM-2,CALL,271.65,276.2,269.65,276.2,42510,311025,16.361947,23150,23244.55
2026-06-03 09:58:00,ATM-2,PUT,148.4,150.45,143.8,143.8,219440,1354470,16.621415,23150,23244.55
2026-06-03 09:58:00,ATM-1,CALL,242.45,248.8,240.4,248.8,312780,2151760,16.499374,23200,23244.55
2026-06-03 09:58:00,ATM-1,PUT,169.8,171.75,162.7,162.7,664820,4038255,16.455576,23200,23244.55
2026-06-03 09:58:00,ATM,CALL,215.1,219.2,213.35,218.85,481195,2120040,16.267668,23250,23244.55
2026-06-03 09:58:00,ATM,PUT,192.85,194.8,187.25,187.25,537810,2798055,16.59761,23250,23244.55
2026-06-03 09:58:00,ATM+1,CALL,190.8,194.25,188.3,194.25,530530,9732385,16.313406,23300,23244.55
2026-06-03 09:58:00,ATM+1,PUT,216.3,220,210.3,210.3,618735,7060755,16.458949,23300,23244.55
2026-06-03 09:58:00,ATM+2,CALL,167.15,170.15,165.15,170.15,174720,3143855,16.239661,23350,23244.55
2026-06-03 09:58:00,ATM+2,PUT,244.3,246.85,234.9,234.9,211640,1551550,16.287287,23350,23244.55
2026-06-03 09:58:00,ATM+3,CALL,146.25,150.4,144.8,150.4,315965,6151470,16.363029,23400,23244.55
2026-06-03 09:58:00,ATM+3,PUT,272.9,276.55,263.35,263.35,183950,3676140,16.26945,23400,23244.55
2026-06-03 09:58:00,ATM+4,CALL,127.05,130.8,125.65,130.8,180180,2457000,16.342768,23450,23244.55
2026-06-03 09:58:00,ATM+4,PUT,302.75,308,294.55,294.55,35620,838175,16.322366,23450,23244.55
2026-06-03 09:58:00,ATM+5,CALL,110.25,112.4,109.1,112,401115,8372520,16.228953,23500,23244.55
2026-06-03 09:58:00,ATM+5,PUT,337.2,339.75,329.7,330.4,93145,3652675,16.625341,23500,23244.55
2026-06-03 09:58:00,ATM+6,CALL,94.8,97.7,93.85,97.7,154180,1918475,16.356292,23550,23244.55
2026-06-03 09:58:00,ATM+6,PUT,371.05,374,364.2,364.4,7410,392470,16.621973,23550,23244.55
2026-06-03 09:58:00,ATM+7,CALL,81.35,83.15,80.45,83.15,180765,5240495,16.308097,23600,23244.55
2026-06-03 09:58:00,ATM+7,PUT,407.75,410.45,399.5,399.5,28145,2134730,16.56326,23600,23244.55
2026-06-03 09:58:00,ATM+8,CALL,69.6,71.3,68.85,71.3,74685,1342900,16.368574,23650,23244.55
2026-06-03 09:58:00,ATM+8,PUT,445.45,449.2,439.05,439.05,6045,234325,16.792522,23650,23244.55
2026-06-03 09:58:00,ATM+9,CALL,59.1,60.5,58.5,60.5,166140,5181085,16.389044,23700,23244.55
2026-06-03 09:58:00,ATM+9,PUT,482,487.7,476.3,477,19175,2401295,16.715998,23700,23244.55
2026-06-03 09:58:00,ATM+10,CALL,50.25,51.7,49.7,51.7,83915,1493570,16.48808,23750,23244.55
2026-06-03 09:58:00,ATM+10,PUT,522.3,530,519.2,519.35,4355,136370,16.986525,23750,23244.55
2026-06-03 09:59:00,ATM-10,CALL,558,558,558,558,0,4225,12.783784,22750,23253.15
2026-06-03 09:59:00,ATM-10,PUT,42.25,42.5,39.35,41.8,155545,996060,17.300188,22750,23253.15
2026-06-03 09:59:00,ATM-9,CALL,539,549,532.35,535.9,5655,91390,16.304157,22800,23253.15
2026-06-03 09:59:00,ATM-9,PUT,49.75,50.8,46.35,49.25,465530,3465345,17.190756,22800,23253.15
2026-06-03 09:59:00,ATM-8,CALL,500.9,500.9,489.25,496.5,845,12025,16.507379,22850,23253.15
2026-06-03 09:59:00,ATM-8,PUT,58.25,58.5,54.15,57.7,136565,781625,17.070599,22850,23253.15
2026-06-03 09:59:00,ATM-7,CALL,457.15,466.5,446.4,454.65,7215,71955,16.253721,22900,23253.15
2026-06-03 09:59:00,ATM-7,PUT,68.05,69.35,63.6,67.6,301795,2361320,16.978994,22900,23253.15
2026-06-03 09:59:00,ATM-6,CALL,416,428.45,414,417.25,2600,25350,16.343483,22950,23253.15
2026-06-03 09:59:00,ATM-6,PUT,79.35,80.45,74,78.95,211510,818545,16.898942,22950,23253.15
2026-06-03 09:59:00,ATM-5,CALL,379.45,390.25,375.25,379.3,64090,860925,16.214241,23000,23253.15
2026-06-03 09:59:00,ATM-5,PUT,92.3,92.8,86.55,91.5,818870,5119920,16.794005,23000,23253.15
2026-06-03 09:59:00,ATM-4,CALL,343.65,353.75,342,344.35,17680,80795,16.219196,23050,23253.15
2026-06-03 09:59:00,ATM-4,PUT,106.5,107,99.85,105.8,304460,1245595,16.708535,23050,23253.15
2026-06-03 09:59:00,ATM-3,CALL,310.75,319.95,309.45,310.35,97240,443755,16.150404,23100,23253.15
2026-06-03 09:59:00,ATM-3,PUT,123,123.35,115.35,122.15,519415,2793180,16.657416,23100,23253.15
2026-06-03 09:59:00,ATM-2,CALL,279.2,287.7,276.2,279.6,69095,323570,16.204265,23150,23253.15
2026-06-03 09:59:00,ATM-2,PUT,141.55,143.8,133.1,140.7,438880,1310855,16.642396,23150,23253.15
2026-06-03 09:59:00,ATM-1,CALL,249,257.75,248.45,249.1,503035,2193555,16.117068,23200,23253.15
2026-06-03 09:59:00,ATM-1,PUT,161.9,162.7,152.35,160.75,1037530,3940235,16.597491,23200,23253.15
2026-06-03 09:59:00,ATM,CALL,221.25,228.6,218.85,221.8,729690,2208570,16.133593,23250,23253.15
2026-06-03 09:59:00,ATM,PUT,183.8,187.25,174.25,183.15,979485,2613260,16.589803,23250,23253.15
2026-06-03 09:59:00,ATM+1,CALL,196.05,202.4,194.25,195.35,1277835,9693970,16.057602,23300,23253.15
2026-06-03 09:59:00,ATM+1,PUT,208.1,210.3,197.7,207.1,1295385,6939920,16.551187,23300,23253.15
2026-06-03 09:59:00,ATM+2,CALL,172.15,177.9,170.15,171.95,374205,3152695,16.067265,23350,23253.15
2026-06-03 09:59:00,ATM+2,PUT,234.8,234.9,223.15,233.45,207675,1530035,16.550123,23350,23253.15
2026-06-03 09:59:00,ATM+3,CALL,150.7,155.8,149.6,150.1,615095,6175650,16.041691,23400,23253.15
2026-06-03 09:59:00,ATM+3,PUT,263.45,263.45,250.35,262.1,333190,3705195,16.580294,23400,23253.15
2026-06-03 09:59:00,ATM+4,CALL,130.65,135.35,130.25,130.75,264550,2456870,16.062257,23450,23253.15
2026-06-03 09:59:00,ATM+4,PUT,293.2,294.55,280,292.6,67210,827190,16.608816,23450,23253.15
2026-06-03 09:59:00,ATM+5,CALL,113.6,117,112,113.35,664625,8377980,16.089793,23500,23253.15
2026-06-03 09:59:00,ATM+5,PUT,325.5,330.4,313,324.95,211445,3662165,16.640822,23500,23253.15
2026-06-03 09:59:00,ATM+6,CALL,97.9,101.05,96.9,97.25,244140,1921855,16.072778,23550,23253.15
2026-06-03 09:59:00,ATM+6,PUT,360,364.4,345.15,359.2,20280,392535,16.68803,23550,23253.15
2026-06-03 09:59:00,ATM+7,CALL,84,86.75,83.15,83.8,379730,5236270,16.143603,23600,23253.15
2026-06-03 09:59:00,ATM+7,PUT,394.65,399.5,382,394.4,51740,2122510,16.670181,23600,23253.15
2026-06-03 09:59:00,ATM+8,CALL,71.95,73.95,71,71.45,159055,1348230,16.169317,23650,23253.15
2026-06-03 09:59:00,ATM+8,PUT,434,439.05,419.5,431.8,4485,233610,16.712261,23650,23253.15
2026-06-03 09:59:00,ATM+9,CALL,61.1,62.75,60.35,60.7,217035,5191420,16.208182,23700,23253.15
2026-06-03 09:59:00,ATM+9,PUT,471.7,477,457.8,470.25,12610,2402140,16.712341,23700,23253.15
2026-06-03 09:59:00,ATM+10,CALL,51.85,53.2,51.2,51.35,95290,1502735,16.253299,23750,23253.15
2026-06-03 09:59:00,ATM+10,PUT,512.1,519.35,499.5,512.9,1300,135850,17.040286,23750,23253.15
2026-06-03 10:00:00,ATM-10,CALL,558,558,558,558,0,4225,12.372983,22750,23255.15
2026-06-03 10:00:00,ATM-10,PUT,42.3,43.15,41.55,42.25,92170,992745,17.405079,22750,23255.15
2026-06-03 10:00:00,ATM-9,CALL,534.6,536.65,532.9,535,1690,92170,15.955258,22800,23255.15
2026-06-03 10:00:00,ATM-9,PUT,48.95,50.5,48.95,49.35,247520,3397615,17.247845,22800,23255.15
2026-06-03 10:00:00,ATM-8,CALL,493.55,496.5,492.45,492.45,195,12025,15.812189,22850,23255.15
2026-06-03 10:00:00,ATM-8,PUT,57.7,59.4,57.3,58.05,75530,795665,17.158183,22850,23255.15
2026-06-03 10:00:00,ATM-7,CALL,453.35,455.1,452.65,454,910,71045,16.004248,22900,23255.15
2026-06-03 10:00:00,ATM-7,PUT,67.35,69.2,67,68,170105,2367755,17.071487,22900,23255.15
2026-06-03 10:00:00,ATM-6,CALL,416.15,417.25,415,415.95,390,25935,16.052055,22950,23255.15
2026-06-03 10:00:00,ATM-6,PUT,79.1,80.55,78.2,78.8,132600,835835,16.935325,22950,23255.15
2026-06-03 10:00:00,ATM-5,CALL,380.3,383.5,376,382,23140,850005,16.33655,23000,23255.15
2026-06-03 10:00:00,ATM-5,PUT,91.3,93.45,91,91.75,430365,5142930,16.872616,23000,23255.15
2026-06-03 10:00:00,ATM-4,CALL,344.15,347.2,340.75,346.15,5655,81120,16.258599,23050,23255.15
2026-06-03 10:00:00,ATM-4,PUT,106.6,107.95,105.1,105.5,182975,1268215,16.73907,23050,23255.15
2026-06-03 10:00:00,ATM-3,CALL,308,314.05,307.3,313.5,26845,433095,16.312979,23100,23255.15
2026-06-03 10:00:00,ATM-3,PUT,122.95,124.4,121.3,121.8,260520,2770625,16.688436,23100,23255.15
2026-06-03 10:00:00,ATM-2,CALL,279.65,281.8,276.5,281.8,21125,323895,16.287079,23150,23255.15
2026-06-03 10:00:00,ATM-2,PUT,139.9,142.3,139.4,140.05,178815,1330160,16.653212,23150,23255.15
2026-06-03 10:00:00,ATM-1,CALL,247.8,252.2,246.75,251,193310,2213185,16.179358,23200,23255.15
2026-06-03 10:00:00,ATM-1,PUT,161.4,163.45,158.65,160.65,508560,3957460,16.659715,23200,23255.15
2026-06-03 10:00:00,ATM,CALL,220.55,223.7,218.55,222.3,305565,2283515,16.087328,23250,23255.15
2026-06-03 10:00:00,ATM,PUT,184.25,185.5,181.15,182.5,434070,2670330,16.612591,23250,23255.15
2026-06-03 10:00:00,ATM+1,CALL,194.95,198,193.6,196.95,428675,9877075,16.107178,23300,23255.15
2026-06-03 10:00:00,ATM+1,PUT,207.95,209.9,205.4,206.95,524680,7038070,16.620652,23300,23255.15
2026-06-03 10:00:00,ATM+2,CALL,171.05,173.7,169.9,173,134940,3182985,16.078781,23350,23255.15
2026-06-03 10:00:00,ATM+2,PUT,232.85,236.2,230.85,232.55,111020,1535040,16.565144,23350,23255.15
2026-06-03 10:00:00,ATM+3,CALL,150.3,151.8,148.65,151.55,265200,6195475,16.092945,23400,23255.15
2026-06-03 10:00:00,ATM+3,PUT,263.9,264.75,259.55,259.55,176410,3716180,16.465632,23400,23255.15
2026-06-03 10:00:00,ATM+4,CALL,129.65,131.85,129,131.6,122590,2448745,16.070467,23450,23255.15
2026-06-03 10:00:00,ATM+4,PUT,292.5,295.3,289.9,290.85,31135,826605,16.565313,23450,23255.15
2026-06-03 10:00:00,ATM+5,CALL,113.4,114.3,111.75,114.2,331630,8452795,16.104757,23500,23255.15
2026-06-03 10:00:00,ATM+5,PUT,323.8,327.7,321.5,321.75,109915,3643640,16.475618,23500,23255.15
2026-06-03 10:00:00,ATM+6,CALL,96.75,98.3,95.7,97.9,104715,1944085,16.076643,23550,23255.15
2026-06-03 10:00:00,ATM+6,PUT,362,362,354.8,356.8,11895,393705,16.594873,23550,23255.15
2026-06-03 10:00:00,ATM+7,CALL,83.3,84.35,82.3,83.8,127335,5292755,16.091216,23600,23255.15
2026-06-03 10:00:00,ATM+7,PUT,395,397.35,390.8,392,18070,2121535,16.578494,23600,23255.15
2026-06-03 10:00:00,ATM+8,CALL,71.05,71.7,70.25,71.45,62270,1371955,16.119978,23650,23255.15
2026-06-03 10:00:00,ATM+8,PUT,435,435.55,429.85,429.85,4225,233935,16.666865,23650,23255.15
2026-06-03 10:00:00,ATM+9,CALL,60.35,61,59.65,60.75,187980,5216705,16.167105,23700,23255.15
2026-06-03 10:00:00,ATM+9,PUT,473.2,475,468,469.15,5915,2400840,16.762081,23700,23255.15
2026-06-03 10:00:00,ATM+10,CALL,51.35,51.7,50.55,51.35,79495,1524835,16.209161,23750,23255.15
2026-06-03 10:00:00,ATM+10,PUT,513.1,515.3,510,510,1625,136305,16.890427,23750,23255.15
2026-06-03 10:01:00,ATM-10,CALL,581.1,581.95,558,575.2,455,4550,16.299628,22750,23249.7
2026-06-03 10:01:00,ATM-10,PUT,42.1,43.55,41.6,43.5,75985,1006460,17.464342,22750,23249.7
2026-06-03 10:01:00,ATM-9,CALL,538.2,540.95,535,540.75,520,92235,17.306935,22800,23249.7
2026-06-03 10:01:00,ATM-9,PUT,49.2,51.25,48.7,51.25,184535,3373045,17.369462,22800,23249.7
2026-06-03 10:01:00,ATM-8,CALL,492.45,492.45,492.45,492.45,0,12025,16.360169,22850,23249.7
2026-06-03 10:01:00,ATM-8,PUT,58,60.2,57.15,59.85,67600,793910,17.24353,22850,23249.7
2026-06-03 10:01:00,ATM-7,CALL,456.75,459,454,454.65,2535,70720,16.556201,22900,23249.7
2026-06-03 10:01:00,ATM-7,PUT,67.25,70.05,66.95,70.05,109525,2373995,17.162205,22900,23249.7
2026-06-03 10:01:00,ATM-6,CALL,417.6,417.6,415.1,415.9,585,26065,16.474876,22950,23249.7
2026-06-03 10:01:00,ATM-6,PUT,78.55,81.7,78,81.7,89570,849810,17.090755,22950,23249.7
2026-06-03 10:01:00,ATM-5,CALL,380.9,383.9,376.8,376.85,16770,854165,16.221447,23000,23249.7
2026-06-03 10:01:00,ATM-5,PUT,91.2,94.55,90.6,94.55,330265,5170100,16.993709,23000,23249.7
2026-06-03 10:01:00,ATM-4,CALL,346.05,347.2,344.1,347.15,2730,82355,16.694057,23050,23249.7
2026-06-03 10:01:00,ATM-4,PUT,106.05,109.4,104.75,109.2,144040,1298960,16.92013,23050,23249.7
2026-06-03 10:01:00,ATM-3,CALL,312.95,314.2,308.55,309,27170,438490,16.232116,23100,23249.7
2026-06-03 10:01:00,ATM-3,PUT,122.25,126.05,120.9,125.75,148525,2795910,16.867459,23100,23249.7
2026-06-03 10:01:00,ATM-2,CALL,278.85,282.1,276.95,276.95,18720,328120,16.162134,23150,23249.7
2026-06-03 10:01:00,ATM-2,PUT,141.55,144.7,139,144.7,91325,1359020,16.868898,23150,23249.7
2026-06-03 10:01:00,ATM-1,CALL,251.15,252.65,247.7,248.05,151450,2306265,16.197147,23200,23249.7
2026-06-03 10:01:00,ATM-1,PUT,159.6,165.2,158.4,164.75,331825,4051385,16.808232,23200,23249.7
2026-06-03 10:01:00,ATM,CALL,223.1,224.1,220.45,220.65,225680,2341170,16.193259,23250,23249.7
2026-06-03 10:01:00,ATM,PUT,181.5,187.75,181.3,187.2,309790,2785445,16.790993,23250,23249.7
2026-06-03 10:01:00,ATM+1,CALL,197.7,198.1,194.65,195,417040,10023845,16.170671,23300,23249.7
2026-06-03 10:01:00,ATM+1,PUT,205.7,212.3,204.6,212.3,356330,7134140,16.833907,23300,23249.7
2026-06-03 10:01:00,ATM+2,CALL,173.1,174.1,171.15,171.15,131950,3190785,16.133031,23350,23249.7
2026-06-03 10:01:00,ATM+2,PUT,231.95,238.5,231.25,238.3,94315,1549730,16.794885,23350,23249.7
2026-06-03 10:01:00,ATM+3,CALL,151.95,152.2,149.6,149.8,166335,6227845,16.138548,23400,23249.7
2026-06-03 10:01:00,ATM+3,PUT,260.55,267.1,259.15,266.35,116740,3691610,16.768104,23400,23249.7
2026-06-03 10:01:00,ATM+4,CALL,131.55,132.25,129.85,129.85,111085,2444325,16.099302,23450,23249.7
2026-06-03 10:01:00,ATM+4,PUT,290,297.65,289.45,297.65,17160,828035,16.857878,23450,23249.7
2026-06-03 10:01:00,ATM+5,CALL,114.35,114.65,112.5,112.8,195390,8462350,16.14763,23500,23249.7
2026-06-03 10:01:00,ATM+5,PUT,324.05,329.9,321.35,329.15,53885,3647800,16.812896,23500,23249.7
2026-06-03 10:01:00,ATM+6,CALL,98.35,98.75,97.1,97.1,77025,1959620,16.158603,23550,23249.7
2026-06-03 10:01:00,ATM+6,PUT,356.1,362,355,362,6175,393510,16.72886,23550,23249.7
2026-06-03 10:01:00,ATM+7,CALL,84.05,84.6,83.2,83.2,121875,5308875,16.179239,23600,23249.7
2026-06-03 10:01:00,ATM+7,PUT,391.95,400,390,400,18330,2119195,16.970181,23600,23249.7
2026-06-03 10:01:00,ATM+8,CALL,71.65,72.15,71,71.2,46800,1370525,16.232116,23650,23249.7
2026-06-03 10:01:00,ATM+8,PUT,429.4,432.8,428,431.45,3510,233935,16.412645,23650,23249.7
2026-06-03 10:01:00,ATM+9,CALL,61.05,61.4,60.35,60.45,90805,5235100,16.264353,23700,23249.7
2026-06-03 10:01:00,ATM+9,PUT,471.8,475.9,468.05,475.9,5070,2401100,17.03505,23700,23249.7
2026-06-03 10:01:00,ATM+10,CALL,51.75,52.05,51.3,51.3,40430,1543295,16.326972,23750,23249.7
2026-06-03 10:01:00,ATM+10,PUT,512.05,512.05,509,509,1105,136110,16.251945,23750,23249.7
2026-06-03 10:02:00,ATM-10,CALL,578.5,578.5,575.2,578.5,195,4485,16.055772,22750,23255.4
2026-06-03 10:02:00,ATM-10,PUT,43.1,43.5,41.85,42.05,69355,1005810,17.384197,22750,23255.4
2026-06-03 10:02:00,ATM-9,CALL,535.85,540.75,535.85,539.1,195,92365,16.482555,22800,23255.4
2026-06-03 10:02:00,ATM-9,PUT,50.55,51.25,49.15,49.4,175435,3377465,17.26131,22800,23255.4
2026-06-03 10:02:00,ATM-8,CALL,494.9,497.55,492.45,497.55,585,11505,16.416966,22850,23255.4
2026-06-03 10:02:00,ATM-8,PUT,59.4,59.85,57.7,57.95,47515,788840,17.153816,22850,23255.4
2026-06-03 10:02:00,ATM-7,CALL,456.85,457.8,454.65,456.75,1365,71110,16.293865,22900,23255.4
2026-06-03 10:02:00,ATM-7,PUT,69.45,70.05,67.5,67.65,101530,2379000,17.041034,22900,23255.4
2026-06-03 10:02:00,ATM-6,CALL,415.2,419,415.2,418.05,585,26455,16.25336,22950,23255.4
2026-06-03 10:02:00,ATM-6,PUT,80.6,81.7,78.65,78.9,73905,851240,16.953457,22950,23255.4
2026-06-03 10:02:00,ATM-5,CALL,378.95,382.4,376.85,381.3,11375,856245,16.253289,23000,23255.4
2026-06-03 10:02:00,ATM-5,PUT,93.8,94.55,91.2,91.7,272025,5175755,16.876117,23000,23255.4
2026-06-03 10:02:00,ATM-4,CALL,346,347.15,343.95,345.05,4160,83135,16.143716,23050,23255.4
2026-06-03 10:02:00,ATM-4,PUT,107.9,109.2,105.85,106.05,65845,1336790,16.797964,23050,23255.4
2026-06-03 10:02:00,ATM-3,CALL,310.4,313.25,309,312.15,15665,439855,16.182161,23100,23255.4
2026-06-03 10:02:00,ATM-3,PUT,124.8,125.75,121.8,122.15,137930,2802540,16.728193,23100,23255.4
2026-06-03 10:02:00,ATM-2,CALL,278.6,281.4,276.95,279.8,15405,335010,16.106418,23150,23255.4
2026-06-03 10:02:00,ATM-2,PUT,143.15,144.7,140,140.5,106340,1369225,16.700931,23150,23255.4
2026-06-03 10:02:00,ATM-1,CALL,249.5,251.8,248.05,250.55,74295,2319850,16.132266,23200,23255.4
2026-06-03 10:02:00,ATM-1,PUT,163.25,164.75,159.95,161,249210,4050995,16.69883,23200,23255.4
2026-06-03 10:02:00,ATM,CALL,221.25,223.6,220.65,222.7,128635,2376985,16.111007,23250,23255.4
2026-06-03 10:02:00,ATM,PUT,186.25,187.2,182.4,183.4,280670,2784470,16.696717,23250,23255.4
2026-06-03 10:02:00,ATM+1,CALL,195.8,198,195,196.75,248430,10079355,16.082896,23300,23255.4
2026-06-03 10:02:00,ATM+1,PUT,210,212.3,206.65,207.45,292695,7150780,16.672695,23300,23255.4
2026-06-03 10:02:00,ATM+2,CALL,172,173.7,171.15,172.55,68510,3186170,16.034803,23350,23255.4
2026-06-03 10:02:00,ATM+2,PUT,236.25,238.3,232,233.15,61815,1544855,16.626297,23350,23255.4
2026-06-03 10:02:00,ATM+3,CALL,150.6,151.9,149.8,151.3,136760,6217445,16.065605,23400,23255.4
2026-06-03 10:02:00,ATM+3,PUT,264.4,266.35,261,261,67860,3681145,16.598523,23400,23255.4
2026-06-03 10:02:00,ATM+4,CALL,131,132.2,129.85,131.3,75790,2457650,16.038954,23450,23255.4
2026-06-03 10:02:00,ATM+4,PUT,295,297.65,290.7,291.4,19890,829530,16.626007,23450,23255.4
2026-06-03 10:02:00,ATM+5,CALL,113.6,114.65,112.8,113.9,169585,8493940,16.072875,23500,23255.4
2026-06-03 10:02:00,ATM+5,PUT,327.65,329.15,323.15,323.35,29640,3648710,16.630647,23500,23255.4
2026-06-03 10:02:00,ATM+6,CALL,97.65,98.7,97.1,97.85,70200,1971645,16.066935,23550,23255.4
2026-06-03 10:02:00,ATM+6,PUT,361.65,362,357.75,357.75,6240,393250,16.697926,23550,23255.4
2026-06-03 10:02:00,ATM+7,CALL,83.95,84.5,83.2,83.95,235495,5314010,16.101008,23600,23255.4
2026-06-03 10:02:00,ATM+7,PUT,398.4,400,393.1,394.25,6305,2121080,16.8115,23600,23255.4
2026-06-03 10:02:00,ATM+8,CALL,71.5,72.15,71.2,71.6,32890,1373515,16.131077,23650,23255.4
2026-06-03 10:02:00,ATM+8,PUT,432.6,434.1,431,433.3,1690,234520,17.034615,23650,23255.4
2026-06-03 10:02:00,ATM+9,CALL,60.8,61.45,60.45,61.1,56680,5234060,16.201762,23700,23255.4
2026-06-03 10:02:00,ATM+9,PUT,472.55,475.9,469.45,470.05,2340,2400255,16.881134,23700,23255.4
2026-06-03 10:02:00,ATM+10,CALL,51.55,52.15,51.3,51.75,36985,1544335,16.253302,23750,23255.4
2026-06-03 10:02:00,ATM+10,PUT,513.7,514.9,509,511.8,2405,136435,17.122283,23750,23255.4
2026-06-03 10:03:00,ATM-10,CALL,578.5,578.5,578.5,578.5,0,4485,14.212768,22750,23267.85
2026-06-03 10:03:00,ATM-10,PUT,42.1,42.15,39.65,40.2,112125,1021410,17.381988,22750,23267.85
2026-06-03 10:03:00,ATM-9,CALL,542.7,545.35,539.1,545,1040,92300,15.846348,22800,23267.85
2026-06-03 10:03:00,ATM-9,PUT,49.5,49.5,46.55,46.55,159120,3372135,17.163416,22800,23267.85
2026-06-03 10:03:00,ATM-8,CALL,503.65,503.65,497.55,498.85,130,11505,15.282565,22850,23267.85
2026-06-03 10:03:00,ATM-8,PUT,58,58.15,54.75,55.35,66300,791700,17.129161,22850,23267.85
2026-06-03 10:03:00,ATM-7,CALL,462.8,463.6,456.75,463.6,780,70915,15.948279,22900,23267.85
2026-06-03 10:03:00,ATM-7,PUT,67.55,67.85,64,64,154440,2360800,16.937172,22900,23267.85
2026-06-03 10:03:00,ATM-6,CALL,424,427.65,418.05,427.65,975,26520,16.264995,22950,23267.85
2026-06-03 10:03:00,ATM-6,PUT,78.95,78.95,74.95,75.3,99580,836030,16.89832,22950,23267.85
2026-06-03 10:03:00,ATM-5,CALL,380.95,391.1,380.2,390.3,34580,857870,16.244503,23000,23267.85
2026-06-03 10:03:00,ATM-5,PUT,91.65,91.85,87.05,87.55,422045,5159960,16.807716,23000,23267.85
2026-06-03 10:03:00,ATM-4,CALL,345,355,345,355,5980,83135,16.262236,23050,23267.85
2026-06-03 10:03:00,ATM-4,PUT,106.35,106.5,100.8,100.8,149110,1340755,16.668799,23050,23267.85
2026-06-03 10:03:00,ATM-3,CALL,312,320.35,311.8,319.35,45565,444145,16.091109,23100,23267.85
2026-06-03 10:03:00,ATM-3,PUT,122.55,122.6,116.65,117.55,227825,2798705,16.699951,23100,23267.85
2026-06-03 10:03:00,ATM-2,CALL,279.85,288.8,279.8,288,31785,333710,16.143666,23150,23267.85
2026-06-03 10:03:00,ATM-2,PUT,140.85,140.85,133.7,133.7,141180,1369485,16.524497,23150,23267.85
2026-06-03 10:03:00,ATM-1,CALL,250.05,258,250.05,257.6,206635,2306070,16.113103,23200,23267.85
2026-06-03 10:03:00,ATM-1,PUT,160.85,161.15,153.6,154.6,454350,4044885,16.598985,23200,23267.85
2026-06-03 10:03:00,ATM,CALL,222.05,230,222.05,230,350805,2377050,16.152685,23250,23267.85
2026-06-03 10:03:00,ATM,PUT,183.15,183.4,175.1,175.25,453570,2811445,16.494438,23250,23267.85
2026-06-03 10:03:00,ATM+1,CALL,196.65,203.05,196.35,203,681590,9991670,16.079398,23300,23267.85
2026-06-03 10:03:00,ATM+1,PUT,206.8,207.6,199,199.8,578695,7100210,16.551286,23300,23267.85
2026-06-03 10:03:00,ATM+2,CALL,172.45,178.55,172.4,178.3,208260,3191305,16.031183,23350,23267.85
2026-06-03 10:03:00,ATM+2,PUT,233,233.55,224.1,224.55,102310,1545115,16.466561,23350,23267.85
2026-06-03 10:03:00,ATM+3,CALL,150.85,156.65,150.8,156.65,302120,6211205,16.069445,23400,23267.85
2026-06-03 10:03:00,ATM+3,PUT,262.15,262.15,251.6,251.6,140140,3673800,16.41046,23400,23267.85
2026-06-03 10:03:00,ATM+4,CALL,131.2,136.35,131,135.65,132405,2463760,15.99955,23450,23267.85
2026-06-03 10:03:00,ATM+4,PUT,292,292.2,281.4,283.15,27170,830635,16.569466,23450,23267.85
2026-06-03 10:03:00,ATM+5,CALL,113.7,117.75,113.7,117.75,324870,8481265,16.029099,23500,23267.85
2026-06-03 10:03:00,ATM+5,PUT,323.6,324.15,312.7,313.55,88530,3638245,16.477578,23500,23267.85
2026-06-03 10:03:00,ATM+6,CALL,97.6,101.5,97.6,101.15,108680,1967420,16.012196,23550,23267.85
2026-06-03 10:03:00,ATM+6,PUT,355,357.75,346.65,349.05,11115,393770,16.676089,23550,23267.85
2026-06-03 10:03:00,ATM+7,CALL,83.7,87.2,83.6,87.05,235885,5338515,16.064522,23600,23267.85
2026-06-03 10:03:00,ATM+7,PUT,393,394.25,381.65,384.05,20150,2121730,16.685082,23600,23267.85
2026-06-03 10:03:00,ATM+8,CALL,71.6,74.45,71.6,74.1,59020,1376310,16.07171,23650,23267.85
2026-06-03 10:03:00,ATM+8,PUT,432.35,433.3,420,420,2730,234715,16.628752,23650,23267.85
2026-06-03 10:03:00,ATM+9,CALL,61.05,63.3,60.95,63.15,135200,5241665,16.128618,23700,23267.85
2026-06-03 10:03:00,ATM+9,PUT,470,470.05,457.25,458.1,8060,2399865,16.631874,23700,23267.85
2026-06-03 10:03:00,ATM+10,CALL,51.75,53.7,51.6,53.6,61425,1538485,16.190225,23750,23267.85
2026-06-03 10:03:00,ATM+10,PUT,509,511.8,499.55,499.55,195,137085,16.856279,23750,23267.85
2026-06-03 10:04:00,ATM-10,CALL,551,562.3,545,561.9,4225,91195,16.573863,22800,23281.6
2026-06-03 10:04:00,ATM-10,PUT,46.25,46.65,44.1,44.1,286975,3378310,17.131931,22800,23281.6
2026-06-03 10:04:00,ATM-9,CALL,510.1,515.95,498.85,515.95,455,11635,16.016862,22850,23281.6
2026-06-03 10:04:00,ATM-9,PUT,54.6,55.35,51.95,51.95,89310,789555,17.024345,22850,23281.6
2026-06-03 10:04:00,ATM-8,CALL,468,478.1,463.6,478.1,2145,70655,16.352712,22900,23281.6
2026-06-03 10:04:00,ATM-8,PUT,63.9,64,60.7,60.7,185965,2371525,16.889289,22900,23281.6
2026-06-03 10:04:00,ATM-7,CALL,430.45,439,427.65,439,455,26455,16.346797,22950,23281.6
2026-06-03 10:04:00,ATM-7,PUT,74.4,75.3,70.85,71,128050,844025,16.789424,22950,23281.6
2026-06-03 10:04:00,ATM-6,CALL,392.75,400.25,390.3,400.25,59540,872300,16.223585,23000,23281.6
2026-06-03 10:04:00,ATM-6,PUT,86.85,87.55,82.6,82.65,547235,5159115,16.686837,23000,23281.6
2026-06-03 10:04:00,ATM-5,CALL,355.15,363.9,354.6,363.3,4940,82615,16.130568,23050,23281.6
2026-06-03 10:04:00,ATM-5,PUT,100.75,100.9,95.25,95.25,200200,1350960,16.533955,23050,23281.6
2026-06-03 10:04:00,ATM-4,CALL,321.9,329.4,319.35,329.4,69615,464035,16.165069,23100,23281.6
2026-06-03 10:04:00,ATM-4,PUT,116.25,117.55,110.85,110.85,309465,2775695,16.511767,23100,23281.6
2026-06-03 10:04:00,ATM-3,CALL,289.2,297,288,297,38545,322920,16.168742,23150,23281.6
2026-06-03 10:04:00,ATM-3,PUT,132.75,133.85,127,127,212485,1369550,16.384572,23150,23281.6
2026-06-03 10:04:00,ATM-2,CALL,259,264.95,257.55,264.85,443495,2303665,16.034962,23200,23281.6
2026-06-03 10:04:00,ATM-2,PUT,153.5,154.6,146.3,146.3,780910,3955185,16.373083,23200,23281.6
2026-06-03 10:04:00,ATM-1,CALL,229.85,236.5,228.95,236.5,485095,2344875,16.059144,23250,23281.6
2026-06-03 10:04:00,ATM-1,PUT,175.15,175.25,167.45,167.45,541970,2752425,16.356646,23250,23281.6
2026-06-03 10:04:00,ATM,CALL,203.85,209,202.8,209,1005680,9989525,15.990527,23300,23281.6
2026-06-03 10:04:00,ATM,PUT,197.8,199.8,190.05,190.1,777205,7102290,16.304232,23300,23281.6
2026-06-03 10:04:00,ATM+1,CALL,179.2,183.7,178,183.5,283660,3181035,15.922166,23350,23281.6
2026-06-03 10:04:00,ATM+1,PUT,223.75,224.55,215.1,215.1,172445,1541345,16.283352,23350,23281.6
2026-06-03 10:04:00,ATM+2,CALL,156.5,160.95,155.75,160.95,539045,6171100,15.930293,23400,23281.6
2026-06-03 10:04:00,ATM+2,PUT,250.45,251.9,241.05,241.05,221195,3636880,16.179416,23400,23281.6
2026-06-03 10:04:00,ATM+3,CALL,136.3,139.95,135.5,139.95,154115,2473770,15.90285,23450,23281.6
2026-06-03 10:04:00,ATM+3,PUT,280.05,283.15,271.8,271.8,38740,822445,16.310107,23450,23281.6
2026-06-03 10:04:00,ATM+4,CALL,118.55,121.25,117.05,121.2,540345,8406905,15.901064,23500,23281.6
2026-06-03 10:04:00,ATM+4,PUT,311.6,313.55,301.7,301.7,130910,3643900,16.212158,23500,23281.6
2026-06-03 10:04:00,ATM+5,CALL,101.8,104.45,100.95,104.45,152620,1969045,15.910724,23550,23281.6
2026-06-03 10:04:00,ATM+5,PUT,345.4,349.05,335.3,335.3,11960,393835,16.273238,23550,23281.6
2026-06-03 10:04:00,ATM+6,CALL,87.3,89.45,86.5,89.35,490620,5336435,15.908213,23600,23281.6
2026-06-03 10:04:00,ATM+6,PUT,380.05,384.05,370,370,28860,2122250,16.278362,23600,23281.6
2026-06-03 10:04:00,ATM+7,CALL,74.75,76.4,73.8,76.3,137150,1380600,15.940837,23650,23281.6
2026-06-03 10:04:00,ATM+7,PUT,417.75,420,407.35,407.35,2925,234000,16.381016,23650,23281.6
2026-06-03 10:04:00,ATM+8,CALL,63.4,64.7,62.85,64.7,210275,5249335,15.963142,23700,23281.6
2026-06-03 10:04:00,ATM+8,PUT,455,458.1,445.7,445.7,7930,2400710,16.437481,23700,23281.6
2026-06-03 10:04:00,ATM+9,CALL,53.6,55,53.1,55,81835,1543490,16.038033,23750,23281.6
2026-06-03 10:04:00,ATM+9,PUT,495,498.7,485.35,485.35,2470,137020,16.484668,23750,23281.6
2026-06-03 10:04:00,ATM+10,CALL,45.2,46.35,44.8,46.35,155610,5109260,16.087789,23800,23281.6
2026-06-03 10:04:00,ATM+10,PUT,536.45,539.45,526.6,526.6,15080,870285,16.57099,23800,23281.6
2026-06-03 10:05:00,ATM-10,CALL,598,598,598,598,0,4615,16.796324,22750,23272.25
2026-06-03 10:05:00,ATM-10,PUT,37.75,38.7,37.2,38.65,61230,980200,17.251072,22750,23272.25
2026-06-03 10:05:00,ATM-9,CALL,560.85,562.35,555,555,1235,90675,16.715824,22800,23272.25
2026-06-03 10:05:00,ATM-9,PUT,44.3,45.6,44,45.6,209950,3355690,17.134251,22800,23272.25
2026-06-03 10:05:00,ATM-8,CALL,514.3,516.2,514.3,514.4,455,11505,16.796905,22850,23272.25
2026-06-03 10:05:00,ATM-8,PUT,52,53.5,51.5,53.35,85345,787670,16.988343,22850,23272.25
2026-06-03 10:05:00,ATM-7,CALL,474.1,480.65,472.75,472.75,1365,70005,16.597377,22900,23272.25
2026-06-03 10:05:00,ATM-7,PUT,60.85,62.65,60.35,62.6,145990,2318225,16.886101,22900,23272.25
2026-06-03 10:05:00,ATM-6,CALL,434.35,439,433.3,433.3,455,26390,16.507799,22950,23272.25
2026-06-03 10:05:00,ATM-6,PUT,70.95,73.3,70.65,73.05,119340,868075,16.775233,22950,23272.25
2026-06-03 10:05:00,ATM-5,CALL,401.15,401.15,394,394,22945,854230,16.292391,23000,23272.25
2026-06-03 10:05:00,ATM-5,PUT,83,85.6,82.35,85.15,380055,5103280,16.690441,23000,23272.25
2026-06-03 10:05:00,ATM-4,CALL,362.8,364.95,358.7,358.7,4095,80340,16.321439,23050,23272.25
2026-06-03 10:05:00,ATM-4,PUT,95.8,98.85,95.25,98.85,145080,1352845,16.612486,23050,23272.25
2026-06-03 10:05:00,ATM-3,CALL,328.95,329.85,323.45,323.45,35555,439400,16.196658,23100,23272.25
2026-06-03 10:05:00,ATM-3,PUT,111,114.25,110.3,114.2,242385,2768740,16.53574,23100,23272.25
2026-06-03 10:05:00,ATM-2,CALL,295.75,297,291.5,292.3,25285,313950,16.276566,23150,23272.25
2026-06-03 10:05:00,ATM-2,PUT,128.05,131.75,127,131.75,143260,1340625,16.49915,23150,23272.25
2026-06-03 10:05:00,ATM-1,CALL,265.35,266,260.65,260.65,238290,2249975,16.152186,23200,23272.25
2026-06-03 10:05:00,ATM-1,PUT,146.45,150.9,146.25,150.4,429325,3919890,16.401013,23200,23272.25
2026-06-03 10:05:00,ATM,CALL,235.45,236.5,232.1,232.35,329355,2292485,16.148019,23250,23272.25
2026-06-03 10:05:00,ATM,PUT,167.95,172.4,166.95,172.15,486850,2772250,16.403584,23250,23272.25
2026-06-03 10:05:00,ATM+1,CALL,208.9,209.45,205,205.6,812695,9873825,16.109182,23300,23272.25
2026-06-03 10:05:00,ATM+1,PUT,190.9,195.7,189.7,195.7,671580,7082725,16.394024,23300,23272.25
2026-06-03 10:05:00,ATM+2,CALL,183.2,184.35,179.7,180.35,226980,3150095,16.030643,23350,23272.25
2026-06-03 10:05:00,ATM+2,PUT,215.1,221.2,214.3,220,158405,1541150,16.286485,23350,23272.25
2026-06-03 10:05:00,ATM+3,CALL,160.35,161.05,157.45,158,417495,6066255,16.025685,23400,23272.25
2026-06-03 10:05:00,ATM+3,PUT,242,248.55,241.05,248.05,199810,3618095,16.324461,23400,23272.25
2026-06-03 10:05:00,ATM+4,CALL,139.25,140.25,137.1,137.1,163735,2462525,15.977684,23450,23272.25
2026-06-03 10:05:00,ATM+4,PUT,271.5,277.75,270.7,277.75,31850,819390,16.340497,23450,23272.25
2026-06-03 10:05:00,ATM+5,CALL,120.75,121.7,118.75,118.75,411840,8334820,15.981861,23500,23272.25
2026-06-03 10:05:00,ATM+5,PUT,302.6,309.45,301.7,309.45,89050,3659370,16.367925,23500,23272.25
2026-06-03 10:05:00,ATM+6,CALL,104.3,104.65,102.55,102.55,112125,1962870,16.013474,23550,23272.25
2026-06-03 10:05:00,ATM+6,PUT,335.75,342.8,334.45,342.5,8775,391950,16.355887,23550,23272.25
2026-06-03 10:05:00,ATM+7,CALL,89.2,89.75,87.8,88,251290,5394675,16.037303,23600,23272.25
2026-06-03 10:05:00,ATM+7,PUT,370.7,378,368.9,377.5,23335,2122120,16.362972,23600,23272.25
2026-06-03 10:05:00,ATM+8,CALL,76.1,76.75,74.95,75,81315,1397110,16.052077,23650,23272.25
2026-06-03 10:05:00,ATM+8,PUT,407.45,415.2,406.75,414.5,3250,232895,16.406293,23650,23272.25
2026-06-03 10:05:00,ATM+9,CALL,64.8,64.9,63.5,63.5,147095,5224765,16.062196,23700,23272.25
2026-06-03 10:05:00,ATM+9,PUT,444.4,453.35,444,452.15,5005,2400385,16.359996,23700,23272.25
2026-06-03 10:05:00,ATM+10,CALL,54.9,55.2,53.9,54,70200,1555060,16.138204,23750,23272.25
2026-06-03 10:05:00,ATM+10,PUT,487.25,490.85,485.35,490.85,1365,137020,16.261375,23750,23272.25
2026-06-03 10:06:00,ATM-10,CALL,555.7,555.95,554.65,555.95,390,90545,15.958105,22800,23279.75
2026-06-03 10:06:00,ATM-10,PUT,45.1,45.85,44.6,44.8,118755,3373825,17.188219,22800,23279.75
2026-06-03 10:06:00,ATM-9,CALL,515,515,514.4,515,65,11505,16.096099,22850,23279.75
2026-06-03 10:06:00,ATM-9,PUT,52.95,53.85,52.45,53.2,66885,801515,17.138207,22850,23279.75
2026-06-03 10:06:00,ATM-8,CALL,473.75,475.1,471.8,472.5,390,70330,15.872526,22900,23279.75
2026-06-03 10:06:00,ATM-8,PUT,62.05,63,61.5,62.2,106080,2328430,17.017851,22900,23279.75
2026-06-03 10:06:00,ATM-7,CALL,435.55,435.55,433,433,910,26390,15.855538,22950,23279.75
2026-06-03 10:06:00,ATM-7,PUT,72.5,73.65,71.95,72.65,64025,886730,16.919664,22950,23279.75
2026-06-03 10:06:00,ATM-6,CALL,396.5,398.7,393.6,398.7,15925,851565,16.20853,23000,23279.75
2026-06-03 10:06:00,ATM-6,PUT,84.65,85.75,83.75,83.75,294190,5169710,16.749347,23000,23279.75
2026-06-03 10:06:00,ATM-5,CALL,360,360.4,357.35,360.4,1300,79625,15.983017,23050,23279.75
2026-06-03 10:06:00,ATM-5,PUT,97.25,99.3,97.25,97.3,104650,1365260,16.676767,23050,23279.75
2026-06-03 10:06:00,ATM-4,CALL,325.75,327.9,323.25,327.9,23270,438880,16.144884,23100,23279.75
2026-06-03 10:06:00,ATM-4,PUT,113.25,115,112.45,112.6,169715,2792595,16.615462,23100,23279.75
2026-06-03 10:06:00,ATM-3,CALL,293,294.9,291,294.9,13585,311675,16.091779,23150,23279.75
2026-06-03 10:06:00,ATM-3,PUT,130.5,132.2,129.4,129.4,113035,1367730,16.534707,23150,23279.75
2026-06-03 10:06:00,ATM-2,CALL,262.5,263.65,260,263.65,117780,2259270,16.02978,23200,23279.75
2026-06-03 10:06:00,ATM-2,PUT,149.6,151.5,148.05,149.6,306020,4003090,16.588224,23200,23279.75
2026-06-03 10:06:00,ATM-1,CALL,232.1,234.9,231.25,234.3,165425,2293330,15.966151,23250,23279.75
2026-06-03 10:06:00,ATM-1,PUT,172.05,173,169.65,170.65,383240,2903225,16.553595,23250,23279.75
2026-06-03 10:06:00,ATM,CALL,206.15,208,204.25,206.9,437320,9901125,15.900614,23300,23279.75
2026-06-03 10:06:00,ATM,PUT,194.8,196,192.75,194.2,609960,7265700,16.566326,23300,23279.75
2026-06-03 10:06:00,ATM+1,CALL,181,182.8,180,182.7,123435,3149835,15.931585,23350,23279.75
2026-06-03 10:06:00,ATM+1,PUT,219.6,221.25,217.5,218.2,79755,1564615,16.458361,23350,23279.75
2026-06-03 10:06:00,ATM+2,CALL,159.45,160.5,157.4,160.15,278915,6022900,15.933692,23400,23279.75
2026-06-03 10:06:00,ATM+2,PUT,245.35,248.9,245,245,163735,3631095,16.419595,23400,23279.75
2026-06-03 10:06:00,ATM+3,CALL,138,139.5,136.85,139.3,109720,2472730,15.912667,23450,23279.75
2026-06-03 10:06:00,ATM+3,PUT,276.6,279,274,274.4,22880,822445,16.436366,23450,23279.75
2026-06-03 10:06:00,ATM+4,CALL,119.7,121,118.75,121,217490,8365370,15.94373,23500,23279.75
2026-06-03 10:06:00,ATM+4,PUT,306.1,310,305.3,305.3,74880,3677180,16.421784,23500,23279.75
2026-06-03 10:06:00,ATM+5,CALL,103,103.8,102.2,103.6,63440,1956045,15.890646,23550,23279.75
2026-06-03 10:06:00,ATM+5,PUT,339.95,343.3,339.95,340,2145,392860,16.582738,23550,23279.75
2026-06-03 10:06:00,ATM+6,CALL,88.2,89.2,87.7,89.2,154245,5408910,15.946811,23600,23279.75
2026-06-03 10:06:00,ATM+6,PUT,374.95,379,373,373,15990,2122055,16.438165,23600,23279.75
2026-06-03 10:06:00,ATM+7,CALL,75.25,76.3,74.7,76.3,41600,1396135,15.990565,23650,23279.75
2026-06-03 10:06:00,ATM+7,PUT,412.65,415.95,411.05,411.05,2145,232960,16.612754,23650,23279.75
2026-06-03 10:06:00,ATM+8,CALL,63.9,64.7,63.5,64.7,93470,5232175,16.010157,23700,23279.75
2026-06-03 10:06:00,ATM+8,PUT,451.3,454,449.7,449.7,2600,2400060,16.70973,23700,23279.75
2026-06-03 10:06:00,ATM+9,CALL,54.6,54.8,53.9,54.8,56940,1573780,16.059575,23750,23279.75
2026-06-03 10:06:00,ATM+9,PUT,490.7,494.4,487.7,487.7,2275,138125,16.585427,23750,23279.75
2026-06-03 10:06:00,ATM+10,CALL,45.7,46.15,45.35,46.15,74230,5073510,16.105095,23800,23279.75
2026-06-03 10:06:00,ATM+10,PUT,535.2,535.45,530.75,530.75,13325,871910,16.892671,23800,23279.75
2026-06-03 10:07:00,ATM-10,CALL,598,598,598,598,0,4615,16.443192,22750,23274.95
2026-06-03 10:07:00,ATM-10,PUT,38.45,39.25,37.05,38.8,55640,995020,17.329415,22750,23274.95
2026-06-03 10:07:00,ATM-9,CALL,560,565,555.95,560,2600,89895,17.084318,22800,23274.95
2026-06-03 10:07:00,ATM-9,PUT,45.15,46.15,43.55,45.85,162565,3381625,17.226469,22800,23274.95
2026-06-03 10:07:00,ATM-8,CALL,522,522,510.45,510.45,455,11310,16.025756,22850,23274.95
2026-06-03 10:07:00,ATM-8,PUT,52.75,54.2,51,53.45,66950,807755,17.062452,22850,23274.95
2026-06-03 10:07:00,ATM-7,CALL,477.15,483.4,470,472.7,3770,68640,16.348178,22900,23274.95
2026-06-03 10:07:00,ATM-7,PUT,61.8,63.5,59.7,62.5,128960,2361775,16.939935,22900,23274.95
2026-06-03 10:07:00,ATM-6,CALL,439.3,442,432.25,432.3,585,26845,16.183385,22950,23274.95
2026-06-03 10:07:00,ATM-6,PUT,72.2,74.1,69.95,73.15,142025,888940,16.854243,22950,23274.95
2026-06-03 10:07:00,ATM-5,CALL,399.15,406,393,397.3,41210,843895,16.424523,23000,23274.95
2026-06-03 10:07:00,ATM-5,PUT,84.25,86.25,81.55,85.25,383240,5188560,16.772675,23000,23274.95
2026-06-03 10:07:00,ATM-4,CALL,365.05,367.9,357.45,360.25,3640,80015,16.290785,23050,23274.95
2026-06-03 10:07:00,ATM-4,PUT,97.5,100.1,94.2,98.35,156325,1406015,16.6426,23050,23274.95
2026-06-03 10:07:00,ATM-3,CALL,328,334,323,325.65,46930,431990,16.233801,23100,23274.95
2026-06-03 10:07:00,ATM-3,PUT,112.7,115.6,109.4,113.7,236275,2838095,16.572751,23100,23274.95
2026-06-03 10:07:00,ATM-2,CALL,295.1,300.9,290.3,292.95,30745,304785,16.187946,23150,23274.95
2026-06-03 10:07:00,ATM-2,PUT,130,132.95,126.05,131.65,133315,1397045,16.577481,23150,23274.95
2026-06-03 10:07:00,ATM-1,CALL,263.8,269.95,258.85,263.65,272805,2232165,16.270583,23200,23274.95
2026-06-03 10:07:00,ATM-1,PUT,148.8,152.65,144.55,150.1,411710,4036955,16.468894,23200,23274.95
2026-06-03 10:07:00,ATM,CALL,234.8,240.7,230.15,234.4,406705,2249130,16.195104,23250,23274.95
2026-06-03 10:07:00,ATM,PUT,170.1,174.2,165.25,172,457210,3017495,16.491025,23250,23274.95
2026-06-03 10:07:00,ATM+1,CALL,207.75,212.6,203.55,207.5,948025,9763455,16.152349,23300,23274.95
2026-06-03 10:07:00,ATM+1,PUT,192.8,197.15,188.2,194.75,777790,7373470,16.424371,23300,23274.95
2026-06-03 10:07:00,ATM+2,CALL,182.9,187.6,179.25,182.3,284440,3107715,16.086636,23350,23274.95
2026-06-03 10:07:00,ATM+2,PUT,218.3,222.5,212.25,219.95,139230,1591720,16.398457,23350,23274.95
2026-06-03 10:07:00,ATM+3,CALL,160.35,164.2,156.75,159.55,412750,5943340,16.058244,23400,23274.95
2026-06-03 10:07:00,ATM+3,PUT,245.3,250.65,239.2,247.25,196235,3644680,16.384707,23400,23274.95
2026-06-03 10:07:00,ATM+4,CALL,139.45,143,136.45,139.15,168805,2455895,16.061638,23450,23274.95
2026-06-03 10:07:00,ATM+4,PUT,274.4,279.75,268,276.9,47970,826345,16.406351,23450,23274.95
2026-06-03 10:07:00,ATM+5,CALL,120.95,124,118.6,120.1,440375,8292115,16.016784,23500,23274.95
2026-06-03 10:07:00,ATM+5,PUT,304.85,310.9,298.5,307.75,84630,3670810,16.371096,23500,23274.95
2026-06-03 10:07:00,ATM+6,CALL,103.95,107,101.6,103.85,128765,1937585,16.054057,23550,23274.95
2026-06-03 10:07:00,ATM+6,PUT,338.85,344.85,331.15,342.1,14950,393640,16.484111,23550,23274.95
2026-06-03 10:07:00,ATM+7,CALL,89.2,91.8,87.35,89,287235,5340530,16.060318,23600,23274.95
2026-06-03 10:07:00,ATM+7,PUT,374.55,380.2,365,375,26195,2123160,16.308835,23600,23274.95
2026-06-03 10:07:00,ATM+8,CALL,76.15,78.4,74.45,75.95,84110,1385735,16.08021,23650,23274.95
2026-06-03 10:07:00,ATM+8,PUT,409.55,416.4,402.4,412.9,2600,232830,16.446963,23650,23274.95
2026-06-03 10:07:00,ATM+9,CALL,64.65,66.35,63.5,64.25,174590,5217160,16.079565,23700,23274.95
2026-06-03 10:07:00,ATM+9,PUT,449.75,456,441,451.7,6695,2400710,16.53428,23700,23274.95
2026-06-03 10:07:00,ATM+10,CALL,54.85,56.25,53.7,54.55,79040,1579955,16.14213,23750,23274.95
2026-06-03 10:07:00,ATM+10,PUT,488.15,494.5,484.25,492.45,1560,137280,16.692549,23750,23274.95
2026-06-03 10:08:00,ATM-10,CALL,598,598,598,598,0,4485,17.842498,22750,23263.75
2026-06-03 10:08:00,ATM-10,PUT,38.9,40.5,38.75,40.25,69095,989755,17.309078,22750,23263.75
2026-06-03 10:08:00,ATM-9,CALL,552.55,560,543.9,548.5,715,89895,16.807771,22800,23263.75
2026-06-03 10:08:00,ATM-9,PUT,45.75,47.5,45.45,47.25,221130,3379155,17.170707,22800,23263.75
2026-06-03 10:08:00,ATM-8,CALL,511.75,511.75,510.45,511.75,65,11310,17.313229,22850,23263.75
2026-06-03 10:08:00,ATM-8,PUT,53.45,55.9,53.25,55.3,59345,807625,17.034741,22850,23263.75
2026-06-03 10:08:00,ATM-7,CALL,472.3,472.7,463.65,466.15,910,68965,16.616014,22900,23263.75
2026-06-03 10:08:00,ATM-7,PUT,62.65,65.3,62.35,65,201045,2346955,16.954854,22900,23263.75
2026-06-03 10:08:00,ATM-6,CALL,433.9,433.9,423.4,427.2,1235,26975,16.552328,22950,23263.75
2026-06-03 10:08:00,ATM-6,PUT,73.45,76.35,72.9,75.6,90025,886600,16.830612,22950,23263.75
2026-06-03 10:08:00,ATM-5,CALL,396.05,398,385.65,389.8,26325,842075,16.496209,23000,23263.75
2026-06-03 10:08:00,ATM-5,PUT,85.55,88.85,84.9,87.9,425230,5204095,16.737001,23000,23263.75
2026-06-03 10:08:00,ATM-4,CALL,360.25,360.25,351,353.55,3705,79885,16.399443,23050,23263.75
2026-06-03 10:08:00,ATM-4,PUT,98.85,102.85,98.2,102,151320,1404975,16.668149,23050,23263.75
2026-06-03 10:08:00,ATM-3,CALL,325.2,326.3,316.45,318.5,48750,434460,16.263085,23100,23263.75
2026-06-03 10:08:00,ATM-3,PUT,114.6,118.75,113.5,117.8,253695,2842840,16.602968,23100,23263.75
2026-06-03 10:08:00,ATM-2,CALL,292.2,293.2,284.35,287.2,28145,303875,16.300415,23150,23263.75
2026-06-03 10:08:00,ATM-2,PUT,131.65,136.4,130.9,135.45,172640,1402375,16.546299,23150,23263.75
2026-06-03 10:08:00,ATM-1,CALL,263.6,264,254.25,256.3,167700,2241525,16.211135,23200,23263.75
2026-06-03 10:08:00,ATM-1,PUT,150.5,156.4,149.85,155.25,434655,4053985,16.516081,23200,23263.75
2026-06-03 10:08:00,ATM,CALL,234.3,234.55,225.75,227.85,280930,2271880,16.166446,23250,23263.75
2026-06-03 10:08:00,ATM,PUT,171.4,178.25,171.35,177.1,596830,2984085,16.498041,23250,23263.75
2026-06-03 10:08:00,ATM+1,CALL,207,207.7,199.55,201.55,711360,9760985,16.136529,23300,23263.75
2026-06-03 10:08:00,ATM+1,PUT,195.1,202.25,194.45,200.9,858910,7424430,16.481099,23300,23263.75
2026-06-03 10:08:00,ATM+2,CALL,182,182.7,175.45,177.4,171015,3119090,16.119744,23350,23263.75
2026-06-03 10:08:00,ATM+2,PUT,220.55,227.8,219.4,226,158470,1596270,16.411516,23350,23263.75
2026-06-03 10:08:00,ATM+3,CALL,158.95,160.3,153.5,154.7,339625,5934370,16.059226,23400,23263.75
2026-06-03 10:08:00,ATM+3,PUT,248.1,255.9,246.25,254,216060,3648255,16.419637,23400,23263.75
2026-06-03 10:08:00,ATM+4,CALL,138.1,139.2,133.45,135,125905,2458755,16.084884,23450,23263.75
2026-06-03 10:08:00,ATM+4,PUT,277.45,285.55,275.4,283,48880,825760,16.351484,23450,23263.75
2026-06-03 10:08:00,ATM+5,CALL,119.8,120.8,115.75,116.7,260325,8308755,16.06882,23500,23263.75
2026-06-03 10:08:00,ATM+5,PUT,307.65,316.75,307.05,315,111930,3663660,16.377914,23500,23263.75
2026-06-03 10:08:00,ATM+6,CALL,104.1,104.1,99.55,100.5,98540,1941225,16.076155,23550,23263.75
2026-06-03 10:08:00,ATM+6,PUT,342.05,351.35,341.6,349,14690,393640,16.424479,23550,23263.75
2026-06-03 10:08:00,ATM+7,CALL,88.55,89,85.45,86,209950,5363215,16.079976,23600,23263.75
2026-06-03 10:08:00,ATM+7,PUT,375,386.8,375,384.45,39715,2122900,16.450176,23600,23263.75
2026-06-03 10:08:00,ATM+8,CALL,75.5,76.15,72.9,73.65,87945,1397435,16.135354,23650,23263.75
2026-06-03 10:08:00,ATM+8,PUT,414.85,423.8,412.9,421.55,1495,233350,16.48149,23650,23263.75
2026-06-03 10:08:00,ATM+9,CALL,64.15,64.6,62,62.5,138710,5218135,16.161441,23700,23263.75
2026-06-03 10:08:00,ATM+9,PUT,452.85,463.75,451.7,459.85,7345,2400710,16.482295,23700,23263.75
2026-06-03 10:08:00,ATM+10,CALL,54.3,54.8,52.6,53,68315,1604785,16.218077,23750,23263.75
2026-06-03 10:08:00,ATM+10,PUT,494.55,503.05,492.45,500.1,910,137020,16.545381,23750,23263.75
2026-06-03 10:09:00,ATM-10,CALL,591.65,598,591.65,591.65,130,4550,17.832175,22750,23256.35
2026-06-03 10:09:00,ATM-10,PUT,40.35,41.3,39.85,41.2,60970,997360,17.291188,22750,23256.35
2026-06-03 10:09:00,ATM-9,CALL,547.35,549.45,546.45,548.2,715,90415,17.564408,22800,23256.35
2026-06-03 10:09:00,ATM-9,PUT,47.25,48.4,46.9,48.4,176995,3354065,17.160013,22800,23256.35
2026-06-03 10:09:00,ATM-8,CALL,498.8,511.75,498.8,498.8,65,11245,16.483779,22850,23256.35
2026-06-03 10:09:00,ATM-8,PUT,55.45,56.9,54.85,56.9,49595,809380,17.057698,22850,23256.35
2026-06-03 10:09:00,ATM-7,CALL,465.4,466.25,463.75,463.75,520,68835,16.994238,22900,23256.35
2026-06-03 10:09:00,ATM-7,PUT,64.65,66.7,64.2,66.7,104130,2395705,16.965816,22900,23256.35
2026-06-03 10:09:00,ATM-6,CALL,426.95,427.2,422.15,422.15,260,26845,16.611471,22950,23256.35
2026-06-03 10:09:00,ATM-6,PUT,75.75,77.6,74.95,77.35,97305,882830,16.824851,22950,23256.35
2026-06-03 10:09:00,ATM-5,CALL,388.95,391.05,383.45,383.9,12155,844090,16.447075,23000,23256.35
2026-06-03 10:09:00,ATM-5,PUT,88.25,90.5,87.2,90.5,311805,5264415,16.791757,23000,23256.35
2026-06-03 10:09:00,ATM-4,CALL,351.7,353.55,348.05,348.05,2145,80405,16.367296,23050,23256.35
2026-06-03 10:09:00,ATM-4,PUT,102,104.5,101,104.5,98605,1439035,16.688809,23050,23256.35
2026-06-03 10:09:00,ATM-3,CALL,318.8,320.35,314.15,314.2,17745,426660,16.315444,23100,23256.35
2026-06-03 10:09:00,ATM-3,PUT,118,120.45,116.65,120.2,170755,2885935,16.591512,23100,23256.35
2026-06-03 10:09:00,ATM-2,CALL,286.75,288.05,282.35,282.95,7865,309400,16.331589,23150,23256.35
2026-06-03 10:09:00,ATM-2,PUT,135.75,138.2,134.4,138.2,111995,1427335,16.542132,23150,23256.35
2026-06-03 10:09:00,ATM-1,CALL,255.75,258.35,252.25,252.4,86775,2234700,16.247264,23200,23256.35
2026-06-03 10:09:00,ATM-1,PUT,155,158.4,153.85,158,360035,4134715,16.488938,23200,23256.35
2026-06-03 10:09:00,ATM,CALL,228.05,229.8,223.6,223.6,160550,2232945,16.149829,23250,23256.35
2026-06-03 10:09:00,ATM,PUT,176.55,180.75,175.35,180.35,407420,3128255,16.488798,23250,23256.35
2026-06-03 10:09:00,ATM+1,CALL,201.5,203.3,197.1,197.1,397150,9691045,16.079913,23300,23256.35
2026-06-03 10:09:00,ATM+1,PUT,200.55,205,198.95,205,591630,7534605,16.51742,23300,23256.35
2026-06-03 10:09:00,ATM+2,CALL,177.1,178.7,173.4,173.4,116480,3117075,16.075482,23350,23256.35
2026-06-03 10:09:00,ATM+2,PUT,226.15,230,224.35,229.9,119275,1607645,16.408089,23350,23256.35
2026-06-03 10:09:00,ATM+3,CALL,154.6,156.3,152,152,207285,5897645,16.097401,23400,23256.35
2026-06-03 10:09:00,ATM+3,PUT,254.2,258.6,252,258.6,158795,3640455,16.450276,23400,23256.35
2026-06-03 10:09:00,ATM+4,CALL,134.6,136,132.15,132.3,80015,2466165,16.099804,23450,23256.35
2026-06-03 10:09:00,ATM+4,PUT,283.5,288.4,281.3,288.4,19565,825500,16.426386,23450,23256.35
2026-06-03 10:09:00,ATM+5,CALL,116.55,117.8,114.5,114.5,150605,8312850,16.103593,23500,23256.35
2026-06-03 10:09:00,ATM+5,PUT,314.7,319.7,313.55,319.5,78910,3657290,16.352909,23500,23256.35
2026-06-03 10:09:00,ATM+6,CALL,100.35,101.4,98.25,98.25,56095,1946880,16.083483,23550,23256.35
2026-06-03 10:09:00,ATM+6,PUT,349.2,354.4,346.5,354,4680,393185,16.420302,23550,23256.35
2026-06-03 10:09:00,ATM+7,CALL,85.95,86.9,84.2,84.2,129090,5368155,16.106648,23600,23256.35
2026-06-03 10:09:00,ATM+7,PUT,384.15,390,381.3,390,20930,2123875,16.474709,23600,23256.35
2026-06-03 10:09:00,ATM+8,CALL,73.4,74,71.95,71.95,44655,1393925,16.149972,23650,23256.35
2026-06-03 10:09:00,ATM+8,PUT,421.85,423.35,420.05,421.05,520,233285,15.862443,23650,23256.35
2026-06-03 10:09:00,ATM+9,CALL,62.3,62.85,60.85,60.85,137020,5192980,16.158338,23700,23256.35
2026-06-03 10:09:00,ATM+9,PUT,460.3,466.9,457.4,466.9,8515,2401750,16.623971,23700,23256.35
2026-06-03 10:09:00,ATM+10,CALL,52.85,53.35,51.75,51.75,34125,1604135,16.238635,23750,23256.35
2026-06-03 10:09:00,ATM+10,PUT,499,501.95,499,501,585,137215,15.942796,23750,23256.35
2026-06-03 10:10:00,ATM-10,CALL,591.65,591.65,591.65,591.65,0,4550,18.863084,22750,23246.95
2026-06-03 10:10:00,ATM-10,PUT,41.55,43.7,41.2,42.7,92300,991120,17.304625,22750,23246.95
2026-06-03 10:10:00,ATM-9,CALL,540,548.2,526.95,530,2730,90480,16.227285,22800,23246.95
2026-06-03 10:10:00,ATM-9,PUT,48.7,51.45,48.4,50.5,353080,3354000,17.222418,22800,23246.95
2026-06-03 10:10:00,ATM-8,CALL,492.9,498.8,485.4,488,325,11310,16.104641,22850,23246.95
2026-06-03 10:10:00,ATM-8,PUT,56.95,60.35,56.9,58.95,119925,818935,17.083136,22850,23246.95
2026-06-03 10:10:00,ATM-7,CALL,457.15,463.75,446.15,452,3380,68965,16.512637,22900,23246.95
2026-06-03 10:10:00,ATM-7,PUT,67,70.35,66.7,68.85,204945,2401165,16.973383,22900,23246.95
2026-06-03 10:10:00,ATM-6,CALL,418.95,422.15,409.85,410.95,390,26845,16.19047,22950,23246.95
2026-06-03 10:10:00,ATM-6,PUT,77.95,82.05,77.35,80.2,186485,874055,16.876042,22950,23246.95
2026-06-03 10:10:00,ATM-5,CALL,382.95,383.9,371.2,378,47320,849095,16.533487,23000,23246.95
2026-06-03 10:10:00,ATM-5,PUT,90.85,95.25,90.5,93.35,741715,5285475,16.81179,23000,23246.95
2026-06-03 10:10:00,ATM-4,CALL,346.1,348.05,336.25,341.8,5395,80470,16.38891,23050,23246.95
2026-06-03 10:10:00,ATM-4,PUT,105.1,110.25,104.5,107.9,270920,1438060,16.729898,23050,23246.95
2026-06-03 10:10:00,ATM-3,CALL,312.65,314.2,303.1,309,49595,419705,16.398649,23100,23246.95
2026-06-03 10:10:00,ATM-3,PUT,120.45,127,120.2,124.05,404625,2896530,16.641806,23100,23246.95
2026-06-03 10:10:00,ATM-2,CALL,281.4,282.95,272.55,277.3,32175,306410,16.344264,23150,23246.95
2026-06-03 10:10:00,ATM-2,PUT,138.4,145.85,138.2,143.05,345995,1428245,16.646185,23150,23246.95
2026-06-03 10:10:00,ATM-1,CALL,251.85,252.4,243.4,248.25,283985,2238925,16.353867,23200,23246.95
2026-06-03 10:10:00,ATM-1,PUT,158.85,166.55,158,162.9,955825,4159610,16.565504,23200,23246.95
2026-06-03 10:10:00,ATM,CALL,222.95,223.6,215.65,220.4,376675,2206425,16.302382,23250,23246.95
2026-06-03 10:10:00,ATM,PUT,181.25,189.5,180.35,185.2,924170,3150745,16.530631,23250,23246.95
2026-06-03 10:10:00,ATM+1,CALL,197.5,197.5,190.6,194.65,739960,9599785,16.262308,23300,23246.95
2026-06-03 10:10:00,ATM+1,PUT,204.3,214.05,204.3,209.5,1330485,7500935,16.500951,23300,23246.95
2026-06-03 10:10:00,ATM+2,CALL,173.15,173.4,167.1,171.15,247260,3088280,16.244684,23350,23246.95
2026-06-03 10:10:00,ATM+2,PUT,231,240.65,229.9,236.45,277095,1611805,16.528714,23350,23246.95
2026-06-03 10:10:00,ATM+3,CALL,151.9,152,146.35,149.75,437515,5931315,16.238673,23400,23246.95
2026-06-03 10:10:00,ATM+3,PUT,259.65,269.7,258.6,264.7,357110,3623490,16.505518,23400,23246.95
2026-06-03 10:10:00,ATM+4,CALL,131.7,132.3,127,130.5,195455,2466490,16.25226,23450,23246.95
2026-06-03 10:10:00,ATM+4,PUT,289.6,300.6,288.4,295,71435,827645,16.495194,23450,23246.95
2026-06-03 10:10:00,ATM+5,CALL,114.25,114.5,110.2,112.45,419055,8279700,16.208623,23500,23246.95
2026-06-03 10:10:00,ATM+5,PUT,320.45,333,319.5,327.9,147290,3652285,16.55158,23500,23246.95
2026-06-03 10:10:00,ATM+6,CALL,98.25,98.25,94.65,97.05,132600,1942720,16.240626,23550,23246.95
2026-06-03 10:10:00,ATM+6,PUT,355.75,367.4,354,366.45,17160,391235,16.96824,23550,23246.95
2026-06-03 10:10:00,ATM+7,CALL,84.05,84.2,81.2,83.2,273520,5358015,16.261201,23600,23246.95
2026-06-03 10:10:00,ATM+7,PUT,391,404.05,390,396.3,42250,2121730,16.428541,23600,23246.95
2026-06-03 10:10:00,ATM+8,CALL,71.8,71.95,69.35,71.1,105170,1391130,16.299578,23650,23246.95
2026-06-03 10:10:00,ATM+8,PUT,428.65,442.55,421.05,436.7,3965,233545,16.743493,23650,23246.95
2026-06-03 10:10:00,ATM+9,CALL,60.9,61,59.05,60.4,167830,5185960,16.332839,23700,23246.95
2026-06-03 10:10:00,ATM+9,PUT,468,481.95,466.9,479,12740,2397785,17.144367,23700,23246.95
2026-06-03 10:10:00,ATM+10,CALL,51.6,51.75,50.2,51.3,88595,1608685,16.397683,23750,23246.95
2026-06-03 10:10:00,ATM+10,PUT,510.35,522.9,501,521.25,2405,137475,17.437247,23750,23246.95
2026-06-03 10:11:00,ATM-10,CALL,591.65,591.65,591.65,591.65,0,4550,18.668961,22750,23248.8
2026-06-03 10:11:00,ATM-10,PUT,42.75,43.35,41.45,42.55,94640,981435,17.323472,22750,23248.8
2026-06-03 10:11:00,ATM-9,CALL,532.85,539,530,536,1950,91260,16.811052,22800,23248.8
2026-06-03 10:11:00,ATM-9,PUT,50.15,51.1,48.8,49.75,190840,3398525,17.169174,22800,23248.8
2026-06-03 10:11:00,ATM-8,CALL,495.9,495.9,488,495.9,65,11310,16.870144,22850,23248.8
2026-06-03 10:11:00,ATM-8,PUT,58.95,59.9,57.1,58.8,47125,816595,17.109108,22850,23248.8
2026-06-03 10:11:00,ATM-7,CALL,450.55,457.85,450.55,452.65,1170,70135,16.426201,22900,23248.8
2026-06-03 10:11:00,ATM-7,PUT,68.75,69.8,67.1,68.5,135980,2391350,16.981215,22900,23248.8
2026-06-03 10:11:00,ATM-6,CALL,415,419.3,410.95,414.65,1495,27365,16.428426,22950,23248.8
2026-06-03 10:11:00,ATM-6,PUT,80.2,81.75,78.15,80.05,115310,881010,16.909052,22950,23248.8
2026-06-03 10:11:00,ATM-5,CALL,378.05,383.1,374.9,378,17485,859300,16.406849,23000,23248.8
2026-06-03 10:11:00,ATM-5,PUT,93.4,94.6,90.8,93.3,409240,5252000,16.858023,23000,23248.8
2026-06-03 10:11:00,ATM-4,CALL,340.05,346.65,339.4,343.5,3250,82095,16.429396,23050,23248.8
2026-06-03 10:11:00,ATM-4,PUT,107.8,109.4,105.1,107.9,113815,1434810,16.78401,23050,23248.8
2026-06-03 10:11:00,ATM-3,CALL,309.1,313.85,306.7,310.1,33475,424970,16.390858,23100,23248.8
2026-06-03 10:11:00,ATM-3,PUT,124.7,126.2,121,123.95,210535,2867800,16.690662,23100,23248.8
2026-06-03 10:11:00,ATM-2,CALL,277.55,281.3,274.45,278.8,20540,306085,16.376351,23150,23248.8
2026-06-03 10:11:00,ATM-2,PUT,143,144.9,139.5,142.4,154505,1462760,16.652834,23150,23248.8
2026-06-03 10:11:00,ATM-1,CALL,248.3,251.85,245.7,248,155545,2256540,16.2466,23200,23248.8
2026-06-03 10:11:00,ATM-1,PUT,163.1,165.65,159.45,163.5,450125,4163445,16.68089,23200,23248.8
2026-06-03 10:11:00,ATM,CALL,220.35,224.05,218.35,221.3,231335,2233725,16.296121,23250,23248.8
2026-06-03 10:11:00,ATM,PUT,185.5,188.25,181.5,185.15,478725,3080610,16.597362,23250,23248.8
2026-06-03 10:11:00,ATM+1,CALL,194.55,198,192.85,195.65,420550,9625460,16.270101,23300,23248.8
2026-06-03 10:11:00,ATM+1,PUT,209.85,212.7,205.65,209.1,567775,7432165,16.54487,23300,23248.8
2026-06-03 10:11:00,ATM+2,CALL,171,174.05,169,170.9,134810,3112395,16.156484,23350,23248.8
2026-06-03 10:11:00,ATM+2,PUT,236.25,238.85,231.55,237,104065,1569750,16.656199,23350,23248.8
2026-06-03 10:11:00,ATM+3,CALL,149.25,152.4,148,149.6,193830,6006650,16.163318,23400,23248.8
2026-06-03 10:11:00,ATM+3,PUT,265.2,268.25,259.4,265,126945,3590015,16.6201,23400,23248.8
2026-06-03 10:11:00,ATM+4,CALL,129.9,132.35,128.45,130.8,85410,2451345,16.219171,23450,23248.8
2026-06-03 10:11:00,ATM+4,PUT,295.2,298.85,289.55,294,30745,825630,16.508186,23450,23248.8
2026-06-03 10:11:00,ATM+5,CALL,112.35,114.6,111.5,113.1,376350,8325395,16.211198,23500,23248.8
2026-06-03 10:11:00,ATM+5,PUT,327.15,330.85,321.65,326.3,73450,3637335,16.518135,23500,23248.8
2026-06-03 10:11:00,ATM+6,CALL,97,98.75,95.85,97.05,66170,1958905,16.189371,23550,23248.8
2026-06-03 10:11:00,ATM+6,PUT,362.15,366.45,356.3,360.85,5655,391300,16.573275,23550,23248.8
2026-06-03 10:11:00,ATM+7,CALL,83.15,84.8,82.15,83.65,118430,5361915,16.256788,23600,23248.8
2026-06-03 10:11:00,ATM+7,PUT,399.05,401.7,391.25,396.1,18590,2119715,16.539365,23600,23248.8
2026-06-03 10:11:00,ATM+8,CALL,70.85,72.45,70.15,71.55,49010,1404130,16.300752,23650,23248.8
2026-06-03 10:11:00,ATM+8,PUT,437.5,437.5,429.1,434.55,2470,232505,16.666453,23650,23248.8
2026-06-03 10:11:00,ATM+9,CALL,60.2,61.45,59.65,60.6,88270,5191680,16.312186,23700,23248.8
2026-06-03 10:11:00,ATM+9,PUT,478.45,479,467.6,473.25,5980,2397135,16.675779,23700,23248.8
2026-06-03 10:11:00,ATM+10,CALL,51.2,52.25,50.65,51.45,44265,1619800,16.375065,23750,23248.8
2026-06-03 10:11:00,ATM+10,PUT,511.2,521.25,511.2,516,455,136890,17.001009,23750,23248.8
2026-06-03 10:12:00,ATM-10,CALL,591.65,591.65,591.65,591.65,0,4550,19.440087,22750,23241.35
2026-06-03 10:12:00,ATM-10,PUT,42.85,44.55,42.35,44.25,114270,983060,17.400169,22750,23241.35
2026-06-03 10:12:00,ATM-9,CALL,535.15,536,530,530,650,91260,16.836017,22800,23241.35
2026-06-03 10:12:00,ATM-9,PUT,49.95,52.3,49.7,52.3,241215,3418610,17.325383,22800,23241.35
2026-06-03 10:12:00,ATM-8,CALL,495.9,495.9,495.9,495.9,0,11310,17.557441,22850,23241.35
2026-06-03 10:12:00,ATM-8,PUT,58.85,61.2,58.25,60.7,56810,809380,17.157328,22850,23241.35
2026-06-03 10:12:00,ATM-7,CALL,452.55,453.85,447.1,447.1,2990,70460,16.457013,22900,23241.35
2026-06-03 10:12:00,ATM-7,PUT,68.65,71.1,68.1,71.1,140790,2409550,17.080005,22900,23241.35
2026-06-03 10:12:00,ATM-6,CALL,414.65,416.55,408.95,408.95,1170,27495,16.418776,22950,23241.35
2026-06-03 10:12:00,ATM-6,PUT,80.4,83.05,79.5,82.65,105430,901485,16.979867,22950,23241.35
2026-06-03 10:12:00,ATM-5,CALL,377.6,380,372.45,372.45,17485,867360,16.38908,23000,23241.35
2026-06-03 10:12:00,ATM-5,PUT,93.1,96.8,92.6,96.3,356330,5281835,16.940564,23000,23241.35
2026-06-03 10:12:00,ATM-4,CALL,343.25,343.5,337.95,337.95,3185,81445,16.389084,23050,23241.35
2026-06-03 10:12:00,ATM-4,PUT,107.15,111.5,106.7,111.5,147615,1437930,16.89452,23050,23241.35
2026-06-03 10:12:00,ATM-3,CALL,309.1,311.75,305.2,306.3,28210,436540,16.481157,23100,23241.35
2026-06-03 10:12:00,ATM-3,PUT,124.5,128.25,123.3,128,251550,2884115,16.813521,23100,23241.35
2026-06-03 10:12:00,ATM-2,CALL,277.95,279.2,273.95,273.95,17680,312650,16.351969,23150,23241.35
2026-06-03 10:12:00,ATM-2,PUT,142.8,147.35,141.6,147.35,173420,1469845,16.824721,23150,23241.35
2026-06-03 10:12:00,ATM-1,CALL,248.05,249.65,244.85,244.85,138840,2298595,16.339487,23200,23241.35
2026-06-03 10:12:00,ATM-1,PUT,163.4,168,162.35,167.6,468975,4187300,16.755903,23200,23241.35
2026-06-03 10:12:00,ATM,CALL,220.2,222,217.95,218,143000,2301520,16.351726,23250,23241.35
2026-06-03 10:12:00,ATM,PUT,186.3,190.5,184.15,190.05,434330,3101930,16.713374,23250,23241.35
2026-06-03 10:12:00,ATM+1,CALL,194.35,196.35,192.2,193.2,285675,9727380,16.370626,23300,23241.35
2026-06-03 10:12:00,ATM+1,PUT,210.45,215.45,208.25,215,519610,7438340,16.718244,23300,23241.35
2026-06-03 10:12:00,ATM+2,CALL,170.9,172.15,168.5,169.05,139815,3142880,16.282526,23350,23241.35
2026-06-03 10:12:00,ATM+2,PUT,236.75,243.6,234.4,242.4,125385,1579955,16.766499,23350,23241.35
2026-06-03 10:12:00,ATM+3,CALL,150.35,150.9,147.65,148.1,144560,6034340,16.296375,23400,23241.35
2026-06-03 10:12:00,ATM+3,PUT,264.4,271.35,263.5,271.25,122265,3584360,16.779105,23400,23241.35
2026-06-03 10:12:00,ATM+4,CALL,129.95,131.4,128.5,129.15,59865,2458495,16.31892,23450,23241.35
2026-06-03 10:12:00,ATM+4,PUT,296.65,302.1,293.25,301.8,28600,818155,16.779172,23450,23241.35
2026-06-03 10:12:00,ATM+5,CALL,112.55,113.9,111.65,111.7,211315,8493940,16.312368,23500,23241.35
2026-06-03 10:12:00,ATM+5,PUT,328.75,335.05,325.2,335.05,67990,3635190,16.858513,23500,23241.35
2026-06-03 10:12:00,ATM+6,CALL,97.25,97.9,96.05,96.4,61230,1969435,16.340228,23550,23241.35
2026-06-03 10:12:00,ATM+6,PUT,362.25,369.45,360,369.45,6825,390520,16.891283,23550,23241.35
2026-06-03 10:12:00,ATM+7,CALL,83.35,84,82.7,83.05,143195,5369780,16.397017,23600,23241.35
2026-06-03 10:12:00,ATM+7,PUT,397.3,405,396,405,34190,2129270,16.879537,23600,23241.35
2026-06-03 10:12:00,ATM+8,CALL,71.3,71.9,70.55,70.8,48555,1424605,16.410483,23650,23241.35
2026-06-03 10:12:00,ATM+8,PUT,435.65,440.85,434.55,440.85,2275,233090,16.737124,23650,23241.35
2026-06-03 10:12:00,ATM+9,CALL,60.6,61.15,59.9,60.1,91390,5211050,16.433863,23700,23241.35
2026-06-03 10:12:00,ATM+9,PUT,475.55,482.65,472.8,482.45,10465,2397525,17.046829,23700,23241.35
2026-06-03 10:12:00,ATM+10,CALL,51.5,51.9,51,51.1,31655,1630850,16.501342,23750,23241.35
2026-06-03 10:12:00,ATM+10,PUT,518.9,523.9,516,523.9,2535,137020,17.225049,23750,23241.35
2026-06-03 10:13:00,ATM-10,CALL,591.65,591.65,591.65,591.65,0,4550,19.729203,22750,23238.45
2026-06-03 10:13:00,ATM-10,PUT,44.5,45.8,43.85,45.5,130715,995410,17.50791,22750,23238.45
2026-06-03 10:13:00,ATM-9,CALL,530.3,530.3,521.25,521.25,520,91130,16.016908,22800,23238.45
2026-06-03 10:13:00,ATM-9,PUT,52.25,53.8,51.65,53.05,364455,3445715,17.354576,22800,23238.45
2026-06-03 10:13:00,ATM-8,CALL,485,495.9,485,485,65,11375,16.571227,22850,23238.45
2026-06-03 10:13:00,ATM-8,PUT,61.2,63,60.5,62.25,112320,806520,17.267804,22850,23238.45
2026-06-03 10:13:00,ATM-7,CALL,447.75,449.2,439,443.85,4095,71955,16.350195,22900,23238.45
2026-06-03 10:13:00,ATM-7,PUT,71.7,73.5,70.65,72.75,164320,2406885,17.18512,22900,23238.45
2026-06-03 10:13:00,ATM-6,CALL,410.25,410.25,403.6,405.1,1495,28080,16.249437,22950,23238.45
2026-06-03 10:13:00,ATM-6,PUT,83.5,85.5,82.3,84.8,155415,883480,17.11996,22950,23238.45
2026-06-03 10:13:00,ATM-5,CALL,372.9,375.2,367.25,370.2,25675,872690,16.37347,23000,23238.45
2026-06-03 10:13:00,ATM-5,PUT,96.6,99.25,95.3,98.1,525200,5290415,17.031436,23000,23238.45
2026-06-03 10:13:00,ATM-4,CALL,336.75,339.05,332.3,335.2,3185,82420,16.319918,23050,23238.45
2026-06-03 10:13:00,ATM-4,PUT,111.9,114.75,110.4,113.6,196625,1416090,16.999435,23050,23238.45
2026-06-03 10:13:00,ATM-3,CALL,304.2,307,299.65,301.85,32500,451360,16.257961,23100,23238.45
2026-06-03 10:13:00,ATM-3,PUT,128.65,131.85,127.2,130.5,296920,2863965,16.940369,23100,23238.45
2026-06-03 10:13:00,ATM-2,CALL,273.8,275.15,268.6,271.6,30160,317330,16.303368,23150,23238.45
2026-06-03 10:13:00,ATM-2,PUT,147.7,151.1,145.65,149.45,278525,1454375,16.905337,23150,23238.45
2026-06-03 10:13:00,ATM-1,CALL,244.65,246.55,240.25,242.7,218595,2363010,16.299186,23200,23238.45
2026-06-03 10:13:00,ATM-1,PUT,168.5,172.35,166.4,170.75,789295,4230915,16.912349,23200,23238.45
2026-06-03 10:13:00,ATM,CALL,217,218.95,212.85,215.3,285935,2357550,16.257894,23250,23238.45
2026-06-03 10:13:00,ATM,PUT,191.7,195.6,189,194.4,812045,3137160,16.956667,23250,23238.45
2026-06-03 10:13:00,ATM+1,CALL,191.6,193.65,188.15,190.25,528125,9781655,16.2474,23300,23238.45
2026-06-03 10:13:00,ATM+1,PUT,216.3,220.45,213.95,219.05,871520,7297290,16.92763,23300,23238.45
2026-06-03 10:13:00,ATM+2,CALL,168.6,170,165.15,167.4,163605,3169725,16.255307,23350,23238.45
2026-06-03 10:13:00,ATM+2,PUT,242.4,247.75,240.5,246.15,163735,1590875,16.943801,23350,23238.45
2026-06-03 10:13:00,ATM+3,CALL,147.5,149,144.7,146.55,270465,6024395,16.267618,23400,23238.45
2026-06-03 10:13:00,ATM+3,PUT,271.45,276.95,269.5,274.4,237770,3568175,16.900357,23400,23238.45
2026-06-03 10:13:00,ATM+4,CALL,128.1,129.7,125.65,127.35,95940,2464150,16.258587,23450,23238.45
2026-06-03 10:13:00,ATM+4,PUT,303.15,308.2,300,306.25,49855,825110,17.005183,23450,23238.45
2026-06-03 10:13:00,ATM+5,CALL,111.5,112.3,109,110.7,361920,8618220,16.311333,23500,23238.45
2026-06-03 10:13:00,ATM+5,PUT,335.45,340.95,332.5,339,95290,3631485,17.039207,23500,23238.45
2026-06-03 10:13:00,ATM+6,CALL,96.1,96.85,94.1,95.2,73060,1977950,16.311146,23550,23238.45
2026-06-03 10:13:00,ATM+6,PUT,370.25,376.1,367.35,374.35,10205,391365,17.15794,23550,23238.45
2026-06-03 10:13:00,ATM+7,CALL,82.5,83.05,80.75,81.75,140270,5377515,16.347188,23600,23238.45
2026-06-03 10:13:00,ATM+7,PUT,406,412,401.8,410.2,18135,2128685,17.179984,23600,23238.45
2026-06-03 10:13:00,ATM+8,CALL,70.55,71.05,69.1,69.9,64545,1438255,16.389776,23650,23238.45
2026-06-03 10:13:00,ATM+8,PUT,442.5,450.3,440.85,449.55,1690,233285,17.405001,23650,23238.45
2026-06-03 10:13:00,ATM+9,CALL,60.1,60.45,58.8,59.65,97500,5222620,16.452809,23700,23238.45
2026-06-03 10:13:00,ATM+9,PUT,481.6,490.2,480,490,19760,2395315,17.622208,23700,23238.45
2026-06-03 10:13:00,ATM+10,CALL,50.95,51.45,50.1,50.75,56615,1632670,16.524856,23750,23238.45
2026-06-03 10:13:00,ATM+10,PUT,522.55,530.6,522.2,529.9,1300,138190,17.653014,23750,23238.45
2026-06-03 10:14:00,ATM-10,CALL,591.65,591.65,591.65,591.65,0,4550,19.532971,22750,23240.45
2026-06-03 10:14:00,ATM-10,PUT,45.25,46.2,44.8,45.55,102700,972205,17.557888,22750,23240.45
2026-06-03 10:14:00,ATM-9,CALL,523.85,525.95,520,524.5,3900,93275,16.225687,22800,23240.45
2026-06-03 10:14:00,ATM-9,PUT,53.15,54.25,52.7,53.1,282490,3447600,17.406014,22800,23240.45
2026-06-03 10:14:00,ATM-8,CALL,482.95,485,480.6,480.6,520,11570,15.854828,22850,23240.45
2026-06-03 10:14:00,ATM-8,PUT,61.6,63.55,61.6,62.2,80730,797550,17.309651,22850,23240.45
2026-06-03 10:14:00,ATM-7,CALL,445,445,440,443.1,1690,73190,16.098116,22900,23240.45
2026-06-03 10:14:00,ATM-7,PUT,71.75,74.1,71.75,73,152295,2420145,17.261703,22900,23240.45
2026-06-03 10:14:00,ATM-6,CALL,405.55,407.8,402.2,404.9,2860,29770,16.077102,22950,23240.45
2026-06-03 10:14:00,ATM-6,PUT,83.9,86.15,83.9,84.75,126425,875095,17.167827,22950,23240.45
2026-06-03 10:14:00,ATM-5,CALL,368.55,371.5,366,369.65,25805,873925,16.185301,23000,23240.45
2026-06-03 10:14:00,ATM-5,PUT,97.3,100,97.3,98.2,457470,5310500,17.096763,23000,23240.45
2026-06-03 10:14:00,ATM-4,CALL,334.75,336.3,330.6,334.1,7345,84110,16.097502,23050,23240.45
2026-06-03 10:14:00,ATM-4,PUT,112.9,115.5,112.3,113.25,148525,1403480,17.027328,23050,23240.45
2026-06-03 10:14:00,ATM-3,CALL,302.9,303.7,298.65,301.8,26000,464100,16.142499,23100,23240.45
2026-06-03 10:14:00,ATM-3,PUT,130.6,132.9,129.2,130.1,257335,2820870,16.968927,23100,23240.45
2026-06-03 10:14:00,ATM-2,CALL,271.9,272.55,268.5,270.25,18330,328705,16.08852,23150,23240.45
2026-06-03 10:14:00,ATM-2,PUT,149.9,152,148.4,149.6,236340,1427400,16.985371,23150,23240.45
2026-06-03 10:14:00,ATM-1,CALL,243.4,243.4,239.6,241.2,165815,2433730,16.083134,23200,23240.45
2026-06-03 10:14:00,ATM-1,PUT,169.3,173.35,169.25,170.6,638365,4247490,16.972233,23200,23240.45
2026-06-03 10:14:00,ATM,CALL,216,216.7,212.7,214.45,213655,2441335,16.10378,23250,23240.45
2026-06-03 10:14:00,ATM,PUT,192.35,197,192.3,193.45,497055,3077815,16.956965,23250,23240.45
2026-06-03 10:14:00,ATM+1,CALL,191.15,191.15,188.05,189.65,304330,9784905,16.12037,23300,23240.45
2026-06-03 10:14:00,ATM+1,PUT,217.65,222.1,216.8,218.7,589550,7070115,16.982793,23300,23240.45
2026-06-03 10:14:00,ATM+2,CALL,167.7,167.7,165,166.65,143455,3204175,16.121476,23350,23240.45
2026-06-03 10:14:00,ATM+2,PUT,243.95,249.2,243.7,245.45,115310,1570465,16.9769,23350,23240.45
2026-06-03 10:14:00,ATM+3,CALL,146.8,146.9,144.65,145.8,209885,6061835,16.137869,23400,23240.45
2026-06-03 10:14:00,ATM+3,PUT,273.75,278.7,272.65,274.25,149110,3552575,16.985862,23400,23240.45
2026-06-03 10:14:00,ATM+4,CALL,127.55,128.15,125.65,126.65,65585,2461225,16.135987,23450,23240.45
2026-06-03 10:14:00,ATM+4,PUT,304.9,309.85,303.85,305.75,37245,821015,17.069073,23450,23240.45
2026-06-03 10:14:00,ATM+5,CALL,110.15,110.85,109.2,109.95,209495,8723325,16.186123,23500,23240.45
2026-06-03 10:14:00,ATM+5,PUT,339.35,342.7,336.6,338,78520,3627845,17.067387,23500,23240.45
2026-06-03 10:14:00,ATM+6,CALL,95.75,95.75,94.15,94.75,68380,1977820,16.214337,23550,23240.45
2026-06-03 10:14:00,ATM+6,PUT,371.85,376.95,371.85,374.1,6760,391495,17.26179,23550,23240.45
2026-06-03 10:14:00,ATM+7,CALL,82.25,82.25,80.95,81.45,96915,5390060,16.266007,23600,23240.45
2026-06-03 10:14:00,ATM+7,PUT,408,414,407.05,409.95,16575,2128360,17.295117,23600,23240.45
2026-06-03 10:14:00,ATM+8,CALL,70.1,70.6,69.25,69.4,57590,1445860,16.288646,23650,23240.45
2026-06-03 10:14:00,ATM+8,PUT,446.2,451.95,445.7,447.65,3185,232895,17.364668,23650,23240.45
2026-06-03 10:14:00,ATM+9,CALL,59.95,59.95,59,59.4,94640,5237115,16.378537,23700,23240.45
2026-06-03 10:14:00,ATM+9,PUT,487,492,484.5,486.7,7670,2388295,17.433911,23700,23240.45
2026-06-03 10:14:00,ATM+10,CALL,50.95,50.95,50.25,50.45,29705,1631045,16.44455,23750,23240.45
2026-06-03 10:14:00,ATM+10,PUT,529.3,533,528.4,529,1170,137995,17.733906,23750,23240.45
2026-06-03 10:15:00,ATM-10,CALL,591.65,591.65,591.65,591.65,0,4550,19.359009,22750,23242.2
2026-06-03 10:15:00,ATM-10,PUT,45.35,45.55,43.95,45.05,103220,964210,17.528661,22750,23242.2
2026-06-03 10:15:00,ATM-9,CALL,525,532.6,524.5,530.6,1885,94185,16.826848,22800,23242.2
2026-06-03 10:15:00,ATM-9,PUT,52.8,53.25,51.45,53.05,228215,3460145,17.439537,22800,23242.2
2026-06-03 10:15:00,ATM-8,CALL,480.6,480.6,480.6,480.6,0,11570,15.681304,22850,23242.2
2026-06-03 10:15:00,ATM-8,PUT,62,62.2,60.3,61.8,61880,798005,17.305623,22850,23242.2
2026-06-03 10:15:00,ATM-7,CALL,446.8,450.2,443.1,446,845,73255,16.267823,22900,23242.2
2026-06-03 10:15:00,ATM-7,PUT,72.6,73,70.5,72.25,159965,2439515,17.225872,22900,23242.2
2026-06-03 10:15:00,ATM-6,CALL,406.75,412.9,404.9,408.05,845,30355,16.265875,22950,23242.2
2026-06-03 10:15:00,ATM-6,PUT,84.6,84.75,81.8,84.4,123370,866580,17.179211,22950,23242.2
2026-06-03 10:15:00,ATM-5,CALL,370,376,369.65,372,23530,884715,16.291273,23000,23242.2
2026-06-03 10:15:00,ATM-5,PUT,97.7,98.2,94.7,97.45,406900,5312580,17.074945,23000,23242.2
2026-06-03 10:15:00,ATM-4,CALL,335.95,340.25,334.1,336.5,5785,87035,16.208129,23050,23242.2
2026-06-03 10:15:00,ATM-4,PUT,113.05,113.25,109.9,112.45,134615,1374425,17.007239,23050,23242.2
2026-06-03 10:15:00,ATM-3,CALL,303.35,307.4,301.8,304.8,41730,477100,16.306351,23100,23242.2
2026-06-03 10:15:00,ATM-3,PUT,130.45,130.45,126.5,129.2,241150,2785575,16.94622,23100,23242.2
2026-06-03 10:15:00,ATM-2,CALL,271.65,275.7,270.25,272.55,26130,335465,16.193683,23150,23242.2
2026-06-03 10:15:00,ATM-2,PUT,148.95,149.6,144.5,148.4,204945,1416935,16.943502,23150,23242.2
2026-06-03 10:15:00,ATM-1,CALL,241.85,246.65,241.2,243.4,237770,2479620,16.183329,23200,23242.2
2026-06-03 10:15:00,ATM-1,PUT,169.95,170.6,165.15,169.3,603200,4228510,16.928358,23200,23242.2
2026-06-03 10:15:00,ATM,CALL,214.5,219,214.45,216.4,375830,2560415,16.188028,23250,23242.2
2026-06-03 10:15:00,ATM,PUT,193.65,193.65,188.1,191.95,488020,3056105,16.902699,23250,23242.2
2026-06-03 10:15:00,ATM+1,CALL,189.9,193.5,189.65,190.85,394485,9865180,16.149182,23300,23242.2
2026-06-03 10:15:00,ATM+1,PUT,217.8,218.7,212.8,216.8,597545,6975410,16.901584,23300,23242.2
2026-06-03 10:15:00,ATM+2,CALL,166.7,170.2,166.65,167.65,149825,3225820,16.139817,23350,23242.2
2026-06-03 10:15:00,ATM+2,PUT,245,245.45,238.55,243.6,107510,1563120,16.904631,23350,23242.2
2026-06-03 10:15:00,ATM+3,CALL,146.35,148.9,145.8,146.7,245180,6147960,16.153875,23400,23242.2
2026-06-03 10:15:00,ATM+3,PUT,273.35,274.25,268,272.7,176930,3547375,16.942737,23400,23242.2
2026-06-03 10:15:00,ATM+4,CALL,126.7,129.45,126.65,127.85,135785,2470845,16.183746,23450,23242.2
2026-06-03 10:15:00,ATM+4,PUT,304.65,305.75,298.35,303.2,34515,822770,16.945201,23450,23242.2
2026-06-03 10:15:00,ATM+5,CALL,110.7,112.25,109.95,110.75,255840,8774805,16.205812,23500,23242.2
2026-06-03 10:15:00,ATM+5,PUT,336.8,338.05,330.05,335.05,83395,3613090,16.909541,23500,23242.2
2026-06-03 10:15:00,ATM+6,CALL,94.9,96.8,94.75,95.2,102440,1978860,16.208096,23550,23242.2
2026-06-03 10:15:00,ATM+6,PUT,373.1,374.1,366.1,369.25,17615,392340,16.928639,23550,23242.2
2026-06-03 10:15:00,ATM+7,CALL,81.5,82.95,81.45,82,143780,5407025,16.274765,23600,23242.2
2026-06-03 10:15:00,ATM+7,PUT,408,409.95,400.8,406.55,21645,2127450,17.09001,23600,23242.2
2026-06-03 10:15:00,ATM+8,CALL,69.7,70.9,69.4,69.85,46995,1460355,16.293132,23650,23242.2
2026-06-03 10:15:00,ATM+8,PUT,444.05,447.65,440.05,444.6,3900,233025,17.188481,23650,23242.2
2026-06-03 10:15:00,ATM+9,CALL,59.35,60.3,59.25,59.45,88465,5252065,16.343864,23700,23242.2
2026-06-03 10:15:00,ATM+9,PUT,485,486.7,478.6,484.15,5785,2386410,17.305484,23700,23242.2
2026-06-03 10:15:00,ATM+10,CALL,50.35,51.3,50.35,50.5,56160,1645540,16.412421,23750,23242.2
2026-06-03 10:15:00,ATM+10,PUT,527.2,529,520,526,1495,137995,17.549945,23750,23242.2
2026-06-03 10:16:00,ATM-10,CALL,591.65,591.65,591.65,591.65,0,4550,20.082517,22750,23234.85
2026-06-03 10:16:00,ATM-10,PUT,45.35,47.35,45.05,47.35,122200,972855,17.679425,22750,23234.85
2026-06-03 10:16:00,ATM-9,CALL,525.65,530.6,516.85,516.85,1365,94770,15.838079,22800,23234.85
2026-06-03 10:16:00,ATM-9,PUT,53,55.65,52.7,55.65,298155,3459885,17.594343,22800,23234.85
2026-06-03 10:16:00,ATM-8,CALL,480.6,480.6,480.6,480.6,65,11765,16.398788,22850,23234.85
2026-06-03 10:16:00,ATM-8,PUT,62.25,64.75,61.65,64.75,132470,800215,17.468603,22850,23234.85
2026-06-03 10:16:00,ATM-7,CALL,445,446,437,437,1625,72995,15.911513,22900,23234.85
2026-06-03 10:16:00,ATM-7,PUT,72.6,75.8,72,75.8,210665,2459080,17.419948,22900,23234.85
2026-06-03 10:16:00,ATM-6,CALL,404.9,408.05,399,399,975,30680,15.906612,22950,23234.85
2026-06-03 10:16:00,ATM-6,PUT,84.45,88.15,83.9,88.15,131235,870610,17.359868,22950,23234.85
2026-06-03 10:16:00,ATM-5,CALL,371.85,372,364,364,27755,893685,16.031135,23000,23234.85
2026-06-03 10:16:00,ATM-5,PUT,97.75,101.7,97.05,101.7,653770,5354310,17.2718,23000,23234.85
2026-06-03 10:16:00,ATM-4,CALL,334.3,336.9,329.15,330,4745,87685,16.074157,23050,23234.85
2026-06-03 10:16:00,ATM-4,PUT,112.65,117.35,112.25,117.35,171665,1366755,17.231674,23050,23234.85
2026-06-03 10:16:00,ATM-3,CALL,303.45,304.8,297,298,31460,484575,16.128073,23100,23234.85
2026-06-03 10:16:00,ATM-3,PUT,129.9,134.6,129.2,134.6,320970,2771340,17.18355,23100,23234.85
2026-06-03 10:16:00,ATM-2,CALL,272.25,272.55,265.25,265.25,18850,339820,15.955822,23150,23234.85
2026-06-03 10:16:00,ATM-2,PUT,148.55,154.4,148.05,154.4,251550,1399320,17.201968,23150,23234.85
2026-06-03 10:16:00,ATM-1,CALL,243.45,243.75,237.45,237.45,188630,2543710,16.038062,23200,23234.85
2026-06-03 10:16:00,ATM-1,PUT,169.75,175.5,168.8,175.5,880620,4174365,17.175792,23200,23234.85
2026-06-03 10:16:00,ATM,CALL,216.2,216.45,210.5,210.5,278070,2664155,16.024771,23250,23234.85
2026-06-03 10:16:00,ATM,PUT,192.8,199.65,191.6,199.65,706355,3085615,17.246948,23250,23234.85
2026-06-03 10:16:00,ATM+1,CALL,191.25,191.25,186.45,186.65,431795,9960535,16.100417,23300,23234.85
2026-06-03 10:16:00,ATM+1,PUT,217.05,223.9,216.15,223.9,718965,6977685,17.173896,23300,23234.85
2026-06-03 10:16:00,ATM+2,CALL,167.35,167.8,163.3,163.3,119405,3241420,16.054372,23350,23234.85
2026-06-03 10:16:00,ATM+2,PUT,244,251.55,242.95,251.55,138060,1557465,17.225778,23350,23234.85
2026-06-03 10:16:00,ATM+3,CALL,146.55,147.1,143.2,143.2,251615,6210490,16.113802,23400,23234.85
2026-06-03 10:16:00,ATM+3,PUT,272.5,281.55,272.1,281.55,216385,3568695,17.321291,23400,23234.85
2026-06-03 10:16:00,ATM+4,CALL,127.7,127.85,124.5,124.75,115440,2460380,16.152924,23450,23234.85
2026-06-03 10:16:00,ATM+4,PUT,304.65,313.45,302.9,313.45,46085,827190,17.429804,23450,23234.85
2026-06-03 10:16:00,ATM+5,CALL,110.65,110.75,107.8,107.8,280540,8819005,16.163164,23500,23234.85
2026-06-03 10:16:00,ATM+5,PUT,337,345.55,335.05,345.55,115505,3614000,17.409767,23500,23234.85
2026-06-03 10:16:00,ATM+6,CALL,95.25,95.25,93.05,93.15,83460,1994980,16.223373,23550,23234.85
2026-06-03 10:16:00,ATM+6,PUT,372.1,379.6,369.25,377.9,7995,394420,17.25762,23550,23234.85
2026-06-03 10:16:00,ATM+7,CALL,81.55,82,79.75,79.95,197080,5420415,16.267286,23600,23234.85
2026-06-03 10:16:00,ATM+7,PUT,407.5,417.75,406.55,417.75,24310,2127450,17.658689,23600,23234.85
2026-06-03 10:16:00,ATM+8,CALL,69.85,69.95,68.1,68.2,61685,1461915,16.303314,23650,23234.85
2026-06-03 10:16:00,ATM+8,PUT,449.9,454.45,444.6,446.15,1430,232310,16.778258,23650,23234.85
2026-06-03 10:16:00,ATM+9,CALL,59.3,59.45,58.05,58.05,193115,5266235,16.359557,23700,23234.85
2026-06-03 10:16:00,ATM+9,PUT,485,495,484.15,495,13520,2384850,17.862239,23700,23234.85
2026-06-03 10:16:00,ATM+10,CALL,50.5,50.6,49.3,49.55,68770,1653210,16.461487,23750,23234.85
2026-06-03 10:16:00,ATM+10,PUT,530.35,530.35,526,530.35,3965,140335,17.370047,23750,23234.85
2026-06-03 10:17:00,ATM-10,CALL,565.3,591.65,565.3,565.3,195,4615,16.033055,22750,23240.5
2026-06-03 10:17:00,ATM-10,PUT,47.3,48.15,45.75,46.1,138450,971750,17.63505,22750,23240.5
2026-06-03 10:17:00,ATM-9,CALL,514.9,524.5,514.9,524.5,4550,94900,16.224239,22800,23240.5
2026-06-03 10:17:00,ATM-9,PUT,55.3,56.4,53.65,54,277680,3474315,17.520373,22800,23240.5
2026-06-03 10:17:00,ATM-8,CALL,479.35,482.25,479.35,482.25,585,11765,16.053277,22850,23240.5
2026-06-03 10:17:00,ATM-8,PUT,64.9,65.95,62.45,63,112060,796185,17.404378,22850,23240.5
2026-06-03 10:17:00,ATM-7,CALL,438.35,443.5,436.55,443.5,1365,73385,16.141599,22900,23240.5
2026-06-03 10:17:00,ATM-7,PUT,75.6,76.85,73.4,73.55,232050,2459080,17.323683,22900,23240.5
2026-06-03 10:17:00,ATM-6,CALL,399.6,406.5,399,406.5,1040,30940,16.240345,22950,23240.5
2026-06-03 10:17:00,ATM-6,PUT,87.8,89.05,84.85,84.85,175890,877565,17.181512,22950,23240.5
2026-06-03 10:17:00,ATM-5,CALL,363.7,370,361.9,369.5,33930,899600,16.170992,23000,23240.5
2026-06-03 10:17:00,ATM-5,PUT,101.5,103.2,98.2,98.9,728065,5346055,17.166471,23000,23240.5
2026-06-03 10:17:00,ATM-4,CALL,329.9,334.75,327.9,334.25,10400,86710,16.111448,23050,23240.5
2026-06-03 10:17:00,ATM-4,PUT,117.05,118.8,113.3,114.15,261625,1334775,17.11205,23050,23240.5
2026-06-03 10:17:00,ATM-3,CALL,296.1,303.85,295.35,303.85,39715,494065,16.321443,23100,23240.5
2026-06-03 10:17:00,ATM-3,PUT,135,136.4,130.4,131.5,357760,2750605,17.09392,23100,23240.5
2026-06-03 10:17:00,ATM-2,CALL,265.65,272.35,265.2,271.25,23920,342810,16.173514,23150,23240.5
2026-06-03 10:17:00,ATM-2,PUT,153.6,155.65,149.45,149.95,318175,1398735,17.018731,23150,23240.5
2026-06-03 10:17:00,ATM-1,CALL,237.6,242.7,236.45,242,192400,2557165,16.149925,23200,23240.5
2026-06-03 10:17:00,ATM-1,PUT,175.5,177.5,170.2,171.15,822900,4165590,17.021543,23200,23240.5
2026-06-03 10:17:00,ATM,CALL,210.8,215.1,210.35,215,316290,2669745,16.149551,23250,23240.5
2026-06-03 10:17:00,ATM,PUT,199.75,201.25,194.15,194.45,827255,3068260,17.042475,23250,23240.5
2026-06-03 10:17:00,ATM+1,CALL,186.3,191,185.85,191,560105,10039965,16.231112,23300,23240.5
2026-06-03 10:17:00,ATM+1,PUT,224.8,226.55,217.7,217.7,967330,6997575,16.905862,23300,23240.5
2026-06-03 10:17:00,ATM+2,CALL,163.1,167.5,162.55,166.45,109200,3257085,16.106359,23350,23240.5
2026-06-03 10:17:00,ATM+2,PUT,252.25,254,245,245.9,143715,1570335,17.018056,23350,23240.5
2026-06-03 10:17:00,ATM+3,CALL,142.8,146.75,142.8,146.3,225485,6234345,16.18084,23400,23240.5
2026-06-03 10:17:00,ATM+3,PUT,280.85,283.65,273.65,275.9,229060,3563950,17.127351,23400,23240.5
2026-06-03 10:17:00,ATM+4,CALL,124,127.55,123.6,127.1,98930,2470715,16.175921,23450,23240.5
2026-06-03 10:17:00,ATM+4,PUT,312.3,315.1,305,306.9,49140,817635,17.171546,23450,23240.5
2026-06-03 10:17:00,ATM+5,CALL,108,110.8,107.5,110,257075,8877635,16.192076,23500,23240.5
2026-06-03 10:17:00,ATM+5,PUT,345.7,347.55,337.9,339.3,106015,3627455,17.18649,23500,23240.5
2026-06-03 10:17:00,ATM+6,CALL,92.6,95.4,92.6,94.85,73840,2004535,16.22522,23550,23240.5
2026-06-03 10:17:00,ATM+6,PUT,380.95,383.8,374,374,14300,392990,17.257725,23550,23240.5
2026-06-03 10:17:00,ATM+7,CALL,79.65,81.65,79.65,81.5,182520,5463965,16.272573,23600,23240.5
2026-06-03 10:17:00,ATM+7,PUT,416.45,419.4,409.9,410.05,31005,2125955,17.310023,23600,23240.5
2026-06-03 10:17:00,ATM+8,CALL,68.25,70,68.15,70,57005,1472250,16.353152,23650,23240.5
2026-06-03 10:17:00,ATM+8,PUT,455.4,456.45,446.15,448.7,3250,232505,17.476654,23650,23240.5
2026-06-03 10:17:00,ATM+9,CALL,58.15,59.65,57.95,59.25,85020,5314530,16.363443,23700,23240.5
2026-06-03 10:17:00,ATM+9,PUT,494.1,497,485.55,485.55,6500,2384200,17.31521,23700,23240.5
2026-06-03 10:17:00,ATM+10,CALL,49.4,50.6,49.4,50.3,59475,1641250,16.428112,23750,23240.5
2026-06-03 10:17:00,ATM+10,PUT,539.9,539.9,527.25,527.25,1105,140985,17.538305,23750,23240.5
2026-06-03 10:18:00,ATM-10,CALL,565.25,583.1,565.25,583.1,195,4615,16.176953,22750,23259.95
2026-06-03 10:18:00,ATM-10,PUT,46.3,46.35,41.95,42.7,114920,968630,17.582638,22750,23259.95
2026-06-03 10:18:00,ATM-9,CALL,523.85,541.35,523.85,539.8,3900,96330,16.080174,22800,23259.95
2026-06-03 10:18:00,ATM-9,PUT,54.2,54.2,49.2,49.9,386945,3494855,17.437425,22800,23259.95
2026-06-03 10:18:00,ATM-8,CALL,486.95,499.05,482.25,494.95,455,12220,15.650484,22850,23259.95
2026-06-03 10:18:00,ATM-8,PUT,63.35,63.35,57.55,58.35,133835,814125,17.318013,22850,23259.95
2026-06-03 10:18:00,ATM-7,CALL,443.85,459.55,443.5,456.6,3120,72930,15.888084,22900,23259.95
2026-06-03 10:18:00,ATM-7,PUT,74,74,67,68,199745,2458625,17.201701,22900,23259.95
2026-06-03 10:18:00,ATM-6,CALL,405,420,405,418.8,1300,31655,15.988132,22950,23259.95
2026-06-03 10:18:00,ATM-6,PUT,85.85,85.85,78.1,79.4,171145,887835,17.132885,22950,23259.95
2026-06-03 10:18:00,ATM-5,CALL,369.65,384.15,369.3,381.9,48425,908570,16.005936,23000,23259.95
2026-06-03 10:18:00,ATM-5,PUT,99.45,99.45,90.55,91.85,639860,5400590,17.02552,23000,23259.95
2026-06-03 10:18:00,ATM-4,CALL,334.2,347.65,334.2,345.5,8385,90935,15.910306,23050,23259.95
2026-06-03 10:18:00,ATM-4,PUT,114.4,114.65,104.7,106.45,188500,1325610,16.976856,23050,23259.95
2026-06-03 10:18:00,ATM-3,CALL,301.9,314.65,301.85,313,79430,515060,16.0103,23100,23259.95
2026-06-03 10:18:00,ATM-3,PUT,131.95,131.95,120.55,122.5,399165,2772705,16.909371,23100,23259.95
2026-06-03 10:18:00,ATM-2,CALL,271,282.55,270.55,280.5,57005,350675,15.94252,23150,23259.95
2026-06-03 10:18:00,ATM-2,PUT,150.7,151.15,138.35,140.75,331760,1368055,16.881865,23150,23259.95
2026-06-03 10:18:00,ATM-1,CALL,241.7,252,241.55,250.4,424840,2600650,15.917049,23200,23259.95
2026-06-03 10:18:00,ATM-1,PUT,171.95,171.95,158.3,160.75,869440,4179305,16.848226,23200,23259.95
2026-06-03 10:18:00,ATM,CALL,214.7,223.9,214.35,222.85,529815,2739035,15.938465,23250,23259.95
2026-06-03 10:18:00,ATM,PUT,194.95,195,180.7,182.85,798525,2996630,16.833547,23250,23259.95
2026-06-03 10:18:00,ATM+1,CALL,189.45,198.1,189.3,196.6,1022580,10174840,15.901692,23300,23259.95
2026-06-03 10:18:00,ATM+1,PUT,220,220.3,203.9,207.1,998855,6904755,16.838993,23300,23259.95
2026-06-03 10:18:00,ATM+2,CALL,166.45,173.45,166.45,172.4,242450,3276455,15.867427,23350,23259.95
2026-06-03 10:18:00,ATM+2,PUT,247.35,247.35,230.1,232.9,173940,1552915,16.815287,23350,23259.95
2026-06-03 10:18:00,ATM+3,CALL,145.7,152,145.7,151.25,411125,6253455,15.918563,23400,23259.95
2026-06-03 10:18:00,ATM+3,PUT,275.8,275.9,258.35,260.55,265005,3557515,16.78739,23400,23259.95
2026-06-03 10:18:00,ATM+4,CALL,126.8,132.15,126.8,131.1,167700,2472340,15.890008,23450,23259.95
2026-06-03 10:18:00,ATM+4,PUT,306.75,306.9,288.95,291.45,46475,806650,16.874904,23450,23259.95
2026-06-03 10:18:00,ATM+5,CALL,110,114.4,110,113.7,349115,8874840,15.932967,23500,23259.95
2026-06-03 10:18:00,ATM+5,PUT,340.55,340.55,320.4,323.15,104325,3605550,16.87931,23500,23259.95
2026-06-03 10:18:00,ATM+6,CALL,94.95,98.55,94.7,97.9,108095,2004925,15.957755,23550,23259.95
2026-06-03 10:18:00,ATM+6,PUT,373.65,374,356,357.6,5525,396565,16.974298,23550,23259.95
2026-06-03 10:18:00,ATM+7,CALL,81.3,84.45,81.2,83.75,181870,5415150,15.975641,23600,23259.95
2026-06-03 10:18:00,ATM+7,PUT,411.4,411.4,388.95,393.3,25805,2123680,17.038326,23600,23259.95
2026-06-03 10:18:00,ATM+8,CALL,69.4,72,69.4,71.45,86840,1468935,16.016514,23650,23259.95
2026-06-03 10:18:00,ATM+8,PUT,448.55,449.3,429.5,429.5,2990,233285,17.001494,23650,23259.95
2026-06-03 10:18:00,ATM+9,CALL,59.2,61.15,59.2,60.5,146900,5322590,16.042586,23700,23259.95
2026-06-03 10:18:00,ATM+9,PUT,485.75,486.9,466.05,470.95,4680,2384460,17.358945,23700,23259.95
2026-06-03 10:18:00,ATM+10,CALL,50.35,51.8,50.2,51.4,56290,1640145,16.124128,23750,23259.95
2026-06-03 10:18:00,ATM+10,PUT,528.3,528.3,507.9,510.95,1625,141765,17.445348,23750,23259.95
2026-06-03 10:19:00,ATM-10,CALL,586.65,587.4,583.1,587.4,195,4680,16.129782,22750,23265.25
2026-06-03 10:19:00,ATM-10,PUT,42.3,42.7,40.45,40.8,95810,972985,17.427162,22750,23265.25
2026-06-03 10:19:00,ATM-9,CALL,539,546.75,539,544.75,1625,93795,16.143831,22800,23265.25
2026-06-03 10:19:00,ATM-9,PUT,49.65,49.9,47.4,48,294840,3477240,17.309388,22800,23265.25
2026-06-03 10:19:00,ATM-8,CALL,500.95,500.95,494.95,500.95,130,12415,15.856356,22850,23265.25
2026-06-03 10:19:00,ATM-8,PUT,57.85,58.35,55.65,56.05,126165,814840,17.167226,22850,23265.25
2026-06-03 10:19:00,ATM-7,CALL,458.1,463,456.6,461.9,1820,71955,16.01227,22900,23265.25
2026-06-03 10:19:00,ATM-7,PUT,67.4,68,65,65.6,201695,2495480,17.065815,22900,23265.25
2026-06-03 10:19:00,ATM-6,CALL,419.7,424,418.8,422.6,1495,31525,15.96089,22950,23265.25
2026-06-03 10:19:00,ATM-6,PUT,79.4,79.55,75.5,76.3,111345,872950,16.949355,22950,23265.25
2026-06-03 10:19:00,ATM-5,CALL,382.25,387.8,381.9,385.7,31135,898105,15.997753,23000,23265.25
2026-06-03 10:19:00,ATM-5,PUT,92.05,92.15,88,88.95,471250,5323890,16.887543,23000,23265.25
2026-06-03 10:19:00,ATM-4,CALL,347.45,351.1,345.5,349.4,5590,90675,15.928528,23050,23265.25
2026-06-03 10:19:00,ATM-4,PUT,105.35,106.45,101.6,103.15,115050,1314365,16.824993,23050,23265.25
2026-06-03 10:19:00,ATM-3,CALL,313.4,317.85,312.95,315.7,63505,516035,15.938584,23100,23265.25
2026-06-03 10:19:00,ATM-3,PUT,121.5,122.5,117.65,118.7,236925,2681120,16.7358,23100,23265.25
2026-06-03 10:19:00,ATM-2,CALL,280.95,285.55,280.5,284,44850,348725,15.958909,23150,23265.25
2026-06-03 10:19:00,ATM-2,PUT,139.9,140.75,134.8,136.5,167180,1304030,16.692098,23150,23265.25
2026-06-03 10:19:00,ATM-1,CALL,251.6,254.9,250.45,254,330070,2640365,15.958512,23200,23265.25
2026-06-03 10:19:00,ATM-1,PUT,159.55,160.75,154.6,156,445250,4008485,16.637992,23200,23265.25
2026-06-03 10:19:00,ATM,CALL,222.95,226.35,222.5,225,423150,2790580,15.87805,23250,23265.25
2026-06-03 10:19:00,ATM,PUT,181.45,182.85,176.5,177.65,489970,2836015,16.606323,23250,23265.25
2026-06-03 10:19:00,ATM+1,CALL,196.65,200.2,196.6,199.3,757640,10212670,15.903677,23300,23265.25
2026-06-03 10:19:00,ATM+1,PUT,206.4,207.1,199.45,201.75,528125,6809335,16.617593,23300,23265.25
2026-06-03 10:19:00,ATM+2,CALL,172.8,175.5,172.3,174.8,250315,3293485,15.862467,23350,23265.25
2026-06-03 10:19:00,ATM+2,PUT,232.5,232.95,225.55,227.5,84890,1536210,16.605751,23350,23265.25
2026-06-03 10:19:00,ATM+3,CALL,151.15,153.7,150.9,153,355225,6283875,15.877352,23400,23265.25
2026-06-03 10:19:00,ATM+3,PUT,259.25,260.7,253.5,255.6,130390,3588325,16.628948,23400,23265.25
2026-06-03 10:19:00,ATM+4,CALL,131.5,133.4,130.95,132.7,146055,2470390,15.852729,23450,23265.25
2026-06-03 10:19:00,ATM+4,PUT,289.25,291.45,282.9,285.5,38350,803075,16.645458,23450,23265.25
2026-06-03 10:19:00,ATM+5,CALL,113.9,115.6,113.4,114.6,350610,8920405,15.850729,23500,23265.25
2026-06-03 10:19:00,ATM+5,PUT,322.55,323.5,314.85,317.4,69290,3591250,16.676707,23500,23265.25
2026-06-03 10:19:00,ATM+6,CALL,97.8,99.3,97.75,98.8,101465,2024880,15.889287,23550,23265.25
2026-06-03 10:19:00,ATM+6,PUT,355.85,357.6,349.5,351.05,7410,396110,16.707987,23550,23265.25
2026-06-03 10:19:00,ATM+7,CALL,83.75,84.95,83.6,84.55,177710,5438875,15.911268,23600,23265.25
2026-06-03 10:19:00,ATM+7,PUT,391,393.3,384,386.8,18330,2120560,16.780195,23600,23265.25
2026-06-03 10:19:00,ATM+8,CALL,71.6,72.4,71.3,72.1,69355,1468935,15.949944,23650,23265.25
2026-06-03 10:19:00,ATM+8,PUT,428.4,429.5,423.8,423.9,1170,232895,16.834812,23650,23265.25
2026-06-03 10:19:00,ATM+9,CALL,60.5,61.35,60.45,60.9,150475,5347680,15.96095,23700,23265.25
2026-06-03 10:19:00,ATM+9,PUT,468.3,470.95,459,462.1,8060,2384135,16.853082,23700,23265.25
2026-06-03 10:19:00,ATM+10,CALL,51.3,51.95,51.15,51.75,50375,1638975,16.046658,23750,23265.25
2026-06-03 10:19:00,ATM+10,PUT,509.9,510.95,501.1,503.75,975,141700,17.106788,23750,23265.25
2026-06-03 10:20:00,ATM-10,CALL,587.4,587.4,587.4,587.4,0,4680,15.240152,22750,23271.5
2026-06-03 10:20:00,ATM-10,PUT,40.8,41.7,39.85,40.75,77350,984685,17.549594,22750,23271.5
2026-06-03 10:20:00,ATM-9,CALL,549.8,550,540.45,543.75,2080,94120,15.229916,22800,23271.5
2026-06-03 10:20:00,ATM-9,PUT,47.7,48.85,46.6,47.9,163410,3465800,17.431995,22800,23271.5
2026-06-03 10:20:00,ATM-8,CALL,503.15,503.15,500.95,502.1,130,12350,15.329447,22850,23271.5
2026-06-03 10:20:00,ATM-8,PUT,55.95,57.15,54.6,56,56355,863590,17.303391,22850,23271.5
2026-06-03 10:20:00,ATM-7,CALL,465,468,461.5,461.5,1040,71825,15.375684,22900,23271.5
2026-06-03 10:20:00,ATM-7,PUT,65.5,66.75,63.85,65.4,93925,2492880,17.193149,22900,23271.5
2026-06-03 10:20:00,ATM-6,CALL,424.05,426.55,420.35,422.35,455,30810,15.412244,22950,23271.5
2026-06-03 10:20:00,ATM-6,PUT,76.3,77.8,74.3,76.3,82550,872235,17.106969,22950,23271.5
2026-06-03 10:20:00,ATM-5,CALL,387,390.15,382.15,386.35,28080,889590,15.600751,23000,23271.5
2026-06-03 10:20:00,ATM-5,PUT,88.8,90.2,86.45,88.75,295620,5322915,17.034807,23000,23271.5
2026-06-03 10:20:00,ATM-4,CALL,349.4,353.8,347.55,348.85,5590,89180,15.461182,23050,23271.5
2026-06-03 10:20:00,ATM-4,PUT,102.45,104.4,100,102.65,109265,1322360,16.955635,23050,23271.5
2026-06-03 10:20:00,ATM-3,CALL,315.9,320.15,313.2,316.4,37700,497055,15.627843,23100,23271.5
2026-06-03 10:20:00,ATM-3,PUT,118.4,120.55,115.35,118.15,167700,2671110,16.875169,23100,23271.5
2026-06-03 10:20:00,ATM-2,CALL,284,288.15,281.05,283.1,29640,340080,15.543291,23150,23271.5
2026-06-03 10:20:00,ATM-2,PUT,136.25,138.35,132.7,136.05,108225,1316250,16.854307,23150,23271.5
2026-06-03 10:20:00,ATM-1,CALL,254,257.6,251.05,253.85,237770,2642445,15.638279,23200,23271.5
2026-06-03 10:20:00,ATM-1,PUT,156.1,158.1,152.3,155.9,333255,3989635,16.844369,23200,23271.5
2026-06-03 10:20:00,ATM,CALL,224.8,228.5,222.85,225,304785,2782910,15.59651,23250,23271.5
2026-06-03 10:20:00,ATM,PUT,177.6,180.15,174.05,178.1,343460,2811835,16.87361,23250,23271.5
2026-06-03 10:20:00,ATM+1,CALL,199.5,202,197.05,198.7,579410,10238020,15.596508,23300,23271.5
2026-06-03 10:20:00,ATM+1,PUT,200.75,204.1,197.45,201.8,423410,6867185,16.869896,23300,23271.5
2026-06-03 10:20:00,ATM+2,CALL,174.5,177.3,172.6,174.35,168935,3320200,15.58758,23350,23271.5
2026-06-03 10:20:00,ATM+2,PUT,227.35,230,222.6,227.1,68250,1536015,16.841462,23350,23271.5
2026-06-03 10:20:00,ATM+3,CALL,152.7,155.3,151.1,152.65,331695,6249750,15.627959,23400,23271.5
2026-06-03 10:20:00,ATM+3,PUT,255.15,258.2,250.25,255.75,132470,3616990,16.931884,23400,23271.5
2026-06-03 10:20:00,ATM+4,CALL,132.7,134.85,131.15,132.55,131560,2484950,15.635239,23450,23271.5
2026-06-03 10:20:00,ATM+4,PUT,285.45,288.4,279.5,285.25,28665,807170,16.940505,23450,23271.5
2026-06-03 10:20:00,ATM+5,CALL,115,116.7,113.45,114.5,280865,8957325,15.651098,23500,23271.5
2026-06-03 10:20:00,ATM+5,PUT,316.85,320.9,311.25,317.15,48685,3593980,16.999737,23500,23271.5
2026-06-03 10:20:00,ATM+6,CALL,98.65,100.4,97.65,98.5,82030,2024880,15.683401,23550,23271.5
2026-06-03 10:20:00,ATM+6,PUT,351.15,354.25,344.1,351.4,4615,398060,17.116068,23550,23271.5
2026-06-03 10:20:00,ATM+7,CALL,84.5,85.7,83.6,84.35,150865,5463770,15.724497,23600,23271.5
2026-06-03 10:20:00,ATM+7,PUT,386.8,389.25,380,387.35,16835,2120820,17.244467,23600,23271.5
2026-06-03 10:20:00,ATM+8,CALL,72,73.15,71.2,71.75,72540,1468935,15.756492,23650,23271.5
2026-06-03 10:20:00,ATM+8,PUT,421,428.05,418.3,424.8,1755,233805,17.377246,23650,23271.5
2026-06-03 10:20:00,ATM+9,CALL,61,61.95,60.5,61.2,117325,5372120,15.844873,23700,23271.5
2026-06-03 10:20:00,ATM+9,PUT,463,465.95,455.4,462.65,2665,2383680,17.412397,23700,23271.5
2026-06-03 10:20:00,ATM+10,CALL,51.75,52.5,51.25,51.65,45305,1650740,15.893737,23750,23271.5
2026-06-03 10:20:00,ATM+10,PUT,497.5,506.55,497.5,505.45,1365,142415,17.843066,23750,23271.5
2026-06-03 10:21:00,ATM-10,CALL,545.1,556.4,543.75,554.25,1625,93860,15.597271,22800,23280.8
2026-06-03 10:21:00,ATM-10,PUT,47.95,48.2,45.4,45.6,243490,3458845,17.329562,22800,23280.8
2026-06-03 10:21:00,ATM-9,CALL,502.1,502.1,502.1,502.1,0,12350,14.227464,22850,23280.8
2026-06-03 10:21:00,ATM-9,PUT,56.25,56.65,53.05,53.5,80860,873340,17.210608,22850,23280.8
2026-06-03 10:21:00,ATM-8,CALL,462.1,474,461.5,472.8,3445,72410,15.826154,22900,23280.8
2026-06-03 10:21:00,ATM-8,PUT,65.65,66,62,62.55,191295,2503605,17.094189,22900,23280.8
2026-06-03 10:21:00,ATM-7,CALL,427.25,432.85,422.35,431.75,1235,30680,15.646906,22950,23280.8
2026-06-03 10:21:00,ATM-7,PUT,76.55,76.7,72.5,73,114075,872885,16.994465,22950,23280.8
2026-06-03 10:21:00,ATM-6,CALL,385.15,397.2,384.3,394.6,42640,891865,15.732924,23000,23280.8
2026-06-03 10:21:00,ATM-6,PUT,89.45,89.65,84.1,85,452075,5316545,16.912187,23000,23280.8
2026-06-03 10:21:00,ATM-5,CALL,348.5,359.55,348.5,357.6,7280,90480,15.662402,23050,23280.8
2026-06-03 10:21:00,ATM-5,PUT,102.65,103.6,97.5,98.4,132405,1332760,16.820405,23050,23280.8
2026-06-03 10:21:00,ATM-4,CALL,314.9,325.75,314.3,323.25,56420,500890,15.678505,23100,23280.8
2026-06-03 10:21:00,ATM-4,PUT,119,119.8,112.8,113.35,239590,2686775,16.724807,23100,23280.8
2026-06-03 10:21:00,ATM-3,CALL,282,292.6,282,291.25,35230,342290,15.73472,23150,23280.8
2026-06-03 10:21:00,ATM-3,PUT,136.15,137.65,129.8,130.7,192595,1330745,16.690731,23150,23280.8
2026-06-03 10:21:00,ATM-2,CALL,253.2,261.5,251.8,259.6,366275,2641600,15.653687,23200,23280.8
2026-06-03 10:21:00,ATM-2,PUT,155.95,157.45,148.65,150.4,566735,4043000,16.701503,23200,23280.8
2026-06-03 10:21:00,ATM-1,CALL,223.85,232.6,223.85,230.9,434655,2766010,15.654698,23250,23280.8
2026-06-03 10:21:00,ATM-1,PUT,178.4,178.5,169.55,171.2,464945,2862600,16.647502,23250,23280.8
2026-06-03 10:21:00,ATM,CALL,198.2,205.8,197.75,204.2,841230,10282545,15.652635,23300,23280.8
2026-06-03 10:21:00,ATM,PUT,202.3,202.3,192.5,194.8,613145,6981650,16.666589,23300,23280.8
2026-06-03 10:21:00,ATM+1,CALL,173.7,180.7,173.15,179.5,250770,3324425,15.646409,23350,23280.8
2026-06-03 10:21:00,ATM+1,PUT,228.5,228.7,218,220,120315,1549860,16.658938,23350,23280.8
2026-06-03 10:21:00,ATM+2,CALL,152.4,158,151.55,156.65,421915,6229470,15.624179,23400,23280.8
2026-06-03 10:21:00,ATM+2,PUT,255.75,257.55,245,246.9,137215,3616015,16.633151,23400,23280.8
2026-06-03 10:21:00,ATM+3,CALL,132,137.35,131.5,136.45,160680,2491190,15.654133,23450,23280.8
2026-06-03 10:21:00,ATM+3,PUT,285.9,286.45,274.5,277.2,34775,814905,16.731762,23450,23280.8
2026-06-03 10:21:00,ATM+4,CALL,114.5,118.9,114.25,118,385775,8966815,15.667145,23500,23280.8
2026-06-03 10:21:00,ATM+4,PUT,317.9,318.2,306.05,307.8,63765,3599310,16.702545,23500,23280.8
2026-06-03 10:21:00,ATM+5,CALL,98.65,102.25,97.95,101.6,126685,2028520,15.695063,23550,23280.8
2026-06-03 10:21:00,ATM+5,PUT,351.65,351.65,338.8,340.6,9815,398320,16.707626,23550,23280.8
2026-06-03 10:21:00,ATM+6,CALL,84.2,87.75,83.85,87.2,291460,5451030,15.743841,23600,23280.8
2026-06-03 10:21:00,ATM+6,PUT,387.75,387.75,373.65,375.9,24830,2121795,16.785513,23600,23280.8
2026-06-03 10:21:00,ATM+7,CALL,71.75,74.65,71.5,74.15,88465,1468350,15.76255,23650,23280.8
2026-06-03 10:21:00,ATM+7,PUT,424.85,424.85,411.1,412.45,2665,234325,16.834032,23650,23280.8
2026-06-03 10:21:00,ATM+8,CALL,60.9,63.45,60.7,63,139945,5374525,15.816538,23700,23280.8
2026-06-03 10:21:00,ATM+8,PUT,464,464,449.45,451.75,11375,2383940,17.014263,23700,23280.8
2026-06-03 10:21:00,ATM+9,CALL,51.75,53.75,51.4,53.25,74750,1656135,15.869995,23750,23280.8
2026-06-03 10:21:00,ATM+9,PUT,498.75,505.45,491.15,491.5,2080,142935,17.110182,23750,23280.8
2026-06-03 10:21:00,ATM+10,CALL,43.4,45.05,43.3,44.9,179595,5355025,15.938551,23800,23280.8
2026-06-03 10:21:00,ATM+10,PUT,546.05,546.05,530.5,533.75,8255,858455,17.359817,23800,23280.8
2026-06-03 10:22:00,ATM-10,CALL,554.65,557.85,554.25,557.85,1300,93340,16.246062,22800,23279.8
2026-06-03 10:22:00,ATM-10,PUT,45.65,46.4,44.8,45.8,141635,3481205,17.335681,22800,23279.8
2026-06-03 10:22:00,ATM-9,CALL,514.1,514.1,502.1,514.1,65,12350,15.995574,22850,23279.8
2026-06-03 10:22:00,ATM-9,PUT,53.4,54.3,52.55,53.95,87165,876590,17.24398,22850,23279.8
2026-06-03 10:22:00,ATM-8,CALL,472,474.6,468.9,470.6,1690,72280,15.661318,22900,23279.8
2026-06-03 10:22:00,ATM-8,PUT,62.55,63.5,61.7,62.85,134875,2497690,17.105415,22900,23279.8
2026-06-03 10:22:00,ATM-7,CALL,432.7,433.75,430,430,1040,30550,15.541548,22950,23279.8
2026-06-03 10:22:00,ATM-7,PUT,73.3,73.95,72,73.35,71695,888225,17.007356,22950,23279.8
2026-06-03 10:22:00,ATM-6,CALL,395,396.8,391.5,393.3,22880,872430,15.678141,23000,23279.8
2026-06-03 10:22:00,ATM-6,PUT,85,86.15,83.55,85.35,292630,5313620,16.921401,23000,23279.8
2026-06-03 10:22:00,ATM-5,CALL,357.8,360.3,355.5,356.45,3315,88465,15.622169,23050,23279.8
2026-06-03 10:22:00,ATM-5,PUT,98.05,99.55,96.85,99.1,88725,1330940,16.85891,23050,23279.8
2026-06-03 10:22:00,ATM-4,CALL,324,326.05,321,322.3,25870,501800,15.655231,23100,23279.8
2026-06-03 10:22:00,ATM-4,PUT,113.75,115.05,112,114,116675,2678195,16.754155,23100,23279.8
2026-06-03 10:22:00,ATM-3,CALL,291.15,293.9,288.4,288.9,22620,339430,15.587893,23150,23279.8
2026-06-03 10:22:00,ATM-3,PUT,130.3,132.4,128.6,131.8,102375,1334840,16.75461,23150,23279.8
2026-06-03 10:22:00,ATM-2,CALL,260.25,261.9,257.65,259.45,177125,2504255,15.692741,23200,23279.8
2026-06-03 10:22:00,ATM-2,PUT,149.4,151.85,148.2,150.55,302250,4058990,16.681146,23200,23279.8
2026-06-03 10:22:00,ATM-1,CALL,230.8,232.9,228.85,229.5,236405,2716415,15.587045,23250,23279.8
2026-06-03 10:22:00,ATM-1,PUT,171.35,173.1,169.05,172.5,283140,2870010,16.718673,23250,23279.8
2026-06-03 10:22:00,ATM,CALL,203.9,205.95,202.45,203.15,607165,10186410,15.610793,23300,23279.8
2026-06-03 10:22:00,ATM,PUT,194.4,196.3,192.25,195.4,580255,7044310,16.677132,23300,23279.8
2026-06-03 10:22:00,ATM+1,CALL,178.7,181.05,177.65,178.2,164775,3301545,15.580938,23350,23279.8
2026-06-03 10:22:00,ATM+1,PUT,219.5,221.8,216.8,221.5,77285,1549210,16.739346,23350,23279.8
2026-06-03 10:22:00,ATM+2,CALL,157,158.65,155.6,156.45,282100,6134960,15.644838,23400,23279.8
2026-06-03 10:22:00,ATM+2,PUT,246.2,249.4,244,248.1,117325,3610750,16.686556,23400,23279.8
2026-06-03 10:22:00,ATM+3,CALL,136.1,137.75,135.1,135.55,96460,2486250,15.613241,23450,23279.8
2026-06-03 10:22:00,ATM+3,PUT,275.75,279.05,273.9,277.3,15275,817960,16.691313,23450,23279.8
2026-06-03 10:22:00,ATM+4,CALL,118.1,119.45,116.75,117.35,270140,8935940,15.643154,23500,23279.8
2026-06-03 10:22:00,ATM+4,PUT,306.8,310.5,305,310.25,51805,3612180,16.859038,23500,23279.8
2026-06-03 10:22:00,ATM+5,CALL,101.6,102.5,100.5,101.05,108615,2026245,15.675667,23550,23279.8
2026-06-03 10:22:00,ATM+5,PUT,341.45,343.85,337.95,342.45,7930,400140,16.813437,23550,23279.8
2026-06-03 10:22:00,ATM+6,CALL,86.8,87.75,86.05,86.45,157235,5478915,15.701102,23600,23279.8
2026-06-03 10:22:00,ATM+6,PUT,375.85,380,373,377.2,15405,2119585,16.841933,23600,23279.8
2026-06-03 10:22:00,ATM+7,CALL,74.1,74.95,73.25,73.5,60385,1473225,15.723767,23650,23279.8
2026-06-03 10:22:00,ATM+7,PUT,412.55,416.2,411.95,415.2,2600,234780,17.031952,23650,23279.8
2026-06-03 10:22:00,ATM+8,CALL,62.75,63.5,62.2,62.5,97890,5368545,15.787794,23700,23279.8
2026-06-03 10:22:00,ATM+8,PUT,452,454.55,447.85,453.45,4940,2383095,17.112324,23700,23279.8
2026-06-03 10:22:00,ATM+9,CALL,53.25,53.6,52.6,52.85,46735,1642420,15.847224,23750,23279.8
2026-06-03 10:22:00,ATM+9,PUT,490.7,495.35,486.7,493.65,4420,141830,17.26149,23750,23279.8
2026-06-03 10:22:00,ATM+10,CALL,44.9,45.1,44.2,44.4,124930,5349565,15.897652,23800,23279.8
2026-06-03 10:22:00,ATM+10,PUT,532.75,536,530,534.6,2665,859235,17.365333,23800,23279.8
2026-06-03 10:23:00,ATM-10,CALL,587.4,587.4,587.4,587.4,0,4680,14.841484,22750,23274.1
2026-06-03 10:23:00,ATM-10,PUT,39,39.5,38.25,39.5,46605,979420,17.426683,22750,23274.1
2026-06-03 10:23:00,ATM-9,CALL,552.5,557.85,551,552.55,1105,92755,16.186411,22800,23274.1
2026-06-03 10:23:00,ATM-9,PUT,45.9,46.45,45.05,46.35,247325,3530540,17.287585,22800,23274.1
2026-06-03 10:23:00,ATM-8,CALL,515.3,515.3,507.9,507.9,260,12350,15.809235,22850,23274.1
2026-06-03 10:23:00,ATM-8,PUT,53.6,54.5,52.7,54.45,55770,884455,17.177854,22850,23274.1
2026-06-03 10:23:00,ATM-7,CALL,469.95,472,467.8,467.8,390,72150,15.877677,22900,23274.1
2026-06-03 10:23:00,ATM-7,PUT,62.35,63.75,61.9,63.6,93990,2504190,17.056389,22900,23274.1
2026-06-03 10:23:00,ATM-6,CALL,431.45,432.8,430,430.35,715,30810,16.064367,22950,23274.1
2026-06-03 10:23:00,ATM-6,PUT,72.85,74.4,71.9,74.2,102830,902005,16.955775,22950,23274.1
2026-06-03 10:23:00,ATM-5,CALL,394.05,397,390.6,390.6,15795,872690,15.837284,23000,23274.1
2026-06-03 10:23:00,ATM-5,PUT,85.4,86.6,84.25,86.25,267475,5309590,16.861228,23000,23274.1
2026-06-03 10:23:00,ATM-4,CALL,358.25,359.7,354.75,354.75,3640,88335,15.848193,23050,23274.1
2026-06-03 10:23:00,ATM-4,PUT,98.75,100.25,97.1,100.25,98345,1349790,16.808208,23050,23274.1
2026-06-03 10:23:00,ATM-3,CALL,323.8,325.5,320.5,320.6,22880,500955,15.850846,23100,23274.1
2026-06-03 10:23:00,ATM-3,PUT,114.4,115.7,112.3,115.5,147420,2710435,16.719849,23100,23274.1
2026-06-03 10:23:00,ATM-2,CALL,290.15,292.6,288.05,288.55,16640,336180,15.873527,23150,23274.1
2026-06-03 10:23:00,ATM-2,PUT,131.4,133,129.65,133,118235,1352325,16.678304,23150,23274.1
2026-06-03 10:23:00,ATM-1,CALL,258.85,261.8,257.2,257.2,132405,2471430,15.791707,23200,23274.1
2026-06-03 10:23:00,ATM-1,PUT,149.75,152.6,148.8,152.5,293930,4110210,16.651964,23200,23274.1
2026-06-03 10:23:00,ATM,CALL,231.4,232,228.6,228.7,206375,2700100,15.784154,23250,23274.1
2026-06-03 10:23:00,ATM,PUT,171,173.9,170,173.9,355680,2976610,16.627213,23250,23274.1
2026-06-03 10:23:00,ATM+1,CALL,204.15,205.4,202.2,202.45,408460,10131810,15.795079,23300,23274.1
2026-06-03 10:23:00,ATM+1,PUT,194.3,197.5,192.5,197.5,434850,7161180,16.625498,23300,23274.1
2026-06-03 10:23:00,ATM+2,CALL,178.45,180.3,177.3,177.5,128960,3300700,15.746284,23350,23274.1
2026-06-03 10:23:00,ATM+2,PUT,220.7,222.8,217.75,222.3,88530,1557660,16.564294,23350,23274.1
2026-06-03 10:23:00,ATM+3,CALL,157,158,155.2,155.2,179205,6127160,15.747837,23400,23274.1
2026-06-03 10:23:00,ATM+3,PUT,247,250.7,244.35,250.1,113360,3634410,16.59018,23400,23274.1
2026-06-03 10:23:00,ATM+4,CALL,135.5,137.1,134.6,134.75,87555,2489825,15.737018,23450,23274.1
2026-06-03 10:23:00,ATM+4,PUT,277.45,280.45,274.45,280.45,17160,805155,16.671255,23450,23274.1
2026-06-03 10:23:00,ATM+5,CALL,117.6,118.55,116.6,116.75,217165,8889790,15.769147,23500,23274.1
2026-06-03 10:23:00,ATM+5,PUT,309.1,311.55,305.7,311.55,53170,3614455,16.661959,23500,23274.1
2026-06-03 10:23:00,ATM+6,CALL,101.2,102,100.35,100.5,69160,2043860,15.792456,23550,23274.1
2026-06-03 10:23:00,ATM+6,PUT,342,345.55,338.95,345.25,10075,400205,16.724598,23550,23274.1
2026-06-03 10:23:00,ATM+7,CALL,87.2,87.4,85.9,86.15,125125,5467280,15.828762,23600,23274.1
2026-06-03 10:23:00,ATM+7,PUT,375.65,380.8,373.5,380.8,15925,2118805,16.805838,23600,23274.1
2026-06-03 10:23:00,ATM+8,CALL,74.25,74.45,73.25,73.3,55250,1480310,15.850501,23650,23274.1
2026-06-03 10:23:00,ATM+8,PUT,413.65,418,411.15,418,2145,235625,16.898619,23650,23274.1
2026-06-03 10:23:00,ATM+9,CALL,62.35,63.2,62.1,62.25,83330,5357560,15.899491,23700,23274.1
2026-06-03 10:23:00,ATM+9,PUT,451.65,456,448.65,456,3640,2382055,16.927221,23700,23274.1
2026-06-03 10:23:00,ATM+10,CALL,52.85,53.55,52.65,52.8,43160,1648335,15.972827,23750,23274.1
2026-06-03 10:23:00,ATM+10,PUT,492.5,496.4,489.35,496.4,1170,141895,17.069732,23750,23274.1
2026-06-03 10:24:00,ATM-10,CALL,587.4,587.4,587.4,587.4,0,4680,16.585082,22750,23261.85
2026-06-03 10:24:00,ATM-10,PUT,39.5,41.55,39.45,41.3,103220,994175,17.431692,22750,23261.85
2026-06-03 10:24:00,ATM-9,CALL,551.35,552.55,539.65,539.65,2665,92755,15.843081,22800,23261.85
2026-06-03 10:24:00,ATM-9,PUT,46.35,48.9,46.35,48.5,261495,3609190,17.304548,22800,23261.85
2026-06-03 10:24:00,ATM-8,CALL,507.9,507.9,507.9,507.9,0,12350,17.060128,22850,23261.85
2026-06-03 10:24:00,ATM-8,PUT,55.1,57.45,54.45,56.7,103415,892970,17.171514,22850,23261.85
2026-06-03 10:24:00,ATM-7,CALL,468,468,458,458.05,1300,72215,15.887961,22900,23261.85
2026-06-03 10:24:00,ATM-7,PUT,63.75,67,63.6,66.5,211120,2506465,17.087873,22900,23261.85
2026-06-03 10:24:00,ATM-6,CALL,425.3,430.35,419.15,419.15,845,30680,15.878152,22950,23261.85
2026-06-03 10:24:00,ATM-6,PUT,75.1,78.35,74.2,77.6,172705,934180,17.00156,22950,23261.85
2026-06-03 10:24:00,ATM-5,CALL,389.25,391.45,381.1,383.5,24050,866905,16.033313,23000,23261.85
2026-06-03 10:24:00,ATM-5,PUT,86.55,91.1,86.25,90.4,498160,5343260,16.941305,23000,23261.85
2026-06-03 10:24:00,ATM-4,CALL,354.2,354.75,345.4,346.5,6110,88140,15.886358,23050,23261.85
2026-06-03 10:24:00,ATM-4,PUT,101.25,105.45,100.25,104.55,203645,1359345,16.861427,23050,23261.85
2026-06-03 10:24:00,ATM-3,CALL,321.15,321.15,311.5,313.8,39585,482560,15.976288,23100,23261.85
2026-06-03 10:24:00,ATM-3,PUT,115.7,121.6,115.5,120.45,313235,2740530,16.791397,23100,23261.85
2026-06-03 10:24:00,ATM-2,CALL,288.5,288.6,280,281.65,28145,332475,15.94581,23150,23261.85
2026-06-03 10:24:00,ATM-2,PUT,132.95,139.75,132.95,138.45,253565,1383525,16.752473,23150,23261.85
2026-06-03 10:24:00,ATM-1,CALL,255.65,257.95,250,251.65,204945,2410200,15.934775,23200,23261.85
2026-06-03 10:24:00,ATM-1,PUT,152.1,159.8,152.1,158.7,724295,4189315,16.748603,23200,23261.85
2026-06-03 10:24:00,ATM,CALL,228.8,229,221.95,223.65,294840,2627820,15.92536,23250,23261.85
2026-06-03 10:24:00,ATM,PUT,174.4,182,173.9,180.55,729105,3108105,16.720916,23250,23261.85
2026-06-03 10:24:00,ATM+1,CALL,201.1,202.45,195.9,197.15,627640,10008960,15.874555,23300,23261.85
2026-06-03 10:24:00,ATM+1,PUT,199.35,205.55,197.5,204.4,1032720,7286955,16.700455,23300,23261.85
2026-06-03 10:24:00,ATM+2,CALL,177.35,177.65,172,173,195845,3271320,15.85042,23350,23261.85
2026-06-03 10:24:00,ATM+2,PUT,222.8,232,222.3,230.55,176670,1580540,16.710616,23350,23261.85
2026-06-03 10:24:00,ATM+3,CALL,154.35,155.4,150.5,151.65,279370,6055530,15.890917,23400,23261.85
2026-06-03 10:24:00,ATM+3,PUT,252.65,260.5,250.1,258.15,255905,3666585,16.683088,23400,23261.85
2026-06-03 10:24:00,ATM+4,CALL,134.7,135,130.55,131.4,114595,2483130,15.85933,23450,23261.85
2026-06-03 10:24:00,ATM+4,PUT,280.35,290.65,280.35,288.75,44200,809965,16.748815,23450,23261.85
2026-06-03 10:24:00,ATM+5,CALL,116.75,117.2,113.25,114.15,330265,8831940,15.920349,23500,23261.85
2026-06-03 10:24:00,ATM+5,PUT,311.85,322.45,311,320.85,130260,3609905,16.789723,23500,23261.85
2026-06-03 10:24:00,ATM+6,CALL,99.8,100.7,97.6,98.05,103415,2034825,15.923121,23550,23261.85
2026-06-03 10:24:00,ATM+6,PUT,348,357.15,345.25,354.25,14690,395460,16.792059,23550,23261.85
2026-06-03 10:24:00,ATM+7,CALL,85.8,86.3,83.45,84.05,157755,5449665,15.959475,23600,23261.85
2026-06-03 10:24:00,ATM+7,PUT,381.7,392.5,380,388.25,26065,2119845,16.691762,23600,23261.85
2026-06-03 10:24:00,ATM+8,CALL,72.7,73.5,71.25,71.65,133380,1486355,15.99486,23650,23261.85
2026-06-03 10:24:00,ATM+8,PUT,420,428.85,418,428.75,3120,235495,17.070462,23650,23261.85
2026-06-03 10:24:00,ATM+9,CALL,62.25,62.35,60.55,60.9,154505,5367440,16.047133,23700,23261.85
2026-06-03 10:24:00,ATM+9,PUT,458.4,469.55,456,465.25,8645,2380625,16.912461,23700,23261.85
2026-06-03 10:24:00,ATM+10,CALL,52.5,52.95,51.4,51.8,56420,1651260,16.134591,23750,23261.85
2026-06-03 10:24:00,ATM+10,PUT,497,506,496.4,506,1495,141700,17.057929,23750,23261.85
2026-06-03 10:25:00,ATM-10,CALL,594.15,594.15,587.4,594.15,65,4615,16.920608,22750,23267.05
2026-06-03 10:25:00,ATM-10,PUT,41.25,41.75,39.65,40.95,72735,1001390,17.490584,22750,23267.05
2026-06-03 10:25:00,ATM-9,CALL,548.35,548.35,539.65,543.1,455,93015,15.703359,22800,23267.05
2026-06-03 10:25:00,ATM-9,PUT,48.4,49,46.6,47.95,188175,3607045,17.346788,22800,23267.05
2026-06-03 10:25:00,ATM-8,CALL,509.3,509.3,507.9,509.3,65,12220,16.719984,22850,23267.05
2026-06-03 10:25:00,ATM-8,PUT,57.2,57.5,54.6,56.35,76115,905970,17.248724,22850,23267.05
2026-06-03 10:25:00,ATM-7,CALL,457.45,467.9,457.45,466.95,455,72410,16.433315,22900,23267.05
2026-06-03 10:25:00,ATM-7,PUT,66.35,67.3,63.95,65.85,139165,2515630,17.141242,22900,23267.05
2026-06-03 10:25:00,ATM-6,CALL,418.5,425.9,418.5,425.9,325,30680,16.171718,22950,23267.05
2026-06-03 10:25:00,ATM-6,PUT,77.8,78.3,74.55,76.8,84045,914810,17.051062,22950,23267.05
2026-06-03 10:25:00,ATM-5,CALL,382.1,391.25,381.6,386.15,11765,867750,15.917626,23000,23267.05
2026-06-03 10:25:00,ATM-5,PUT,90,91.25,86.65,89.2,334490,5395195,16.964482,23000,23267.05
2026-06-03 10:25:00,ATM-4,CALL,347.55,354.6,345.8,349.75,2795,89375,15.849476,23050,23267.05
2026-06-03 10:25:00,ATM-4,PUT,104.75,105.3,100.6,103.35,133965,1382225,16.898945,23050,23267.05
2026-06-03 10:25:00,ATM-3,CALL,311.75,320.75,311.55,316.2,19305,488605,15.882793,23100,23267.05
2026-06-03 10:25:00,ATM-3,PUT,120.45,121.75,116.2,119.5,184535,2764060,16.865104,23100,23267.05
2026-06-03 10:25:00,ATM-2,CALL,282,288.85,280,284.1,20345,330135,15.876968,23150,23267.05
2026-06-03 10:25:00,ATM-2,PUT,138.15,139.45,133.6,137.05,116610,1411800,16.801246,23150,23267.05
2026-06-03 10:25:00,ATM-1,CALL,252,257.85,250,254.15,106730,2402595,15.888969,23200,23267.05
2026-06-03 10:25:00,ATM-1,PUT,159.15,159.7,153.1,156.85,399750,4323670,16.774873,23200,23267.05
2026-06-03 10:25:00,ATM,CALL,223.7,228.9,222.05,225.1,178490,2598440,15.811491,23250,23267.05
2026-06-03 10:25:00,ATM,PUT,180.6,182.1,174.45,178.65,465400,3248895,16.758812,23250,23267.05
2026-06-03 10:25:00,ATM+1,CALL,196.1,202.35,195.9,199.2,395395,9968595,15.827297,23300,23267.05
2026-06-03 10:25:00,ATM+1,PUT,205,206,198,202.6,627770,7366060,16.762414,23300,23267.05
2026-06-03 10:25:00,ATM+2,CALL,173.05,177.9,172,174.85,132990,3260790,15.803925,23350,23267.05
2026-06-03 10:25:00,ATM+2,PUT,229.8,232.15,223.55,227.4,107510,1584115,16.679205,23350,23267.05
2026-06-03 10:25:00,ATM+3,CALL,150.85,155.6,150.35,152.65,212160,6041165,15.790901,23400,23267.05
2026-06-03 10:25:00,ATM+3,PUT,259.6,260.4,251,255.75,178555,3662750,16.729328,23400,23267.05
2026-06-03 10:25:00,ATM+4,CALL,131.8,135.15,130.6,133,74230,2481375,15.824834,23450,23267.05
2026-06-03 10:25:00,ATM+4,PUT,288.9,290.65,280.75,286.3,33345,809770,16.807947,23450,23267.05
2026-06-03 10:25:00,ATM+5,CALL,114.1,117.3,113.2,115.3,198055,8789495,15.862481,23500,23267.05
2026-06-03 10:25:00,ATM+5,PUT,320.85,323.25,312.2,318.25,59085,3621800,16.853773,23500,23267.05
2026-06-03 10:25:00,ATM+6,CALL,97.8,100.8,97.35,99.15,54665,2034240,15.875356,23550,23267.05
2026-06-03 10:25:00,ATM+6,PUT,356.3,356.3,346,352,10920,393705,16.906255,23550,23267.05
2026-06-03 10:25:00,ATM+7,CALL,84.2,86.5,83.55,85,120380,5437705,15.911772,23600,23267.05
2026-06-03 10:25:00,ATM+7,PUT,390,392,381.1,386.9,21840,2116855,16.913181,23600,23267.05
2026-06-03 10:25:00,ATM+8,CALL,71.5,73.75,71.1,72.45,42185,1485640,15.945792,23650,23267.05
2026-06-03 10:25:00,ATM+8,PUT,428.85,428.85,420.55,426.2,975,235690,17.198021,23650,23267.05
2026-06-03 10:25:00,ATM+9,CALL,60.9,62.7,60.6,61.55,62725,5380570,15.994854,23700,23267.05
2026-06-03 10:25:00,ATM+9,PUT,468.5,468.5,457.15,465,4095,2380430,17.307692,23700,23267.05
2026-06-03 10:25:00,ATM+10,CALL,51.6,53.15,51.4,52.3,27040,1645540,16.076716,23750,23267.05
2026-06-03 10:25:00,ATM+10,PUT,509.3,509.3,498.75,498.75,2600,141440,16.702616,23750,23267.05
2026-06-03 10:26:00,ATM-10,CALL,594.15,594.15,594.15,594.15,0,4615,17.04157,22750,23266.1
2026-06-03 10:26:00,ATM-10,PUT,41.3,42.05,39.25,40.4,99190,995020,17.393886,22750,23266.1
2026-06-03 10:26:00,ATM-9,CALL,541.45,549,536.2,545.2,650,93080,16.115649,22800,23266.1
2026-06-03 10:26:00,ATM-9,PUT,48.1,49.45,46,47.15,211120,3612635,17.223224,22800,23266.1
2026-06-03 10:26:00,ATM-8,CALL,509.3,509.3,509.3,509.3,0,12220,16.815751,22850,23266.1
2026-06-03 10:26:00,ATM-8,PUT,56.8,58,54.35,55.6,77350,901550,17.138472,22850,23266.1
2026-06-03 10:26:00,ATM-7,CALL,460,467,455,463.75,1105,72605,16.155727,22900,23266.1
2026-06-03 10:26:00,ATM-7,PUT,66,67.8,63.5,64.75,142545,2513095,16.997588,22900,23266.1
2026-06-03 10:26:00,ATM-6,CALL,419.65,426.8,419.65,423.65,390,30550,16.011533,22950,23266.1
2026-06-03 10:26:00,ATM-6,PUT,77.65,78.95,74.25,75.95,94770,920855,16.940138,22950,23266.1
2026-06-03 10:26:00,ATM-5,CALL,385.65,390.8,378.4,386,27105,871455,15.973612,23000,23266.1
2026-06-03 10:26:00,ATM-5,PUT,89.65,91.8,86.2,88.05,372450,5370950,16.828133,23000,23266.1
2026-06-03 10:26:00,ATM-4,CALL,347.95,354.4,342.6,349.65,3185,90090,15.903978,23050,23266.1
2026-06-03 10:26:00,ATM-4,PUT,103.65,106.1,100.25,102.4,158795,1383200,16.785257,23050,23266.1
2026-06-03 10:26:00,ATM-3,CALL,314,320,309.5,315,34255,492765,15.833517,23100,23266.1
2026-06-03 10:26:00,ATM-3,PUT,119.35,122.3,115.55,117.75,200655,2775630,16.682792,23100,23266.1
2026-06-03 10:26:00,ATM-2,CALL,282.3,288.15,277.65,283.75,23725,333125,15.899365,23150,23266.1
2026-06-03 10:26:00,ATM-2,PUT,137.2,140.55,132.7,135.65,171600,1409330,16.652173,23150,23266.1
2026-06-03 10:26:00,ATM-1,CALL,253.5,257.15,248,253,161590,2417285,15.841022,23200,23266.1
2026-06-03 10:26:00,ATM-1,PUT,157.85,160.8,152.5,156,491725,4334070,16.672388,23200,23266.1
2026-06-03 10:26:00,ATM,CALL,225.05,228.4,220,224.95,238550,2601300,15.843084,23250,23266.1
2026-06-03 10:26:00,ATM,PUT,179,183.05,173.85,177.25,600210,3297840,16.610111,23250,23266.1
2026-06-03 10:26:00,ATM+1,CALL,197.85,201.85,194.2,198.4,430365,9991540,15.802764,23300,23266.1
2026-06-03 10:26:00,ATM+1,PUT,203.5,207.15,197.15,201.3,689325,7401225,16.619916,23300,23266.1
2026-06-03 10:26:00,ATM+2,CALL,174,177.5,170.4,174.3,130650,3258450,15.796501,23350,23266.1
2026-06-03 10:26:00,ATM+2,PUT,228.25,233.85,222.9,226.15,122850,1596790,16.537446,23350,23266.1
2026-06-03 10:26:00,ATM+3,CALL,152.2,155,149.1,152.2,263900,6049225,15.788435,23400,23266.1
2026-06-03 10:26:00,ATM+3,PUT,256.65,262,250.2,255.2,205660,3664635,16.640516,23400,23266.1
2026-06-03 10:26:00,ATM+4,CALL,131.9,134.6,129.25,132,102570,2496195,15.772725,23450,23266.1
2026-06-03 10:26:00,ATM+4,PUT,288,292.25,280.05,285.55,38415,809120,16.697524,23450,23266.1
2026-06-03 10:26:00,ATM+5,CALL,114.9,116.75,112.05,114.85,189410,8809320,15.853401,23500,23266.1
2026-06-03 10:26:00,ATM+5,PUT,321.35,324.85,310.95,316.5,62855,3617965,16.650508,23500,23266.1
2026-06-03 10:26:00,ATM+6,CALL,98.2,100.3,96.4,98.35,85540,2031770,15.830778,23550,23266.1
2026-06-03 10:26:00,ATM+6,PUT,353.6,359,346.6,350.7,7735,394745,16.732575,23550,23266.1
2026-06-03 10:26:00,ATM+7,CALL,84.75,85.85,82.6,84.55,132535,5439720,15.895196,23600,23266.1
2026-06-03 10:26:00,ATM+7,PUT,389.35,394.95,380.7,385.8,34190,2116140,16.746903,23600,23266.1
2026-06-03 10:26:00,ATM+8,CALL,71.75,73.3,70.45,72,67405,1497405,15.924951,23650,23266.1
2026-06-03 10:26:00,ATM+8,PUT,427.3,432.65,418,422.9,3185,235300,16.80181,23650,23266.1
2026-06-03 10:26:00,ATM+9,CALL,61.35,62.1,59.9,61.15,88660,5380960,15.974787,23700,23266.1
2026-06-03 10:26:00,ATM+9,PUT,466,471,455.9,460.95,9295,2380625,16.804053,23700,23266.1
2026-06-03 10:26:00,ATM+10,CALL,51.7,52.65,50.85,51.8,30745,1647555,16.040041,23750,23266.1
2026-06-03 10:26:00,ATM+10,PUT,506.4,512.8,498.75,506.75,1755,141440,17.523047,23750,23266.1
2026-06-03 10:27:00,ATM-10,CALL,594.15,594.15,594.15,594.15,0,4615,18.979411,22750,23249.1
2026-06-03 10:27:00,ATM-10,PUT,40.25,41.9,39.8,41.7,78000,1010620,17.225469,22750,23249.1
2026-06-03 10:27:00,ATM-9,CALL,541.55,545.2,533.7,534.4,845,93015,16.59276,22800,23249.1
2026-06-03 10:27:00,ATM-9,PUT,47.55,49.25,47,49.1,147160,3624595,17.106495,22800,23249.1
2026-06-03 10:27:00,ATM-8,CALL,509.3,509.3,509.3,509.3,0,12220,18.394228,22850,23249.1
2026-06-03 10:27:00,ATM-8,PUT,55.55,57.85,55.05,57.5,54015,904280,16.977199,22850,23249.1
2026-06-03 10:27:00,ATM-7,CALL,463.25,463.75,454,454,1560,72800,16.569165,22900,23249.1
2026-06-03 10:27:00,ATM-7,PUT,65.1,67.5,64.65,67.35,118885,2527850,16.876584,22900,23249.1
2026-06-03 10:27:00,ATM-6,CALL,422.6,423.65,414,414,520,30745,16.357955,22950,23249.1
2026-06-03 10:27:00,ATM-6,PUT,76.5,78.95,75.25,78.5,107640,930930,16.772152,22950,23249.1
2026-06-03 10:27:00,ATM-5,CALL,384.5,386.35,376.25,376.25,16900,876070,16.235981,23000,23249.1
2026-06-03 10:27:00,ATM-5,PUT,89,91.5,87.6,91.4,542360,5366855,16.696969,23000,23249.1
2026-06-03 10:27:00,ATM-4,CALL,350,350,341,341,3770,92235,16.200373,23050,23249.1
2026-06-03 10:27:00,ATM-4,PUT,102.3,106.2,101.5,105.7,130520,1401205,16.604843,23050,23249.1
2026-06-03 10:27:00,ATM-3,CALL,316.45,316.45,307.45,308,16900,498550,16.207962,23100,23249.1
2026-06-03 10:27:00,ATM-3,PUT,118.15,122.3,117.4,121.6,192335,2788175,16.506811,23100,23249.1
2026-06-03 10:27:00,ATM-2,CALL,282.15,284.9,275.45,275.55,18785,332150,16.10331,23150,23249.1
2026-06-03 10:27:00,ATM-2,PUT,136.15,140.3,135.2,140.2,142675,1397175,16.488693,23150,23249.1
2026-06-03 10:27:00,ATM-1,CALL,253,254.5,245.95,246.7,125385,2438475,16.142177,23200,23249.1
2026-06-03 10:27:00,ATM-1,PUT,156.25,161.35,154.95,160.65,389870,4383275,16.467874,23200,23249.1
2026-06-03 10:27:00,ATM,CALL,224.4,225.75,218.1,218.1,177320,2636855,16.039267,23250,23249.1
2026-06-03 10:27:00,ATM,PUT,178.25,183.25,176.8,182.65,475280,3292640,16.416555,23250,23249.1
2026-06-03 10:27:00,ATM+1,CALL,198.4,199.4,192.5,192.95,362050,10017475,16.055666,23300,23249.1
2026-06-03 10:27:00,ATM+1,PUT,201.55,207.85,200.1,206.65,605540,7505160,16.369568,23300,23249.1
2026-06-03 10:27:00,ATM+2,CALL,173.25,174.8,168.65,169,120770,3266640,16.006671,23350,23249.1
2026-06-03 10:27:00,ATM+2,PUT,228,233.8,225.65,233.6,110760,1592305,16.403098,23350,23249.1
2026-06-03 10:27:00,ATM+3,CALL,151.75,153.1,147.05,147.7,280215,6058845,16.011629,23400,23249.1
2026-06-03 10:27:00,ATM+3,PUT,255.45,262.85,253.65,261.55,192920,3631875,16.359456,23400,23249.1
2026-06-03 10:27:00,ATM+4,CALL,131.6,132.85,127.9,128.1,80340,2508480,15.995837,23450,23249.1
2026-06-03 10:27:00,ATM+4,PUT,284.9,292.95,283.35,291.7,30745,803595,16.338945,23450,23249.1
2026-06-03 10:27:00,ATM+5,CALL,114.3,114.95,110.5,110.9,220480,8820695,16.024127,23500,23249.1
2026-06-03 10:27:00,ATM+5,PUT,318,325.05,315.05,324,70330,3613610,16.34324,23500,23249.1
2026-06-03 10:27:00,ATM+6,CALL,98.1,98.8,95,95.05,92040,2034825,16.012109,23550,23249.1
2026-06-03 10:27:00,ATM+6,PUT,349.4,360.3,349.4,359.45,6760,393900,16.473537,23550,23249.1
2026-06-03 10:27:00,ATM+7,CALL,84.25,84.6,81.25,81.25,116025,5436925,16.03066,23600,23249.1
2026-06-03 10:27:00,ATM+7,PUT,386,395.9,385,394.5,22880,2116075,16.414719,23600,23249.1
2026-06-03 10:27:00,ATM+8,CALL,71.75,72.15,69.3,69.45,78455,1500590,16.090951,23650,23249.1
2026-06-03 10:27:00,ATM+8,PUT,422.4,432.4,422.4,432.4,2145,235950,16.477672,23650,23249.1
2026-06-03 10:27:00,ATM+9,CALL,60.8,61.2,58.85,58.85,84045,5388045,16.12534,23700,23249.1
2026-06-03 10:27:00,ATM+9,PUT,462,473.25,460.95,470.85,6240,2380950,16.445281,23700,23249.1
2026-06-03 10:27:00,ATM+10,CALL,51.8,51.85,49.85,50.05,42510,1647035,16.214777,23750,23249.1
2026-06-03 10:27:00,ATM+10,PUT,503.1,514.2,503.1,514.2,1040,141700,16.825835,23750,23249.1
2026-06-03 10:28:00,ATM-10,CALL,594.15,594.15,594.15,594.15,0,4615,19.733806,22750,23241.7
2026-06-03 10:28:00,ATM-10,PUT,41.65,42.4,41.2,41.95,104130,988000,17.106505,22750,23241.7
2026-06-03 10:28:00,ATM-9,CALL,532.1,534.4,526.75,526.75,1235,93665,16.402192,22800,23241.7
2026-06-03 10:28:00,ATM-9,PUT,48.95,49.8,48.55,49.35,195195,3655990,16.977109,22800,23241.7
2026-06-03 10:28:00,ATM-8,CALL,489.9,509.3,486.3,486.3,195,12155,16.435178,22850,23241.7
2026-06-03 10:28:00,ATM-8,PUT,57.45,58.65,56.8,58.05,74620,917865,16.872099,22850,23241.7
2026-06-03 10:28:00,ATM-7,CALL,453.05,454,445.25,445.55,2990,74100,16.277542,22900,23241.7
2026-06-03 10:28:00,ATM-7,PUT,67.25,68.6,66.5,67.85,197925,2542865,16.752297,22900,23241.7
2026-06-03 10:28:00,ATM-6,CALL,414.1,414.1,406.95,406.95,585,31070,16.207537,22950,23241.7
2026-06-03 10:28:00,ATM-6,PUT,78.45,79.85,77.85,79,101205,934180,16.634248,22950,23241.7
2026-06-03 10:28:00,ATM-5,CALL,376.3,377.4,369.3,372.25,28275,876915,16.364845,23000,23241.7
2026-06-03 10:28:00,ATM-5,PUT,91.25,92.9,90.4,92.15,420875,5298150,16.568628,23000,23241.7
2026-06-03 10:28:00,ATM-4,CALL,340.45,341.95,334.4,334.4,3575,92690,16.062832,23050,23241.7
2026-06-03 10:28:00,ATM-4,PUT,105.8,107.9,104.75,106.95,135525,1397110,16.505772,23050,23241.7
2026-06-03 10:28:00,ATM-3,CALL,307,308.45,301.15,303.3,30940,497445,16.218397,23100,23241.7
2026-06-03 10:28:00,ATM-3,PUT,121.85,124.45,121.35,122.9,272415,2772835,16.393481,23100,23241.7
2026-06-03 10:28:00,ATM-2,CALL,275.5,276.7,270,272.25,23790,331695,16.208313,23150,23241.7
2026-06-03 10:28:00,ATM-2,PUT,140.35,143,139,142.05,174590,1402830,16.402109,23150,23241.7
2026-06-03 10:28:00,ATM-1,CALL,245.7,246.8,240.25,242.8,174200,2427750,16.171351,23200,23241.7
2026-06-03 10:28:00,ATM-1,PUT,160.25,164,159.45,162.6,659555,4383340,16.368128,23200,23241.7
2026-06-03 10:28:00,ATM,CALL,218.4,218.85,212.95,215.15,233740,2611505,16.121616,23250,23241.7
2026-06-03 10:28:00,ATM,PUT,183.2,186.9,181.6,184.8,745095,3349385,16.310907,23250,23241.7
2026-06-03 10:28:00,ATM+1,CALL,192.4,193.1,188,189.65,570180,9913605,16.085209,23300,23241.7
2026-06-03 10:28:00,ATM+1,PUT,207,210.6,206,209.25,740935,7509775,16.277102,23300,23241.7
2026-06-03 10:28:00,ATM+2,CALL,168.9,169.25,164.65,166.2,143975,3263130,16.053009,23350,23241.7
2026-06-03 10:28:00,ATM+2,PUT,233.35,238.15,231.9,235.4,152490,1603160,16.220804,23350,23241.7
2026-06-03 10:28:00,ATM+3,CALL,147.15,147.75,143.6,144.8,300950,6076655,16.026065,23400,23241.7
2026-06-03 10:28:00,ATM+3,PUT,262.05,266.7,260.8,265.25,233025,3567070,16.308183,23400,23241.7
2026-06-03 10:28:00,ATM+4,CALL,127.8,128.15,124.65,125.8,149435,2516215,16.037471,23450,23241.7
2026-06-03 10:28:00,ATM+4,PUT,292.3,297.6,291.25,296.4,32695,813345,16.347666,23450,23241.7
2026-06-03 10:28:00,ATM+5,CALL,110.35,111,107.65,108.9,271960,8847605,16.069583,23500,23241.7
2026-06-03 10:28:00,ATM+5,PUT,324.95,331.05,323.4,328.8,100490,3602040,16.337078,23500,23241.7
2026-06-03 10:28:00,ATM+6,CALL,94.95,95.25,92.7,93.35,86450,2050360,16.062969,23550,23241.7
2026-06-03 10:28:00,ATM+6,PUT,359.15,365.05,358,363.2,5915,394225,16.346717,23550,23241.7
2026-06-03 10:28:00,ATM+7,CALL,81.25,81.55,79.1,80,196820,5459935,16.104276,23600,23241.7
2026-06-03 10:28:00,ATM+7,PUT,393.6,401.6,393,400,24765,2114775,16.427316,23600,23241.7
2026-06-03 10:28:00,ATM+8,CALL,69.15,69.6,67.5,68.15,86645,1535950,16.140135,23650,23241.7
2026-06-03 10:28:00,ATM+8,PUT,433.8,440,432.4,439.05,1690,235820,16.587038,23650,23241.7
2026-06-03 10:28:00,ATM+9,CALL,58.8,59.1,57.4,58.1,128050,5411900,16.216261,23700,23241.7
2026-06-03 10:28:00,ATM+9,PUT,471.35,478,470.5,477.75,7280,2377440,16.566305,23700,23241.7
2026-06-03 10:28:00,ATM+10,CALL,49.8,50.1,48.65,49.15,80925,1652430,16.271448,23750,23241.7
2026-06-03 10:28:00,ATM+10,PUT,512.45,520.9,512.45,520.9,1170,141570,16.912121,23750,23241.7
2026-06-03 10:29:00,ATM-10,CALL,575,594.15,575,575,65,4680,16.648524,22750,23247
2026-06-03 10:29:00,ATM-10,PUT,41.6,42.05,40.9,41.4,46280,995930,17.141681,22750,23247
2026-06-03 10:29:00,ATM-9,CALL,532.1,532.1,526.75,530.9,520,94640,16.366588,22800,23247
2026-06-03 10:29:00,ATM-9,PUT,49,49.5,48.25,48.95,200720,3709290,17.043207,22800,23247
2026-06-03 10:29:00,ATM-8,CALL,489.8,489.8,486.3,489.8,130,12285,16.341766,22850,23247
2026-06-03 10:29:00,ATM-8,PUT,57.55,58.15,56.5,57,26000,912210,16.872017,22850,23247
2026-06-03 10:29:00,ATM-7,CALL,449.65,452.6,445.55,448.05,975,75075,16.095357,22900,23247
2026-06-03 10:29:00,ATM-7,PUT,67.4,68.1,66.2,66.9,91650,2483195,16.778486,22900,23247
2026-06-03 10:29:00,ATM-6,CALL,413.65,413.65,406.95,409.05,845,31330,16.013267,22950,23247
2026-06-03 10:29:00,ATM-6,PUT,78.35,79.55,77.2,78.4,41340,929110,16.709935,22950,23247
2026-06-03 10:29:00,ATM-5,CALL,374.6,378,371.85,374.7,26195,890305,16.235155,23000,23247
2026-06-03 10:29:00,ATM-5,PUT,91.35,92.5,90,91.05,243685,5297695,16.608163,23000,23247
2026-06-03 10:29:00,ATM-4,CALL,339.5,341.3,334.4,337.95,1430,92820,16.055696,23050,23247
2026-06-03 10:29:00,ATM-4,PUT,105.9,107.4,104.45,105.9,85930,1390220,16.564191,23050,23247
2026-06-03 10:29:00,ATM-3,CALL,305.65,308.3,303.15,305,9035,500890,16.067304,23100,23247
2026-06-03 10:29:00,ATM-3,PUT,122.35,123.9,120.75,122.55,129220,2797210,16.526912,23100,23247
2026-06-03 10:29:00,ATM-2,CALL,273.7,275.9,271.6,273.8,9620,336960,16.066574,23150,23247
2026-06-03 10:29:00,ATM-2,PUT,140.7,142.45,139,141.05,128700,1386710,16.493146,23150,23247
2026-06-03 10:29:00,ATM-1,CALL,244.35,247.1,242.3,244.9,142545,2455700,16.095394,23200,23247
2026-06-03 10:29:00,ATM-1,PUT,161.15,163,159.15,161.05,398320,4463615,16.42846,23200,23247
2026-06-03 10:29:00,ATM,CALL,215.75,218.6,215,216.7,146055,2636920,16.018953,23250,23247
2026-06-03 10:29:00,ATM,PUT,183.7,185.7,181.55,183.3,419315,3364920,16.391384,23250,23247
2026-06-03 10:29:00,ATM+1,CALL,190.45,193.15,189.2,191.65,373490,10040485,16.036678,23300,23247
2026-06-03 10:29:00,ATM+1,PUT,208.4,210.7,205.45,207.5,557115,7362420,16.353999,23300,23247
2026-06-03 10:29:00,ATM+2,CALL,167.4,169.3,165.85,167.15,68900,3275610,15.93567,23350,23247
2026-06-03 10:29:00,ATM+2,PUT,234.3,237,231.05,234,58825,1582685,16.343918,23350,23247
2026-06-03 10:29:00,ATM+3,CALL,145.95,147.95,144.8,146.7,131170,6148025,16.00311,23400,23247
2026-06-03 10:29:00,ATM+3,PUT,263,265.85,260,264,122135,3538015,16.462623,23400,23247
2026-06-03 10:29:00,ATM+4,CALL,126.4,127.9,125.75,127.1,64285,2522585,15.980058,23450,23247
2026-06-03 10:29:00,ATM+4,PUT,293.7,296.85,290.55,293.4,20735,811005,16.374051,23450,23247
2026-06-03 10:29:00,ATM+5,CALL,109.75,110.85,108.85,109.95,125060,8878480,16.005195,23500,23247
2026-06-03 10:29:00,ATM+5,PUT,326.5,329.45,323.35,325.8,37830,3600675,16.381524,23500,23247
2026-06-03 10:29:00,ATM+6,CALL,94.35,95.35,93.35,94.45,38415,2055495,16.017622,23550,23247
2026-06-03 10:29:00,ATM+6,PUT,360.3,364,357.5,361.4,2405,392470,16.520659,23550,23247
2026-06-03 10:29:00,ATM+7,CALL,80.6,81.5,80,81.1,116480,5490095,16.073528,23600,23247
2026-06-03 10:29:00,ATM+7,PUT,397.45,400,392.25,396.6,8775,2112565,16.47196,23600,23247
2026-06-03 10:29:00,ATM+8,CALL,68.7,69.55,68.15,69.05,21125,1546415,16.103599,23650,23247
2026-06-03 10:29:00,ATM+8,PUT,435.6,439.05,432.5,434.05,1820,235820,16.485306,23650,23247
2026-06-03 10:29:00,ATM+9,CALL,58.05,59.15,58,58.85,60970,5413135,16.176895,23700,23247
2026-06-03 10:29:00,ATM+9,PUT,475.55,477.75,470.8,474.55,3250,2377245,16.673134,23700,23247
2026-06-03 10:29:00,ATM+10,CALL,49.35,50.15,49.15,49.7,45825,1660165,16.221226,23750,23247
2026-06-03 10:29:00,ATM+10,PUT,513.95,520.9,513.95,513.95,1625,141180,16.595527,23750,23247
2026-06-03 10:30:00,ATM-10,CALL,575,575,570.75,570.75,390,4745,16.058513,22750,23246.75
2026-06-03 10:30:00,ATM-10,PUT,41.15,42.55,40.1,42.25,48490,997165,17.255166,22750,23246.75
2026-06-03 10:30:00,ATM-9,CALL,536.5,539,528.45,528.45,585,94965,16.069902,22800,23246.75
2026-06-03 10:30:00,ATM-9,PUT,48.55,50.1,47.35,49.95,145470,3791710,17.16528,22800,23246.75
2026-06-03 10:30:00,ATM-8,CALL,490.4,490.4,489.8,490.4,130,12285,16.439335,22850,23246.75
2026-06-03 10:30:00,ATM-8,PUT,56.9,58.75,55.5,58.45,40430,914485,17.036677,22850,23246.75
2026-06-03 10:30:00,ATM-7,CALL,455.75,456,448.05,448.05,910,75075,16.118535,22900,23246.75
2026-06-03 10:30:00,ATM-7,PUT,66.8,68.8,65.15,68.8,115050,2490410,16.979246,22900,23246.75
2026-06-03 10:30:00,ATM-6,CALL,411.35,418.15,409.05,416.4,520,31395,16.786872,22950,23246.75
2026-06-03 10:30:00,ATM-6,PUT,77.9,80.4,76.25,80,92755,907010,16.866574,22950,23246.75
2026-06-03 10:30:00,ATM-5,CALL,375,381,370.55,372.45,47125,888615,16.036223,23000,23246.75
2026-06-03 10:30:00,ATM-5,PUT,90.7,93.5,88.7,93.45,334100,5319145,16.831579,23000,23246.75
2026-06-03 10:30:00,ATM-4,CALL,339.1,344.7,336.9,337.15,2535,93730,15.999278,23050,23246.75
2026-06-03 10:30:00,ATM-4,PUT,105.2,108.35,102.75,107.95,106340,1387100,16.744108,23050,23246.75
2026-06-03 10:30:00,ATM-3,CALL,306.6,311.4,302.4,303.3,14950,506090,15.93367,23100,23246.75
2026-06-03 10:30:00,ATM-3,PUT,122,125.2,119,124.95,190905,2788760,16.729274,23100,23246.75
2026-06-03 10:30:00,ATM-2,CALL,274.3,279.45,271.65,272.85,15015,339690,16.000224,23150,23246.75
2026-06-03 10:30:00,ATM-2,PUT,140,143.95,137.1,143.55,137865,1404195,16.696802,23150,23246.75
2026-06-03 10:30:00,ATM-1,CALL,245.1,249.5,241.95,243,179660,2514525,15.95131,23200,23246.75
2026-06-03 10:30:00,ATM-1,PUT,160.55,164.15,157,164.1,411060,4449770,16.672201,23200,23246.75
2026-06-03 10:30:00,ATM,CALL,217,221.4,214.4,215.75,248625,2694965,15.953474,23250,23246.75
2026-06-03 10:30:00,ATM,PUT,183.25,187.3,179.25,186.7,439270,3383770,16.659675,23250,23246.75
2026-06-03 10:30:00,ATM+1,CALL,192.1,195.4,189.35,190.4,467025,10083840,15.946253,23300,23246.75
2026-06-03 10:30:00,ATM+1,PUT,207.55,212,203.35,211.5,475735,7297420,16.669256,23300,23246.75
2026-06-03 10:30:00,ATM+2,CALL,168.15,171.55,165.85,166.8,128375,3277170,15.917363,23350,23246.75
2026-06-03 10:30:00,ATM+2,PUT,233.5,238.6,229.4,238.2,63895,1581775,16.676603,23350,23246.75
2026-06-03 10:30:00,ATM+3,CALL,146.75,149.8,145.05,145.85,240435,6109155,15.942096,23400,23246.75
2026-06-03 10:30:00,ATM+3,PUT,262.05,267.7,257.4,266.9,130065,3531840,16.691797,23400,23246.75
2026-06-03 10:30:00,ATM+4,CALL,127.65,130,125.55,126.85,117260,2519530,15.967741,23450,23246.75
2026-06-03 10:30:00,ATM+4,PUT,288.8,298.95,287.6,297.55,28730,810160,16.714499,23450,23246.75
2026-06-03 10:30:00,ATM+5,CALL,110.5,112.65,108.85,109.5,203970,8910655,15.97384,23500,23246.75
2026-06-03 10:30:00,ATM+5,PUT,325.95,331.1,319.75,330.4,47775,3596840,16.772472,23500,23246.75
2026-06-03 10:30:00,ATM+6,CALL,94.95,96.85,93.65,94.1,85605,2050490,15.993171,23550,23246.75
2026-06-03 10:30:00,ATM+6,PUT,360,366.6,355,365.25,4095,391430,16.858612,23550,23246.75
2026-06-03 10:30:00,ATM+7,CALL,81.15,82.95,80.15,80.55,145405,5522855,16.027202,23600,23246.75
2026-06-03 10:30:00,ATM+7,PUT,396.1,401.45,390,401.4,29055,2107755,16.918762,23600,23246.75
2026-06-03 10:30:00,ATM+8,CALL,69.2,70.6,68.4,68.95,43615,1549665,16.10036,23650,23246.75
2026-06-03 10:30:00,ATM+8,PUT,430.1,439.6,428.3,439.6,1820,235365,17.035256,23650,23246.75
2026-06-03 10:30:00,ATM+9,CALL,59.7,60,58.05,58.35,76440,5415280,16.127546,23700,23246.75
2026-06-03 10:30:00,ATM+9,PUT,468.15,479,466.2,477.6,3705,2377375,16.986328,23700,23246.75
2026-06-03 10:30:00,ATM+10,CALL,49.75,50.9,49.15,49.5,39390,1672255,16.203409,23750,23246.75
2026-06-03 10:30:00,ATM+10,PUT,508.4,513.95,508.4,510.25,780,139945,16.123488,23750,23246.75
2026-06-03 10:31:00,ATM-10,CALL,570.75,570.75,570.75,570.75,0,4745,17.170913,22750,23237.65
2026-06-03 10:31:00,ATM-10,PUT,42.45,44.65,41.75,44.65,115245,994370,17.392008,22750,23237.65
2026-06-03 10:31:00,ATM-9,CALL,527.75,528.45,521,521,1235,95030,16.0965,22800,23237.65
2026-06-03 10:31:00,ATM-9,PUT,50.25,52.4,49.3,52.4,214565,3782935,17.271553,22800,23237.65
2026-06-03 10:31:00,ATM-8,CALL,485.75,490.4,481.1,481.1,585,12285,16.210253,22850,23237.65
2026-06-03 10:31:00,ATM-8,PUT,58.65,61.5,58,61.4,81445,903305,17.166962,22850,23237.65
2026-06-03 10:31:00,ATM-7,CALL,446.85,448.25,438.45,438.45,2145,75595,15.847645,22900,23237.65
2026-06-03 10:31:00,ATM-7,PUT,69,72.15,68,72.15,123305,2498210,17.116383,22900,23237.65
2026-06-03 10:31:00,ATM-6,CALL,407.9,416.4,402,402,845,31460,16.016129,22950,23237.65
2026-06-03 10:31:00,ATM-6,PUT,80.55,83.75,79.45,83.7,135200,901940,17.00402,22950,23237.65
2026-06-03 10:31:00,ATM-5,CALL,371.55,373.25,365.55,365.55,43355,864370,16.004738,23000,23237.65
2026-06-03 10:31:00,ATM-5,PUT,93.55,97.5,92.15,97.4,573560,5356455,16.957681,23000,23237.65
2026-06-03 10:31:00,ATM-4,CALL,336.1,337.15,330.9,330.9,1690,93405,15.999708,23050,23237.65
2026-06-03 10:31:00,ATM-4,PUT,108.3,112.7,107.1,112.7,121160,1385540,16.909192,23050,23237.65
2026-06-03 10:31:00,ATM-3,CALL,303.3,304.9,297.7,297.7,40430,517465,15.961817,23100,23237.65
2026-06-03 10:31:00,ATM-3,PUT,125.1,129.85,123.75,129.85,252070,2784340,16.873045,23100,23237.65
2026-06-03 10:31:00,ATM-2,CALL,271.3,273.85,267.15,267.4,29055,340535,16.010223,23150,23237.65
2026-06-03 10:31:00,ATM-2,PUT,143.7,149.3,142.2,149.3,238420,1402505,16.879709,23150,23237.65
2026-06-03 10:31:00,ATM-1,CALL,242.9,243.85,238.1,238.6,180895,2558010,16.018194,23200,23237.65
2026-06-03 10:31:00,ATM-1,PUT,164.7,170,162.9,170,585260,4443465,16.835463,23200,23237.65
2026-06-03 10:31:00,ATM,CALL,214.85,216.25,211.3,211.45,191295,2753335,15.997908,23250,23237.65
2026-06-03 10:31:00,ATM,PUT,187.1,193.35,185.4,193.35,640250,3382210,16.853691,23250,23237.65
2026-06-03 10:31:00,ATM+1,CALL,189.55,190.8,186.25,186.25,360685,10194470,15.972884,23300,23237.65
2026-06-03 10:31:00,ATM+1,PUT,211.95,218,210.1,217.65,590005,7287150,16.793665,23300,23237.65
2026-06-03 10:31:00,ATM+2,CALL,166.35,167.5,163.4,163.6,106470,3287115,15.991958,23350,23237.65
2026-06-03 10:31:00,ATM+2,PUT,237.75,245.55,236.6,245.45,117845,1577940,16.863315,23350,23237.65
2026-06-03 10:31:00,ATM+3,CALL,145.4,146.3,142.75,142.85,180180,6154980,16.004677,23400,23237.65
2026-06-03 10:31:00,ATM+3,PUT,267,274.6,265.3,274.6,177060,3515850,16.890369,23400,23237.65
2026-06-03 10:31:00,ATM+4,CALL,126.2,126.85,123.9,123.95,71890,2501980,16.010595,23450,23237.65
2026-06-03 10:31:00,ATM+4,PUT,298.8,305.25,295.75,305.1,37050,803335,16.8767,23450,23237.65
2026-06-03 10:31:00,ATM+5,CALL,109.5,109.85,107.2,107.45,192270,8970325,16.063926,23500,23237.65
2026-06-03 10:31:00,ATM+5,PUT,330.3,339.45,328.3,339.45,57655,3595020,17.044319,23500,23237.65
2026-06-03 10:31:00,ATM+6,CALL,93.75,94.5,92.25,92.4,64935,2071615,16.090201,23550,23237.65
2026-06-03 10:31:00,ATM+6,PUT,364.45,373.45,364.45,373.35,4290,390520,17.026634,23550,23237.65
2026-06-03 10:31:00,ATM+7,CALL,80.5,81,79,79,127400,5538260,16.11472,23600,23237.65
2026-06-03 10:31:00,ATM+7,PUT,401.2,409.8,398.9,409.8,20280,2104700,17.096433,23600,23237.65
2026-06-03 10:31:00,ATM+8,CALL,68.5,68.95,67.25,67.25,62400,1550380,16.148415,23650,23237.65
2026-06-03 10:31:00,ATM+8,PUT,439.65,447.45,437.65,447.45,3250,235560,17.139669,23650,23237.65
2026-06-03 10:31:00,ATM+9,CALL,58.3,58.6,57.2,57.2,84695,5425745,16.212014,23700,23237.65
2026-06-03 10:31:00,ATM+9,PUT,479.9,488,476.6,488,8515,2376855,17.34828,23700,23237.65
2026-06-03 10:31:00,ATM+10,CALL,49.3,49.7,48.55,48.55,45305,1678170,16.290665,23750,23237.65
2026-06-03 10:31:00,ATM+10,PUT,520.05,530,510.25,530,1625,140075,17.599898,23750,23237.65
2026-06-03 10:32:00,ATM-10,CALL,570.75,570.75,570.75,570.75,0,4745,18.111849,22750,23229.15
2026-06-03 10:32:00,ATM-10,PUT,44.4,46.3,43.25,46.2,124410,991185,17.419099,22750,23229.15
2026-06-03 10:32:00,ATM-9,CALL,523.95,524.15,516.7,518.95,1820,96135,16.740263,22800,23229.15
2026-06-03 10:32:00,ATM-9,PUT,52.4,54.3,51.2,54.25,209430,3823300,17.309759,22800,23229.15
2026-06-03 10:32:00,ATM-8,CALL,482.75,483.1,481.1,482.4,260,12285,17.150047,22850,23229.15
2026-06-03 10:32:00,ATM-8,PUT,61.3,63.8,59.95,63.45,99840,910650,17.20105,22850,23229.15
2026-06-03 10:32:00,ATM-7,CALL,439.1,443.95,438.45,439.7,2210,76245,16.701557,22900,23229.15
2026-06-03 10:32:00,ATM-7,PUT,72.05,74.55,70.3,74.35,166985,2494375,17.139122,22900,23229.15
2026-06-03 10:32:00,ATM-6,CALL,404,405.6,400,400,1430,31915,16.456405,22950,23229.15
2026-06-03 10:32:00,ATM-6,PUT,84,86.8,82,86.5,131170,900120,17.060222,22950,23229.15
2026-06-03 10:32:00,ATM-5,CALL,365,370.2,363,363.05,25155,878475,16.345096,23000,23229.15
2026-06-03 10:32:00,ATM-5,PUT,97.2,100.4,95.3,100.25,595595,5375565,16.990246,23000,23229.15
2026-06-03 10:32:00,ATM-4,CALL,335.15,335.15,328.45,328.8,5720,94900,16.332005,23050,23229.15
2026-06-03 10:32:00,ATM-4,PUT,112.4,116.3,110.2,115.7,167310,1377155,16.928154,23050,23229.15
2026-06-03 10:32:00,ATM-3,CALL,299.1,302.1,296,296.95,35685,513045,16.37043,23100,23229.15
2026-06-03 10:32:00,ATM-3,PUT,129.9,133.45,127.25,133.05,311740,2738060,16.882692,23100,23229.15
2026-06-03 10:32:00,ATM-2,CALL,267.25,271,264.6,265.45,22945,352885,16.278146,23150,23229.15
2026-06-03 10:32:00,ATM-2,PUT,148.95,153.2,146.25,152.55,274365,1399060,16.86708,23150,23229.15
2026-06-03 10:32:00,ATM-1,CALL,238.5,241.5,236.65,236.65,191360,2602340,16.253067,23200,23229.15
2026-06-03 10:32:00,ATM-1,PUT,169.4,174.6,167.15,174.05,751660,4459260,16.862617,23200,23229.15
2026-06-03 10:32:00,ATM,CALL,211.75,214.4,210,210.5,270140,2795065,16.284036,23250,23229.15
2026-06-03 10:32:00,ATM,PUT,193.35,198,190,197.5,687635,3279575,16.862301,23250,23229.15
2026-06-03 10:32:00,ATM+1,CALL,186.6,189.15,185,185.25,423280,10203960,16.226987,23300,23229.15
2026-06-03 10:32:00,ATM+1,PUT,217.4,223.3,214.55,222.8,701545,7168720,16.857082,23300,23229.15
2026-06-03 10:32:00,ATM+2,CALL,163.8,166,162.45,162.75,116675,3310905,16.232927,23350,23229.15
2026-06-03 10:32:00,ATM+2,PUT,245.4,250.4,241.7,249.95,146315,1563900,16.847459,23350,23229.15
2026-06-03 10:32:00,ATM+3,CALL,143.4,145.15,142,142.4,243880,6198270,16.255943,23400,23229.15
2026-06-03 10:32:00,ATM+3,PUT,274.4,280,270,279.75,212745,3477240,16.902011,23400,23229.15
2026-06-03 10:32:00,ATM+4,CALL,123.8,126,123.35,123.65,77155,2514915,16.254239,23450,23229.15
2026-06-03 10:32:00,ATM+4,PUT,304.85,311.45,301.5,310.95,32240,793455,16.921989,23450,23229.15
2026-06-03 10:32:00,ATM+5,CALL,107.55,109.05,106.8,107.25,218465,8970390,16.298388,23500,23229.15
2026-06-03 10:32:00,ATM+5,PUT,339.1,344.85,333.75,344.1,121485,3598010,16.958946,23500,23229.15
2026-06-03 10:32:00,ATM+6,CALL,92.4,93.8,91.85,92.35,70135,2073175,16.322458,23550,23229.15
2026-06-03 10:32:00,ATM+6,PUT,373.05,379.05,369.2,379.05,5655,390455,17.008183,23550,23229.15
2026-06-03 10:32:00,ATM+7,CALL,79,80.55,78.9,79.1,96265,5542875,16.347771,23600,23229.15
2026-06-03 10:32:00,ATM+7,PUT,409.2,415,404.55,414.1,24505,2101190,16.913704,23600,23229.15
2026-06-03 10:32:00,ATM+8,CALL,67.5,68.6,67.15,67.55,36660,1535235,16.390969,23650,23229.15
2026-06-03 10:32:00,ATM+8,PUT,444.15,455.6,444.15,454.5,1170,234585,17.205381,23650,23229.15
2026-06-03 10:32:00,ATM+9,CALL,57.4,58.4,57.2,57.35,94315,5452720,16.428761,23700,23229.15
2026-06-03 10:32:00,ATM+9,PUT,486.9,493.05,481.55,493,6045,2376270,17.167428,23700,23229.15
2026-06-03 10:32:00,ATM+10,CALL,48.65,49.55,48.55,48.65,27625,1674465,16.492717,23750,23229.15
2026-06-03 10:32:00,ATM+10,PUT,525.45,535,525.45,535,650,139295,17.383939,23750,23229.15
2026-06-03 10:33:00,ATM-10,CALL,604.15,604.15,589,589,1040,28600,16.235672,22700,23216.8
2026-06-03 10:33:00,ATM-10,PUT,39.35,41.3,38.6,40.75,185835,2650440,17.500097,22700,23216.8
2026-06-03 10:33:00,ATM-9,CALL,550,570.75,550,550,65,5070,16.746665,22750,23216.8
2026-06-03 10:33:00,ATM-9,PUT,46.35,48.6,45.6,47.95,211250,976625,17.383911,22750,23216.8
2026-06-03 10:33:00,ATM-8,CALL,518.95,518.95,503,506.75,3770,96460,16.486861,22800,23216.8
2026-06-03 10:33:00,ATM-8,PUT,54.45,57.15,53.6,56.35,359905,3816800,17.285145,22800,23216.8
2026-06-03 10:33:00,ATM-7,CALL,470,482.4,466.3,466.3,325,12675,16.435739,22850,23216.8
2026-06-03 10:33:00,ATM-7,PUT,63.9,67.2,62.5,66,151450,894790,17.193519,22850,23216.8
2026-06-03 10:33:00,ATM-6,CALL,437.75,439.7,425.8,427.7,4615,76895,16.434539,22900,23216.8
2026-06-03 10:33:00,ATM-6,PUT,74.65,77.85,73.4,77.3,306215,2504060,17.137668,22900,23216.8
2026-06-03 10:33:00,ATM-5,CALL,401.8,401.8,388,389.65,3250,32565,16.333842,22950,23216.8
2026-06-03 10:33:00,ATM-5,PUT,86.8,90.5,85.4,89.85,255580,904475,17.061855,22950,23216.8
2026-06-03 10:33:00,ATM-4,CALL,363.75,366.05,353.35,355.05,84435,889785,16.411279,23000,23216.8
2026-06-03 10:33:00,ATM-4,PUT,100.6,104.8,99.1,103.9,971555,5356975,16.983042,23000,23216.8
2026-06-03 10:33:00,ATM-3,CALL,330.1,330.1,318.85,319.15,10335,97175,16.209458,23050,23216.8
2026-06-03 10:33:00,ATM-3,PUT,116,121.1,114.1,119.6,314210,1364805,16.906402,23050,23216.8
2026-06-03 10:33:00,ATM-2,CALL,296,298.5,287.35,287.9,62660,535470,16.26447,23100,23216.8
2026-06-03 10:33:00,ATM-2,PUT,133.7,139.1,131.55,138.05,453765,2726230,16.918186,23100,23216.8
2026-06-03 10:33:00,ATM-1,CALL,265.35,267.05,257,257.7,64350,354770,16.244752,23150,23216.8
2026-06-03 10:33:00,ATM-1,PUT,152.8,159,151.2,157.8,488540,1396720,16.884527,23150,23216.8
2026-06-03 10:33:00,ATM,CALL,236.65,239,228.4,229.85,510965,2665000,16.258606,23200,23216.8
2026-06-03 10:33:00,ATM,PUT,174.2,181.5,172,179.5,1296815,4420260,16.857949,23200,23216.8
2026-06-03 10:33:00,ATM+1,CALL,210,211.85,203.2,203.75,490490,2883790,16.253776,23250,23216.8
2026-06-03 10:33:00,ATM+1,PUT,197.85,204.6,195.75,204,1025440,3208855,16.904693,23250,23216.8
2026-06-03 10:33:00,ATM+2,CALL,185.15,186.75,179,179.25,1029860,10271105,16.21778,23300,23216.8
2026-06-03 10:33:00,ATM+2,PUT,222.85,230.75,220.45,229.6,1054105,7077590,16.885476,23300,23216.8
2026-06-03 10:33:00,ATM+3,CALL,163,163.95,156.5,157.6,328640,3314155,16.253574,23350,23216.8
2026-06-03 10:33:00,ATM+3,PUT,250.05,258.4,247.5,257.4,228280,1547455,16.891028,23350,23216.8
2026-06-03 10:33:00,ATM+4,CALL,142,143.1,137.1,137.35,715650,6203015,16.245278,23400,23216.8
2026-06-03 10:33:00,ATM+4,PUT,280,288.95,276.3,287.4,308100,3459885,16.924799,23400,23216.8
2026-06-03 10:33:00,ATM+5,CALL,123.25,124.6,118.85,119.1,242190,2523105,16.246277,23450,23216.8
2026-06-03 10:33:00,ATM+5,PUT,311.5,320.7,307.5,319,58110,791375,16.941399,23450,23216.8
2026-06-03 10:33:00,ATM+6,CALL,106.85,108,102.7,103.5,525980,9001525,16.322562,23500,23216.8
2026-06-03 10:33:00,ATM+6,PUT,344.4,353.9,340.8,352.3,137410,3596775,16.954047,23500,23216.8
2026-06-03 10:33:00,ATM+7,CALL,92,93.1,88.4,89.2,169065,2074215,16.364764,23550,23216.8
2026-06-03 10:33:00,ATM+7,PUT,379.1,391.6,377.15,387.95,15535,389870,17.030622,23550,23216.8
2026-06-03 10:33:00,ATM+8,CALL,78.85,79.55,76,76,374140,5546775,16.357386,23600,23216.8
2026-06-03 10:33:00,ATM+8,PUT,415.7,427,413,425.7,36140,2099045,17.16541,23600,23216.8
2026-06-03 10:33:00,ATM+9,CALL,67.25,67.8,64.8,64.95,108680,1536990,16.415398,23650,23216.8
2026-06-03 10:33:00,ATM+9,PUT,455.4,466.2,452.8,463.35,4485,234780,17.148315,23650,23216.8
2026-06-03 10:33:00,ATM+10,CALL,57.3,57.75,55.2,55.45,243035,5457790,16.496832,23700,23216.8
2026-06-03 10:33:00,ATM+10,PUT,492.8,505,490,502.75,21060,2375100,17.168506,23700,23216.8
2026-06-03 10:34:00,ATM-10,CALL,591.8,593.5,587,590.95,715,29640,16.627936,22700,23216.1
2026-06-03 10:34:00,ATM-10,PUT,40.75,40.95,39.2,39.2,208650,2658695,17.26484,22700,23216.1
2026-06-03 10:34:00,ATM-9,CALL,547.3,550,547.3,547.3,65,5070,16.461952,22750,23216.1
2026-06-03 10:34:00,ATM-9,PUT,47.95,48.4,46.05,46.05,136435,993395,17.121259,22750,23216.1
2026-06-03 10:34:00,ATM-8,CALL,505.95,509.25,504,507.55,2535,97760,16.657771,22800,23216.1
2026-06-03 10:34:00,ATM-8,PUT,56.7,56.9,54.15,54.25,290290,3775590,17.017787,22800,23216.1
2026-06-03 10:34:00,ATM-7,CALL,464.45,468.9,464.45,468.9,325,12870,16.793728,22850,23216.1
2026-06-03 10:34:00,ATM-7,PUT,66.1,66.35,63.6,63.9,146185,898040,16.944117,22850,23216.1
2026-06-03 10:34:00,ATM-6,CALL,426.8,430.45,423.9,427.85,6565,77935,16.507885,22900,23216.1
2026-06-03 10:34:00,ATM-6,PUT,77.5,77.7,74.45,74.55,357695,2464085,16.835547,22900,23216.1
2026-06-03 10:34:00,ATM-5,CALL,390.35,392.25,388.2,390.75,3900,34385,16.494144,22950,23216.1
2026-06-03 10:34:00,ATM-5,PUT,89.75,90.45,87.1,87.2,189605,925405,16.785473,22950,23216.1
2026-06-03 10:34:00,ATM-4,CALL,354.3,357.2,351,355.9,50960,901095,16.537066,23000,23216.1
2026-06-03 10:34:00,ATM-4,PUT,104.45,104.8,100.8,101,717925,5363410,16.695598,23000,23216.1
2026-06-03 10:34:00,ATM-3,CALL,320.05,322.55,317.35,321.3,12220,97825,16.443247,23050,23216.1
2026-06-03 10:34:00,ATM-3,PUT,120.05,120.95,116.65,116.8,221910,1321125,16.638107,23050,23216.1
2026-06-03 10:34:00,ATM-2,CALL,288,291.5,285.75,289.95,58500,557115,16.47882,23100,23216.1
2026-06-03 10:34:00,ATM-2,PUT,137.8,139,134.5,134.55,388180,2712190,16.597231,23100,23216.1
2026-06-03 10:34:00,ATM-1,CALL,257.15,260.65,255.4,259.1,44720,361855,16.396963,23150,23216.1
2026-06-03 10:34:00,ATM-1,PUT,158.15,158.7,154.25,154.75,382395,1388725,16.607122,23150,23216.1
2026-06-03 10:34:00,ATM,CALL,229.9,232.65,226.9,230.65,366145,2660775,16.35678,23200,23216.1
2026-06-03 10:34:00,ATM,PUT,179.15,181.35,175.65,176.15,1061190,4522440,16.558335,23200,23216.1
2026-06-03 10:34:00,ATM+1,CALL,203.1,205.9,201.1,203.9,345150,2908490,16.296084,23250,23216.1
2026-06-03 10:34:00,ATM+1,PUT,204.65,205.2,199.4,200.4,828425,3184220,16.584683,23250,23216.1
2026-06-03 10:34:00,ATM+2,CALL,179.75,181.75,177,180.1,630110,10159435,16.314988,23300,23216.1
2026-06-03 10:34:00,ATM+2,PUT,229.55,231,225.05,225.8,855790,6947850,16.546229,23300,23216.1
2026-06-03 10:34:00,ATM+3,CALL,156.95,159,155.15,157.7,208780,3309930,16.287778,23350,23216.1
2026-06-03 10:34:00,ATM+3,PUT,258.6,259.3,252.9,253.25,130195,1524445,16.516727,23350,23216.1
2026-06-03 10:34:00,ATM+4,CALL,137.55,139.05,135.45,137.6,345410,6209190,16.290593,23400,23216.1
2026-06-03 10:34:00,ATM+4,PUT,287.3,288.5,282.35,283.5,222560,3441295,16.561495,23400,23216.1
2026-06-03 10:34:00,ATM+5,CALL,119.3,120.8,117.5,119.4,166010,2500485,16.295087,23450,23216.1
2026-06-03 10:34:00,ATM+5,PUT,318.2,320.55,314.2,314.2,38285,777270,16.486583,23450,23216.1
2026-06-03 10:34:00,ATM+6,CALL,103.05,104.45,101.7,103.2,387140,8959275,16.316662,23500,23216.1
2026-06-03 10:34:00,ATM+6,PUT,353,355,348,348.2,150345,3574415,16.54215,23500,23216.1
2026-06-03 10:34:00,ATM+7,CALL,88.95,90,87.5,88.75,124475,2052115,16.341939,23550,23216.1
2026-06-03 10:34:00,ATM+7,PUT,390.15,390.8,383.85,384.05,9945,390585,16.615718,23550,23216.1
2026-06-03 10:34:00,ATM+8,CALL,76.05,76.85,74.8,76.05,238810,5501080,16.38144,23600,23216.1
2026-06-03 10:34:00,ATM+8,PUT,425.95,427.6,419.75,420.4,24505,2094885,16.584819,23600,23216.1
2026-06-03 10:34:00,ATM+9,CALL,64.95,65.7,64.15,65.05,120965,1531725,16.444239,23650,23216.1
2026-06-03 10:34:00,ATM+9,PUT,461,463.7,461,463.1,845,235235,17.065685,23650,23216.1
2026-06-03 10:34:00,ATM+10,CALL,55.35,55.95,54.5,55.25,164970,5467150,16.49063,23700,23216.1
2026-06-03 10:34:00,ATM+10,PUT,505,505.95,498.85,501.05,14300,2372110,16.91183,23700,23216.1
2026-06-03 10:35:00,ATM-10,CALL,589.45,590.95,586.4,589.05,455,29640,15.422878,22700,23222.6
2026-06-03 10:35:00,ATM-10,PUT,39.25,39.9,37.6,38.5,182910,2700230,17.297365,22700,23222.6
2026-06-03 10:35:00,ATM-9,CALL,557.4,557.4,547.3,557.4,65,5070,17.087244,22750,23222.6
2026-06-03 10:35:00,ATM-9,PUT,46.25,47.1,44.35,45.35,117195,996515,17.168829,22750,23222.6
2026-06-03 10:35:00,ATM-8,CALL,505.6,514,502.2,512.3,5200,99255,16.587021,22800,23222.6
2026-06-03 10:35:00,ATM-8,PUT,55.1,55.4,52.15,53.2,269620,3789565,17.037336,22800,23222.6
2026-06-03 10:35:00,ATM-7,CALL,465.9,472.65,463.35,472.65,455,13000,16.636876,22850,23222.6
2026-06-03 10:35:00,ATM-7,PUT,63.85,65.1,61.35,62.45,109850,908245,16.936199,22850,23222.6
2026-06-03 10:35:00,ATM-6,CALL,427.1,433.85,424.45,430.7,4485,79040,16.282962,22900,23222.6
2026-06-03 10:35:00,ATM-6,PUT,75.65,76.15,71.75,73.15,304590,2461290,16.852447,22900,23222.6
2026-06-03 10:35:00,ATM-5,CALL,389.55,396.05,386,395.7,1820,34905,16.513249,22950,23222.6
2026-06-03 10:35:00,ATM-5,PUT,88.2,88.65,84,85.4,185835,928655,16.78162,22950,23222.6
2026-06-03 10:35:00,ATM-4,CALL,353.1,361.2,350.5,357.35,46995,925860,16.247688,23000,23222.6
2026-06-03 10:35:00,ATM-4,PUT,102.2,102.9,97.55,99.45,610155,5415020,16.734874,23000,23222.6
2026-06-03 10:35:00,ATM-3,CALL,318.75,325,316.75,322.45,20020,102830,16.160449,23050,23222.6
2026-06-03 10:35:00,ATM-3,PUT,117.1,119.4,113.05,115.2,194090,1327040,16.691157,23050,23222.6
2026-06-03 10:35:00,ATM-2,CALL,289.35,292.8,285,289.55,52065,576095,16.094132,23100,23222.6
2026-06-03 10:35:00,ATM-2,PUT,135,137,130.25,132.5,406380,2730585,16.629946,23100,23222.6
2026-06-03 10:35:00,ATM-1,CALL,256.15,262.1,254.55,259.35,68055,377585,16.097883,23150,23222.6
2026-06-03 10:35:00,ATM-1,PUT,156.05,156.9,149.6,151.9,316745,1407770,16.592605,23150,23222.6
2026-06-03 10:35:00,ATM,CALL,230.25,233.05,226.2,231.95,403650,2733640,16.170136,23200,23222.6
2026-06-03 10:35:00,ATM,PUT,176.6,179.15,170.8,172.8,984945,4603040,16.523468,23200,23222.6
2026-06-03 10:35:00,ATM+1,CALL,202.55,206.6,200.35,205,440180,3031080,16.115613,23250,23222.6
2026-06-03 10:35:00,ATM+1,PUT,202.7,203.1,194,196.8,676650,3222960,16.550354,23250,23222.6
2026-06-03 10:35:00,ATM+2,CALL,178.3,181.95,176.05,180.05,696150,10267010,16.061545,23300,23222.6
2026-06-03 10:35:00,ATM+2,PUT,225.85,229.05,219.4,223.2,720135,6886295,16.613932,23300,23222.6
2026-06-03 10:35:00,ATM+3,CALL,156.1,159.35,154.05,157.65,206375,3336515,16.052509,23350,23222.6
2026-06-03 10:35:00,ATM+3,PUT,256.25,257.15,246.9,250.8,112255,1525615,16.618228,23350,23222.6
2026-06-03 10:35:00,ATM+4,CALL,137.15,138.95,134.4,137.35,377195,6283615,16.054509,23400,23222.6
2026-06-03 10:35:00,ATM+4,PUT,283.6,287.1,277.1,280.5,173810,3426605,16.639415,23400,23222.6
2026-06-03 10:35:00,ATM+5,CALL,119.35,120.6,116.4,119.5,140985,2505490,16.103056,23450,23222.6
2026-06-03 10:35:00,ATM+5,PUT,318.6,319.5,308,311.15,37375,775255,16.583605,23450,23222.6
2026-06-03 10:35:00,ATM+6,CALL,102.4,104.2,100.75,103.1,418600,9028695,16.119639,23500,23222.6
2026-06-03 10:35:00,ATM+6,PUT,351.35,353.25,341.35,345.1,139620,3571750,16.658913,23500,23222.6
2026-06-03 10:35:00,ATM+7,CALL,88.7,89.65,86.6,88.85,137670,2070705,16.174855,23550,23222.6
2026-06-03 10:35:00,ATM+7,PUT,385.9,389.1,376.3,381.05,10140,390650,16.767618,23550,23222.6
2026-06-03 10:35:00,ATM+8,CALL,75.45,76.85,74.15,75.8,251485,5512065,16.189809,23600,23222.6
2026-06-03 10:35:00,ATM+8,PUT,424.15,425.65,413.4,417.2,21125,2094300,16.746663,23600,23222.6
2026-06-03 10:35:00,ATM+9,CALL,64.4,65.5,63.25,64.9,87490,1550315,16.270722,23650,23222.6
2026-06-03 10:35:00,ATM+9,PUT,461.75,466.3,452.2,452.6,4485,234780,16.480033,23650,23222.6
2026-06-03 10:35:00,ATM+10,CALL,54.8,55.65,53.65,55.05,170040,5478460,16.318283,23700,23222.6
2026-06-03 10:35:00,ATM+10,PUT,500.9,505.7,492.15,495.6,15535,2370875,16.880022,23700,23222.6
2026-06-03 10:36:00,ATM-10,CALL,558.8,558.8,557.4,558.8,195,5135,16.723853,22750,23227.45
2026-06-03 10:36:00,ATM-10,PUT,45.1,45.6,43.7,45.1,60515,990405,17.239871,22750,23227.45
2026-06-03 10:36:00,ATM-9,CALL,513.2,517.8,512.3,512.65,2340,99320,16.124153,22800,23227.45
2026-06-03 10:36:00,ATM-9,PUT,53.4,53.5,51.4,53,223015,3803800,17.122294,22800,23227.45
2026-06-03 10:36:00,ATM-8,CALL,474.35,474.35,472.65,473,325,12935,16.231073,22850,23227.45
2026-06-03 10:36:00,ATM-8,PUT,62.25,63.3,60.45,62.3,58695,920270,17.034358,22850,23227.45
2026-06-03 10:36:00,ATM-7,CALL,431.65,437,429.7,432.6,2405,79300,16.085241,22900,23227.45
2026-06-03 10:36:00,ATM-7,PUT,73.55,73.95,70.8,72.85,138775,2478515,16.942289,22900,23227.45
2026-06-03 10:36:00,ATM-6,CALL,392.5,399.2,392.5,397.15,1235,35490,16.301939,22950,23227.45
2026-06-03 10:36:00,ATM-6,PUT,85.9,86.4,82.65,85.25,104000,936975,16.895263,22950,23227.45
2026-06-03 10:36:00,ATM-5,CALL,357.95,363.3,356.15,358.75,68250,958815,16.056919,23000,23227.45
2026-06-03 10:36:00,ATM-5,PUT,99.3,100.15,96,98.8,379990,5459350,16.810375,23000,23227.45
2026-06-03 10:36:00,ATM-4,CALL,323.4,328.35,322.15,323.55,7995,108875,15.967099,23050,23227.45
2026-06-03 10:36:00,ATM-4,PUT,114.75,115.4,111,114.75,123435,1329380,16.795995,23050,23227.45
2026-06-03 10:36:00,ATM-3,CALL,291.15,296,289,291.1,58825,586625,15.962829,23100,23227.45
2026-06-03 10:36:00,ATM-3,PUT,132.15,133.7,128.15,131.75,194155,2724605,16.720086,23100,23227.45
2026-06-03 10:36:00,ATM-2,CALL,259,264.3,258.55,260.55,60515,414960,15.956917,23150,23227.45
2026-06-03 10:36:00,ATM-2,PUT,152.9,153.15,147.4,151.35,191425,1425775,16.712121,23150,23227.45
2026-06-03 10:36:00,ATM-1,CALL,231.85,235.55,230.1,232.55,379340,2862730,15.998532,23200,23227.45
2026-06-03 10:36:00,ATM-1,PUT,173,174.8,168.35,172.65,637000,4710420,16.688824,23200,23227.45
2026-06-03 10:36:00,ATM,CALL,203.75,208.8,203.65,205.85,461110,3152760,15.981741,23250,23227.45
2026-06-03 10:36:00,ATM,PUT,198.15,198.55,191.85,196.4,514540,3207945,16.709208,23250,23227.45
2026-06-03 10:36:00,ATM+1,CALL,179.55,183.7,179.4,181.45,480675,10385115,15.988243,23300,23227.45
2026-06-03 10:36:00,ATM+1,PUT,222.8,224.25,216.5,221.3,421850,6807905,16.666055,23300,23227.45
2026-06-03 10:36:00,ATM+2,CALL,157.45,161,157,158.6,167830,3356015,15.957311,23350,23227.45
2026-06-03 10:36:00,ATM+2,PUT,251.15,252.35,244,249.55,74815,1524640,16.739597,23350,23227.45
2026-06-03 10:36:00,ATM+3,CALL,138.25,140.4,137.35,138.05,297050,6311175,15.952251,23400,23227.45
2026-06-03 10:36:00,ATM+3,PUT,279.75,281.35,272.7,279.25,121875,3423745,16.778384,23400,23227.45
2026-06-03 10:36:00,ATM+4,CALL,119.7,121.65,118.65,119.7,105430,2504710,15.970131,23450,23227.45
2026-06-03 10:36:00,ATM+4,PUT,313.05,313.5,304.9,309.75,21515,735540,16.729211,23450,23227.45
2026-06-03 10:36:00,ATM+5,CALL,102.95,105.2,102.8,103.4,325520,9103705,16.006136,23500,23227.45
2026-06-03 10:36:00,ATM+5,PUT,345.7,346.8,337.8,344.2,91065,3567135,16.86962,23500,23227.45
2026-06-03 10:36:00,ATM+6,CALL,88.75,90.4,88.2,89.05,127140,2077140,16.061803,23550,23227.45
2026-06-03 10:36:00,ATM+6,PUT,379.35,382.6,373.4,380,9100,389220,16.988583,23550,23227.45
2026-06-03 10:36:00,ATM+7,CALL,75.75,77.25,75.4,75.9,174850,5571865,16.075648,23600,23227.45
2026-06-03 10:36:00,ATM+7,PUT,418.6,418.9,408.65,416.15,16315,2095405,16.995382,23600,23227.45
2026-06-03 10:36:00,ATM+8,CALL,64.65,65.85,64.45,64.75,80275,1592630,16.137181,23650,23227.45
2026-06-03 10:36:00,ATM+8,PUT,456.45,456.45,448.35,455,715,235365,17.125681,23650,23227.45
2026-06-03 10:36:00,ATM+9,CALL,55,55.8,54.6,54.85,105300,5508425,16.183902,23700,23227.45
2026-06-03 10:36:00,ATM+9,PUT,498.5,498.5,488.3,495.1,11765,2368990,17.254532,23700,23227.45
2026-06-03 10:36:00,ATM+10,CALL,46.85,47.3,46.4,46.5,49075,1726075,16.265001,23750,23227.45
2026-06-03 10:36:00,ATM+10,PUT,535.05,537.65,533.7,536.9,325,137540,17.448446,23750,23227.45
2026-06-03 10:37:00,ATM-10,CALL,559.55,566,558.8,566,390,5460,16.911229,22750,23234.35
2026-06-03 10:37:00,ATM-10,PUT,44.8,45.1,41.5,43,109200,992940,17.103704,22750,23234.35
2026-06-03 10:37:00,ATM-9,CALL,513,525,512.65,520.5,4095,100685,16.397742,22800,23234.35
2026-06-03 10:37:00,ATM-9,PUT,52.8,53,49,50.25,200330,3812250,16.935927,22800,23234.35
2026-06-03 10:37:00,ATM-8,CALL,474.35,475.3,473,474.55,455,12935,15.753234,22850,23234.35
2026-06-03 10:37:00,ATM-8,PUT,62,62.3,57.55,59.5,85540,930995,16.876998,22850,23234.35
2026-06-03 10:37:00,ATM-7,CALL,432.25,443.9,432.25,440.35,2340,80340,16.346139,22900,23234.35
2026-06-03 10:37:00,ATM-7,PUT,72.75,72.85,67.5,69.05,183690,2507765,16.709331,22900,23234.35
2026-06-03 10:37:00,ATM-6,CALL,396.6,406.2,396.1,400,2405,35880,16.071808,22950,23234.35
2026-06-03 10:37:00,ATM-6,PUT,84.75,85.25,79,81.8,127790,938730,16.7332,22950,23234.35
2026-06-03 10:37:00,ATM-5,CALL,358.8,369.7,358.75,364,39780,967525,16.089684,23000,23234.35
2026-06-03 10:37:00,ATM-5,PUT,98.45,98.8,91.35,95.15,439920,5484375,16.659041,23000,23234.35
2026-06-03 10:37:00,ATM-4,CALL,325.05,333.9,323.55,330.95,20540,108745,16.214721,23050,23234.35
2026-06-03 10:37:00,ATM-4,PUT,114.1,114.75,106.3,110.45,152360,1339650,16.614664,23050,23234.35
2026-06-03 10:37:00,ATM-3,CALL,291.85,301.1,291.1,295.95,55250,600080,16.001227,23100,23234.35
2026-06-03 10:37:00,ATM-3,PUT,131.25,131.75,122.9,127.2,301535,2733640,16.545116,23100,23234.35
2026-06-03 10:37:00,ATM-2,CALL,261.15,269.35,260.55,265.05,47580,425100,15.987158,23150,23234.35
2026-06-03 10:37:00,ATM-2,PUT,150.85,151.35,141.9,146.05,221390,1436825,16.500824,23150,23234.35
2026-06-03 10:37:00,ATM-1,CALL,232.3,240.1,232.3,235.7,348855,2929290,15.939604,23200,23234.35
2026-06-03 10:37:00,ATM-1,PUT,172.4,172.65,162.3,167.5,724360,4658550,16.515657,23200,23234.35
2026-06-03 10:37:00,ATM,CALL,206.3,212.95,205.8,210.05,365820,3262155,16.031554,23250,23234.35
2026-06-03 10:37:00,ATM,PUT,195.9,196.4,184.85,188.45,507650,3232255,16.331563,23250,23234.35
2026-06-03 10:37:00,ATM+1,CALL,181.2,187.7,181.15,184,531375,10474880,15.926438,23300,23234.35
2026-06-03 10:37:00,ATM+1,PUT,221.2,221.3,210.2,215.6,491920,6782750,16.493523,23300,23234.35
2026-06-03 10:37:00,ATM+2,CALL,158.9,164.4,158.5,161.35,158730,3392480,15.934107,23350,23234.35
2026-06-03 10:37:00,ATM+2,PUT,248.5,249.55,236.2,242.2,106860,1530490,16.4519,23350,23234.35
2026-06-03 10:37:00,ATM+3,CALL,138.6,143.3,138.05,140.3,344500,6380660,15.909536,23400,23234.35
2026-06-03 10:37:00,ATM+3,PUT,278.1,279.25,264.95,272.5,159575,3429270,16.557236,23400,23234.35
2026-06-03 10:37:00,ATM+4,CALL,120.2,124.25,119.7,121.65,129025,2502695,15.923012,23450,23234.35
2026-06-03 10:37:00,ATM+4,PUT,310.15,310.15,296,303.25,24115,734240,16.545339,23450,23234.35
2026-06-03 10:37:00,ATM+5,CALL,103.85,107.25,103.4,105.4,293475,9221940,15.984218,23500,23234.35
2026-06-03 10:37:00,ATM+5,PUT,343.3,344.2,329.6,334,55705,3569150,16.370838,23500,23234.35
2026-06-03 10:37:00,ATM+6,CALL,89.2,92.35,89,90.5,87035,2107495,16.009437,23550,23234.35
2026-06-03 10:37:00,ATM+6,PUT,378.45,380,364,371.15,9230,389740,16.614206,23550,23234.35
2026-06-03 10:37:00,ATM+7,CALL,76.25,79,75.9,77.9,181545,5596825,16.097606,23600,23234.35
2026-06-03 10:37:00,ATM+7,PUT,415.45,416.15,400,404.7,14430,2092805,16.365642,23600,23234.35
2026-06-03 10:37:00,ATM+8,CALL,64.95,67.3,64.75,65.9,68835,1608620,16.092227,23650,23234.35
2026-06-03 10:37:00,ATM+8,PUT,454.05,455,439.35,440.5,1885,235690,16.154933,23650,23234.35
2026-06-03 10:37:00,ATM+9,CALL,55.1,57,54.85,55.8,130845,5548335,16.134608,23700,23234.35
2026-06-03 10:37:00,ATM+9,PUT,493.75,495.1,478,484.65,7085,2365545,16.69456,23700,23234.35
2026-06-03 10:37:00,ATM+10,CALL,46.55,48.3,46.5,47.3,49335,1734005,16.214358,23750,23234.35
2026-06-03 10:37:00,ATM+10,PUT,535.6,536.9,520.85,520.85,2015,138450,16.178701,23750,23234.35
2026-06-03 10:38:00,ATM-10,CALL,566,566,566,566,0,5460,16.371974,22750,23238.85
2026-06-03 10:38:00,ATM-10,PUT,43.25,43.75,41.25,41.25,56225,987675,16.958352,22750,23238.85
2026-06-03 10:38:00,ATM-9,CALL,517,525,517,525,1040,100100,16.496773,22800,23238.85
2026-06-03 10:38:00,ATM-9,PUT,51.05,51.3,48.5,48.5,218855,3844100,16.815163,22800,23238.85
2026-06-03 10:38:00,ATM-8,CALL,476.75,482,474.55,482,325,12870,16.210799,22850,23238.85
2026-06-03 10:38:00,ATM-8,PUT,60.4,60.6,57.1,57.25,65975,932490,16.721214,22850,23238.85
2026-06-03 10:38:00,ATM-7,CALL,436.3,444.6,436.3,444.35,2015,79690,16.40197,22900,23238.85
2026-06-03 10:38:00,ATM-7,PUT,69.95,70.95,67.1,67.1,124540,2531295,16.609854,22900,23238.85
2026-06-03 10:38:00,ATM-6,CALL,399.05,404.8,398.05,404.1,1625,35295,16.147073,22950,23238.85
2026-06-03 10:38:00,ATM-6,PUT,81.8,83.2,78.3,78.7,99580,945295,16.538497,22950,23238.85
2026-06-03 10:38:00,ATM-5,CALL,363.9,369.6,361.2,369.05,20150,952120,16.265784,23000,23238.85
2026-06-03 10:38:00,ATM-5,PUT,95.1,96.7,91.15,91.4,317980,5499715,16.427168,23000,23238.85
2026-06-03 10:38:00,ATM-4,CALL,327.85,332.95,327.35,332.05,5395,116220,16.037714,23050,23238.85
2026-06-03 10:38:00,ATM-4,PUT,110.55,111.9,106,106,100555,1344070,16.344613,23050,23238.85
2026-06-03 10:38:00,ATM-3,CALL,296.1,301.1,294.1,301.1,22685,593515,16.198265,23100,23238.85
2026-06-03 10:38:00,ATM-3,PUT,127.55,128.9,122.4,122.95,202020,2725385,16.317138,23100,23238.85
2026-06-03 10:38:00,ATM-2,CALL,264.9,269.65,263.2,269.65,23920,424905,16.146118,23150,23238.85
2026-06-03 10:38:00,ATM-2,PUT,146.75,147.8,141.35,141.35,168545,1426360,16.256043,23150,23238.85
2026-06-03 10:38:00,ATM-1,CALL,235.4,240.45,234.25,239.7,201760,2921880,16.06019,23200,23238.85
2026-06-03 10:38:00,ATM-1,PUT,168.25,169.55,161.6,162.05,499525,4580940,16.228572,23200,23238.85
2026-06-03 10:38:00,ATM,CALL,208.55,212.7,207.45,212.35,252135,3337880,16.026983,23250,23238.85
2026-06-03 10:38:00,ATM,PUT,190.8,192.5,184.5,184.85,360295,3257020,16.212725,23250,23238.85
2026-06-03 10:38:00,ATM+1,CALL,184.1,187.8,183,187.6,307905,10523500,16.042322,23300,23238.85
2026-06-03 10:38:00,ATM+1,PUT,215.7,217.9,209,209.25,355160,6773325,16.165739,23300,23238.85
2026-06-03 10:38:00,ATM+2,CALL,160.65,164.45,160,164.45,94250,3413475,16.024785,23350,23238.85
2026-06-03 10:38:00,ATM+2,PUT,243.15,244.95,235.45,236.05,57330,1525030,16.152313,23350,23238.85
2026-06-03 10:38:00,ATM+3,CALL,140.55,143.3,139.55,143.3,182065,6365060,16.008464,23400,23238.85
2026-06-03 10:38:00,ATM+3,PUT,272.8,274.45,264.7,264.8,100945,3405090,16.137325,23400,23238.85
2026-06-03 10:38:00,ATM+4,CALL,121.6,124.25,121.05,124,73645,2502890,15.98383,23450,23238.85
2026-06-03 10:38:00,ATM+4,PUT,303.55,305.9,295.6,295.6,17485,739635,16.132514,23450,23238.85
2026-06-03 10:38:00,ATM+5,CALL,105.25,107.7,104.5,107.7,139750,9243975,16.057572,23500,23238.85
2026-06-03 10:38:00,ATM+5,PUT,336.75,338.8,328.7,328.7,35945,3570645,16.166302,23500,23238.85
2026-06-03 10:38:00,ATM+6,CALL,90,92.3,89.8,92.15,65455,2111980,16.04032,23550,23238.85
2026-06-03 10:38:00,ATM+6,PUT,373.45,374.3,364.2,364.2,6240,390650,16.260554,23550,23238.85
2026-06-03 10:38:00,ATM+7,CALL,77.3,78.85,76.9,78.85,113880,5610995,16.075308,23600,23238.85
2026-06-03 10:38:00,ATM+7,PUT,408.35,410.9,400,400,10530,2090790,16.228189,23600,23238.85
2026-06-03 10:38:00,ATM+8,CALL,65.6,67.2,65.45,67.1,67210,1620645,16.109728,23650,23238.85
2026-06-03 10:38:00,ATM+8,PUT,447,449.6,440,440.8,3120,235560,16.549404,23650,23238.85
2026-06-03 10:38:00,ATM+9,CALL,55.65,57.05,55.55,57.05,82680,5562830,16.173672,23700,23238.85
2026-06-03 10:38:00,ATM+9,PUT,486.7,489.65,476.65,476.65,5265,2364050,16.193298,23700,23238.85
2026-06-03 10:38:00,ATM+10,CALL,47.25,48.3,47.15,48.3,47060,1751750,16.239917,23750,23238.85
2026-06-03 10:38:00,ATM+10,PUT,528.85,531.35,519.2,519.2,2860,138580,16.431964,23750,23238.85
2026-06-03 10:39:00,ATM-10,CALL,566,566,566,566,0,5460,17.036094,22750,23233.3
2026-06-03 10:39:00,ATM-10,PUT,41.3,43.45,41.15,43.45,58500,985595,17.144412,22750,23233.3
2026-06-03 10:39:00,ATM-9,CALL,523.85,525,519.2,519.2,1820,99580,16.345428,22800,23233.3
2026-06-03 10:39:00,ATM-9,PUT,48.6,51.15,48.45,51.15,157235,3935165,17.026607,22800,23233.3
2026-06-03 10:39:00,ATM-8,CALL,479.7,482,479.7,479.7,130,13195,16.469013,22850,23233.3
2026-06-03 10:39:00,ATM-8,PUT,57.3,60.05,57.05,60.05,39195,940030,16.917381,22850,23233.3
2026-06-03 10:39:00,ATM-7,CALL,445,445,440,440,1950,79300,16.398944,22900,23233.3
2026-06-03 10:39:00,ATM-7,PUT,67.35,70.45,66.85,70.25,90740,2537145,16.813486,22900,23233.3
2026-06-03 10:39:00,ATM-6,CALL,405.8,406.75,400.3,400.3,910,34970,16.184374,22950,23233.3
2026-06-03 10:39:00,ATM-6,PUT,78.55,82.45,78.3,82.4,57590,938860,16.767454,22950,23233.3
2026-06-03 10:39:00,ATM-5,CALL,369.85,370,363.15,363.15,31135,952120,16.082497,23000,23233.3
2026-06-03 10:39:00,ATM-5,PUT,91.65,95.95,91.3,95.95,401570,5541965,16.707173,23000,23233.3
2026-06-03 10:39:00,ATM-4,CALL,334,334.15,329.4,329.9,3770,115440,16.186422,23050,23233.3
2026-06-03 10:39:00,ATM-4,PUT,105.95,111.1,105.8,110.95,73515,1360645,16.630381,23050,23233.3
2026-06-03 10:39:00,ATM-3,CALL,300.35,301.7,296,296.7,33475,599170,16.12714,23100,23233.3
2026-06-03 10:39:00,ATM-3,PUT,122.95,127.95,122.3,127.95,180440,2740205,16.578656,23100,23233.3
2026-06-03 10:39:00,ATM-2,CALL,268.9,270.3,265.55,265.55,31200,428415,16.084746,23150,23233.3
2026-06-03 10:39:00,ATM-2,PUT,141.5,147.4,140.75,147.4,150215,1434355,16.580496,23150,23233.3
2026-06-03 10:39:00,ATM-1,CALL,240.3,240.65,235.8,236.45,206700,2959320,16.052306,23200,23233.3
2026-06-03 10:39:00,ATM-1,PUT,162.05,168.5,161.7,168.5,331890,4597710,16.561618,23200,23233.3
2026-06-03 10:39:00,ATM,CALL,212.9,213.45,209.05,209.05,238940,3368885,15.997047,23250,23233.3
2026-06-03 10:39:00,ATM,PUT,185.25,191.6,184.25,191.5,276445,3291925,16.540617,23250,23233.3
2026-06-03 10:39:00,ATM+1,CALL,187.7,187.9,184.2,184.2,347295,10534160,15.986097,23300,23233.3
2026-06-03 10:39:00,ATM+1,PUT,209.65,216.75,208.7,216.2,300430,6836505,16.499716,23300,23233.3
2026-06-03 10:39:00,ATM+2,CALL,164.05,164.6,161.2,161.2,103285,3427125,15.962072,23350,23233.3
2026-06-03 10:39:00,ATM+2,PUT,236.15,243.95,235.4,243.95,58695,1534000,16.549095,23350,23233.3
2026-06-03 10:39:00,ATM+3,CALL,143.3,143.65,140.75,140.75,174330,6350370,15.984736,23400,23233.3
2026-06-03 10:39:00,ATM+3,PUT,265.9,273.3,264.25,272.5,83005,3405285,16.506628,23400,23233.3
2026-06-03 10:39:00,ATM+4,CALL,124.2,124.7,122,122.3,63765,2498015,16.014149,23450,23233.3
2026-06-03 10:39:00,ATM+4,PUT,295.55,304.7,295,303.65,14690,743145,16.524227,23450,23233.3
2026-06-03 10:39:00,ATM+5,CALL,107.45,107.75,105.5,105.5,210925,9288695,16.026135,23500,23233.3
2026-06-03 10:39:00,ATM+5,PUT,329.55,337.8,328,337.8,38805,3569345,16.64834,23500,23233.3
2026-06-03 10:39:00,ATM+6,CALL,92.35,92.5,90.65,90.65,53040,2108990,16.054583,23550,23233.3
2026-06-03 10:39:00,ATM+6,PUT,363.3,372.3,362.85,372.3,5460,390910,16.654157,23550,23233.3
2026-06-03 10:39:00,ATM+7,CALL,78.8,79,77.5,77.5,124410,5623345,16.087062,23600,23233.3
2026-06-03 10:39:00,ATM+7,PUT,399,409.25,399,409.25,4615,2088840,16.739318,23600,23233.3
2026-06-03 10:39:00,ATM+8,CALL,67.15,67.35,66.2,66.2,35425,1636700,16.151986,23650,23233.3
2026-06-03 10:39:00,ATM+8,PUT,438.75,448.35,437.3,448.35,1170,235105,16.897373,23650,23233.3
2026-06-03 10:39:00,ATM+9,CALL,57,57.05,56.05,56.05,67405,5566730,16.189743,23700,23233.3
2026-06-03 10:39:00,ATM+9,PUT,477.5,482.85,476.65,482.85,2925,2363400,16.3978,23700,23233.3
2026-06-03 10:39:00,ATM+10,CALL,48.05,48.35,47.6,47.6,33215,1757210,16.276972,23750,23233.3
2026-06-03 10:39:00,ATM+10,PUT,520.5,524.4,519.2,524.4,650,137930,16.513265,23750,23233.3
2026-06-03 10:40:00,ATM-10,CALL,566,566,566,566,0,5460,16.880339,22750,23234.65
2026-06-03 10:40:00,ATM-10,PUT,43.4,43.45,42.15,42.15,24960,996320,16.996231,22750,23234.65
2026-06-03 10:40:00,ATM-9,CALL,518.65,521.15,518.65,521.15,455,99580,16.453298,22800,23234.65
2026-06-03 10:40:00,ATM-9,PUT,51.15,51.15,49.8,49.8,92430,3933540,16.888593,22800,23234.65
2026-06-03 10:40:00,ATM-8,CALL,479.7,479.7,479.7,479.7,0,13195,16.34288,22850,23234.65
2026-06-03 10:40:00,ATM-8,PUT,59.95,60.05,58.4,59.15,114400,938925,16.846063,22850,23234.65
2026-06-03 10:40:00,ATM-7,CALL,438.45,440.7,438.45,440,585,79040,16.286533,22900,23234.65
2026-06-03 10:40:00,ATM-7,PUT,70.5,70.5,68.6,69.1,60190,2519140,16.724416,22900,23234.65
2026-06-03 10:40:00,ATM-6,CALL,399,401.25,398.85,400.5,780,34905,16.103423,22950,23234.65
2026-06-03 10:40:00,ATM-6,PUT,82.35,82.4,80.25,80.6,33995,948480,16.623079,22950,23234.65
2026-06-03 10:40:00,ATM-5,CALL,362.8,367.15,362.8,365.6,14690,954005,16.225369,23000,23234.65
2026-06-03 10:40:00,ATM-5,PUT,95.75,95.95,93.3,94.1,192790,5672290,16.570293,23000,23234.65
2026-06-03 10:40:00,ATM-4,CALL,328.8,331.7,328.8,331.45,2080,115050,16.244972,23050,23234.65
2026-06-03 10:40:00,ATM-4,PUT,111,111.1,108.5,108.9,43745,1377480,16.486073,23050,23234.65
2026-06-03 10:40:00,ATM-3,CALL,295.5,299.45,295.5,299,8125,595985,16.252729,23100,23234.65
2026-06-03 10:40:00,ATM-3,PUT,128.2,128.2,125,126.1,92040,2767505,16.461476,23100,23234.65
2026-06-03 10:40:00,ATM-2,CALL,265,268.4,264.9,267.75,15925,431860,16.202391,23150,23234.65
2026-06-03 10:40:00,ATM-2,PUT,147.35,147.4,144,144.05,111150,1475240,16.344974,23150,23234.65
2026-06-03 10:40:00,ATM-1,CALL,236.45,238.8,235.7,237.65,79690,2955680,16.089467,23200,23234.65
2026-06-03 10:40:00,ATM-1,PUT,167.7,168.5,165,166,266695,4624945,16.405145,23200,23234.65
2026-06-03 10:40:00,ATM,CALL,208.85,211.5,208.85,210.4,124995,3412630,16.050393,23250,23234.65
2026-06-03 10:40:00,ATM,PUT,191.9,191.9,187.9,188.8,313885,3418675,16.373808,23250,23234.65
2026-06-03 10:40:00,ATM+1,CALL,184.15,186.45,184,185.55,156390,10585315,16.043797,23300,23234.65
2026-06-03 10:40:00,ATM+1,PUT,216.5,216.5,212.8,213.4,193570,6870435,16.329247,23300,23234.65
2026-06-03 10:40:00,ATM+2,CALL,161.45,163.4,161.1,163.3,45370,3433885,16.086282,23350,23234.65
2026-06-03 10:40:00,ATM+2,PUT,243.1,243.95,239.1,239.1,26260,1548300,16.213254,23350,23234.65
2026-06-03 10:40:00,ATM+3,CALL,140.8,142.55,140.7,141.7,76505,6366360,16.019553,23400,23234.65
2026-06-03 10:40:00,ATM+3,PUT,273.15,273.6,268.75,269.8,38610,3411135,16.348565,23400,23234.65
2026-06-03 10:40:00,ATM+4,CALL,122.3,123.65,121.95,123.5,41730,2482480,16.075917,23450,23234.65
2026-06-03 10:40:00,ATM+4,PUT,304.75,304.75,300,300.3,9230,743405,16.310171,23450,23234.65
2026-06-03 10:40:00,ATM+5,CALL,105.7,106.6,105.5,106.6,104195,9275500,16.085807,23500,23234.65
2026-06-03 10:40:00,ATM+5,PUT,337.6,337.8,332.25,332.25,19695,3566290,16.234342,23500,23234.65
2026-06-03 10:40:00,ATM+6,CALL,90.95,91.85,90.65,91.5,30550,2098720,16.098103,23550,23234.65
2026-06-03 10:40:00,ATM+6,PUT,371.1,372.3,368.65,368.65,715,391365,16.402461,23550,23234.65
2026-06-03 10:40:00,ATM+7,CALL,77.5,78.5,77.5,78,51155,5653115,16.102688,23600,23234.65
2026-06-03 10:40:00,ATM+7,PUT,409.25,409.25,403.45,404,3250,2090725,16.319846,23600,23234.65
2026-06-03 10:40:00,ATM+8,CALL,66.1,66.9,66.1,66.55,12025,1634165,16.156998,23650,23234.65
2026-06-03 10:40:00,ATM+8,PUT,447.4,448.35,443.4,443.4,455,235430,16.487571,23650,23234.65
2026-06-03 10:40:00,ATM+9,CALL,56.2,56.65,56.05,56.45,28925,5559970,16.205187,23700,23234.65
2026-06-03 10:40:00,ATM+9,PUT,485.7,485.7,482.5,482.5,845,2363205,16.480227,23700,23234.65
2026-06-03 10:40:00,ATM+10,CALL,47.65,48,47.55,47.8,20345,1755780,16.272995,23750,23234.65
2026-06-03 10:40:00,ATM+10,PUT,525.1,527,524.4,527,260,138450,16.964097,23750,23234.65
2026-06-03 10:41:00,ATM-10,CALL,565.95,566,565.95,565.95,65,5330,16.338044,22750,23239.1
2026-06-03 10:41:00,ATM-10,PUT,42.6,42.85,40.95,41.85,41730,1000675,17.049064,22750,23239.1
2026-06-03 10:41:00,ATM-9,CALL,522,529,521.15,528,1040,99905,16.857953,22800,23239.1
2026-06-03 10:41:00,ATM-9,PUT,50.25,50.4,48.4,49.4,142090,3935100,16.936982,22800,23239.1
2026-06-03 10:41:00,ATM-8,CALL,481.55,488.8,479.7,488.8,195,13390,16.989094,22850,23239.1
2026-06-03 10:41:00,ATM-8,PUT,59.15,59.3,56.8,58.2,50245,1020760,16.840005,22850,23239.1
2026-06-03 10:41:00,ATM-7,CALL,443,448.9,440,445.8,1625,79625,16.542308,22900,23239.1
2026-06-03 10:41:00,ATM-7,PUT,68.95,69.5,66.35,68.4,84825,2515500,16.758709,22900,23239.1
2026-06-03 10:41:00,ATM-6,CALL,404.25,410.2,400.5,409.65,1560,35360,16.694739,22950,23239.1
2026-06-03 10:41:00,ATM-6,PUT,81.05,81.2,77.7,79.4,87880,957515,16.617983,22950,23239.1
2026-06-03 10:41:00,ATM-5,CALL,365.7,373.6,365.6,369.25,21450,954070,16.271313,23000,23239.1
2026-06-03 10:41:00,ATM-5,PUT,94.65,94.65,90.45,92.75,290355,5714995,16.564881,23000,23239.1
2026-06-03 10:41:00,ATM-4,CALL,331.85,337.95,331.25,335.1,4420,116025,16.302869,23050,23239.1
2026-06-03 10:41:00,ATM-4,PUT,109.55,109.55,105.2,107.2,108485,1374165,16.462879,23050,23239.1
2026-06-03 10:41:00,ATM-3,CALL,298.35,304.95,298.35,301,32565,598585,16.178863,23100,23239.1
2026-06-03 10:41:00,ATM-3,PUT,126.65,126.65,121.4,124,226070,2795065,16.418428,23100,23239.1
2026-06-03 10:41:00,ATM-2,CALL,267.15,273,267.15,270.4,25805,431730,16.199843,23150,23239.1
2026-06-03 10:41:00,ATM-2,PUT,145.3,145.3,139.85,142.75,109460,1491880,16.384506,23150,23239.1
2026-06-03 10:41:00,ATM-1,CALL,237.2,243.8,237.2,240.15,215800,2966925,16.088799,23200,23239.1
2026-06-03 10:41:00,ATM-1,PUT,166.2,166.2,160,163.2,518050,4786340,16.334458,23200,23239.1
2026-06-03 10:41:00,ATM,CALL,211.2,216,210.4,213.55,333385,3407495,16.117149,23250,23239.1
2026-06-03 10:41:00,ATM,PUT,188.85,188.85,182.1,186.4,295945,3442920,16.350728,23250,23239.1
2026-06-03 10:41:00,ATM+1,CALL,185.85,189.9,185.55,187.7,481715,10610080,16.043645,23300,23239.1
2026-06-03 10:41:00,ATM+1,PUT,213.5,213.95,206.4,210.9,322985,6889610,16.31235,23300,23239.1
2026-06-03 10:41:00,ATM+2,CALL,162.4,166.5,162.4,164.75,143260,3435705,16.043266,23350,23239.1
2026-06-03 10:41:00,ATM+2,PUT,240.85,240.85,232.9,237.6,70330,1550705,16.292632,23350,23239.1
2026-06-03 10:41:00,ATM+3,CALL,142.2,145.45,141.7,143.8,222365,6360315,16.04471,23400,23239.1
2026-06-03 10:41:00,ATM+3,PUT,270.4,270.4,261.45,266.8,83005,3416595,16.318405,23400,23239.1
2026-06-03 10:41:00,ATM+4,CALL,122.75,126,122.75,124.8,83655,2477995,16.047584,23450,23239.1
2026-06-03 10:41:00,ATM+4,PUT,300,300.4,292.35,297.1,15340,746395,16.276498,23450,23239.1
2026-06-03 10:41:00,ATM+5,CALL,106.35,109,106.35,107.6,231075,9272250,16.044211,23500,23239.1
2026-06-03 10:41:00,ATM+5,PUT,332.7,334.35,325.35,330.95,42120,3570450,16.383018,23500,23239.1
2026-06-03 10:41:00,ATM+6,CALL,91.25,93.7,91.25,92.7,64805,2090920,16.08776,23550,23239.1
2026-06-03 10:41:00,ATM+6,PUT,367.95,368.65,360,366.05,4680,391365,16.450716,23550,23239.1
2026-06-03 10:41:00,ATM+7,CALL,78.35,80,78,79.05,121160,5644145,16.091508,23600,23239.1
2026-06-03 10:41:00,ATM+7,PUT,403.85,404,395,402,5525,2090075,16.444704,23600,23239.1
2026-06-03 10:41:00,ATM+8,CALL,66.25,68.2,66.25,67.3,53300,1631500,16.127637,23650,23239.1
2026-06-03 10:41:00,ATM+8,PUT,442.75,444.35,435,436,2600,235950,16.066315,23650,23239.1
2026-06-03 10:41:00,ATM+9,CALL,56.4,57.9,56.3,57.1,88465,5565040,16.17644,23700,23239.1
2026-06-03 10:41:00,ATM+9,PUT,480,483.05,474.2,476.4,2730,2363205,16.188833,23700,23239.1
2026-06-03 10:41:00,ATM+10,CALL,47.8,48.95,47.8,48.3,36920,1759355,16.23728,23750,23239.1
2026-06-03 10:41:00,ATM+10,PUT,523.75,527,519.2,519.2,1755,138645,16.458268,23750,23239.1
2026-06-03 10:42:00,ATM-10,CALL,565.95,565.95,565.95,565.95,0,5330,16.505482,22750,23237.75
2026-06-03 10:42:00,ATM-10,PUT,41.85,43.25,41.75,42,61815,1012180,17.042294,22750,23237.75
2026-06-03 10:42:00,ATM-9,CALL,524.65,528,520.75,524.2,780,99580,16.516974,22800,23237.75
2026-06-03 10:42:00,ATM-9,PUT,49.6,51,49.3,49.95,161720,3960970,16.97737,22800,23237.75
2026-06-03 10:42:00,ATM-8,CALL,484.2,488.8,481.35,481.35,585,13325,16.24458,22850,23237.75
2026-06-03 10:42:00,ATM-8,PUT,58.05,60,57.9,58.55,41145,1019980,16.8502,22850,23237.75
2026-06-03 10:42:00,ATM-7,CALL,443.9,445.8,439.9,439.9,715,79235,16.013031,22900,23237.75
2026-06-03 10:42:00,ATM-7,PUT,68.2,70.45,67.9,68.45,73515,2519010,16.731959,22900,23237.75
2026-06-03 10:42:00,ATM-6,CALL,405.2,409.65,400,400,1235,35295,15.816238,22950,23237.75
2026-06-03 10:42:00,ATM-6,PUT,79.5,82.3,79.35,80.25,77350,948935,16.669633,22950,23237.75
2026-06-03 10:42:00,ATM-5,CALL,369.9,370.7,365,368,13845,954460,16.245361,23000,23237.75
2026-06-03 10:42:00,ATM-5,PUT,92.65,95.5,92.45,93.35,235040,5706545,16.585762,23000,23237.75
2026-06-03 10:42:00,ATM-4,CALL,332.85,335.1,330,332.3,4420,115895,16.133261,23050,23237.75
2026-06-03 10:42:00,ATM-4,PUT,107.7,110.65,107,107.95,81705,1394900,16.49225,23050,23237.75
2026-06-03 10:42:00,ATM-3,CALL,301.6,302.2,296.55,300.45,25220,607100,16.207858,23100,23237.75
2026-06-03 10:42:00,ATM-3,PUT,124.15,127.6,123.5,125.15,204230,2803450,16.47717,23100,23237.75
2026-06-03 10:42:00,ATM-2,CALL,270.1,270.7,266.05,267.65,26065,437450,16.03814,23150,23237.75
2026-06-03 10:42:00,ATM-2,PUT,142.85,146.65,142.55,143.9,109200,1500395,16.437211,23150,23237.75
2026-06-03 10:42:00,ATM-1,CALL,240.4,241.4,236.45,239.5,139815,2986555,16.099478,23200,23237.75
2026-06-03 10:42:00,ATM-1,PUT,163.2,167.7,163,164.6,489840,4793750,16.402377,23200,23237.75
2026-06-03 10:42:00,ATM,CALL,213.1,213.95,209.65,212.9,219570,3355495,16.123305,23250,23237.75
2026-06-03 10:42:00,ATM,PUT,186.15,190.8,185.75,187.45,293605,3404310,16.385018,23250,23237.75
2026-06-03 10:42:00,ATM+1,CALL,188.35,188.5,184.95,187.25,256360,10597860,16.061631,23300,23237.75
2026-06-03 10:42:00,ATM+1,PUT,210.45,216,210.05,211.75,281450,6890520,16.325961,23300,23237.75
2026-06-03 10:42:00,ATM+2,CALL,164.8,165.1,162,163.85,80730,3433625,16.02005,23350,23237.75
2026-06-03 10:42:00,ATM+2,PUT,237.2,242.7,236.95,239.2,47450,1556295,16.363446,23350,23237.75
2026-06-03 10:42:00,ATM+3,CALL,143.9,144.2,141.3,143.25,90805,6313905,16.045825,23400,23237.75
2026-06-03 10:42:00,ATM+3,PUT,266.4,272.2,265.5,267.7,63830,3408275,16.327693,23400,23237.75
2026-06-03 10:42:00,ATM+4,CALL,124.95,124.95,122.6,124.5,53950,2469480,16.06572,23450,23237.75
2026-06-03 10:42:00,ATM+4,PUT,297.2,303.25,297.1,300,16965,745940,16.453056,23450,23237.75
2026-06-03 10:42:00,ATM+5,CALL,107.95,107.95,106,107.5,157235,9269975,16.076389,23500,23237.75
2026-06-03 10:42:00,ATM+5,PUT,330.55,336.4,328.9,332.45,40105,3573050,16.437324,23500,23237.75
2026-06-03 10:42:00,ATM+6,CALL,92.6,92.75,91.05,92.4,56160,2092740,16.098312,23550,23237.75
2026-06-03 10:42:00,ATM+6,PUT,364.6,370.9,364.6,366.6,4420,391495,16.414813,23550,23237.75
2026-06-03 10:42:00,ATM+7,CALL,79.35,79.45,77.95,78.95,86905,5634395,16.117976,23600,23237.75
2026-06-03 10:42:00,ATM+7,PUT,401.05,408,400,403.05,10010,2090985,16.451479,23600,23237.75
2026-06-03 10:42:00,ATM+8,CALL,67.4,67.7,66.45,67.35,49660,1631240,16.167311,23650,23237.75
2026-06-03 10:42:00,ATM+8,PUT,439.2,444.6,436,441,2340,236925,16.484914,23650,23237.75
2026-06-03 10:42:00,ATM+9,CALL,57.05,57.4,56.4,57.15,75335,5557240,16.214729,23700,23237.75
2026-06-03 10:42:00,ATM+9,PUT,478.45,485.5,476.4,485.5,3445,2363140,17.088847,23700,23237.75
2026-06-03 10:42:00,ATM+10,CALL,48.35,48.6,47.85,48.4,35295,1759940,16.280636,23750,23237.75
2026-06-03 10:42:00,ATM+10,PUT,519.85,527,519.2,525.55,1170,139880,17.091977,23750,23237.75
2026-06-03 10:43:00,ATM-10,CALL,565.95,565.95,565.95,565.95,0,5330,15.604503,22750,23244.8
2026-06-03 10:43:00,ATM-10,PUT,42.25,42.4,41.05,41.25,50830,1025570,17.086604,22750,23244.8
2026-06-03 10:43:00,ATM-9,CALL,526.05,530,524.2,530,260,98475,16.508919,22800,23244.8
2026-06-03 10:43:00,ATM-9,PUT,49.6,49.95,48.4,48.7,94315,3954730,16.97482,22800,23244.8
2026-06-03 10:43:00,ATM-8,CALL,481.35,481.35,481.35,481.35,0,13325,15.545691,22850,23244.8
2026-06-03 10:43:00,ATM-8,PUT,58.15,58.75,56.95,57.4,39780,1016600,16.879718,22850,23244.8
2026-06-03 10:43:00,ATM-7,CALL,445,448.5,439.9,446.45,780,78780,16.127307,22900,23244.8
2026-06-03 10:43:00,ATM-7,PUT,68.1,68.9,66.65,67.25,70785,2522845,16.774457,22900,23244.8
2026-06-03 10:43:00,ATM-6,CALL,404.6,409.6,400,409.6,325,34645,16.258254,22950,23244.8
2026-06-03 10:43:00,ATM-6,PUT,79.7,80.8,78.15,78.8,55055,953225,16.705274,22950,23244.8
2026-06-03 10:43:00,ATM-5,CALL,368.05,373.7,368,372.25,10985,955695,16.168348,23000,23244.8
2026-06-03 10:43:00,ATM-5,PUT,92.75,94.15,91,91.8,226135,5725720,16.631142,23000,23244.8
2026-06-03 10:43:00,ATM-4,CALL,333.15,338.85,332.3,336.25,1820,115765,16.054593,23050,23244.8
2026-06-03 10:43:00,ATM-4,PUT,107.85,108.5,105.5,106.45,72215,1387230,16.561484,23050,23244.8
2026-06-03 10:43:00,ATM-3,CALL,301.65,305,300,303.2,27755,603330,16.050731,23100,23244.8
2026-06-03 10:43:00,ATM-3,PUT,124.15,125.2,122.05,122.9,83980,2812745,16.500329,23100,23244.8
2026-06-03 10:43:00,ATM-2,CALL,269.5,273.55,267.65,272.3,16835,442260,16.069051,23150,23244.8
2026-06-03 10:43:00,ATM-2,PUT,143.75,144,140,141.15,86125,1509625,16.439575,23150,23244.8
2026-06-03 10:43:00,ATM-1,CALL,240.6,243.9,239.5,242.4,132990,2975180,16.008128,23200,23244.8
2026-06-03 10:43:00,ATM-1,PUT,163.45,165,160.75,162.35,261950,4755855,16.468316,23200,23244.8
2026-06-03 10:43:00,ATM,CALL,213.5,216,212.3,214.1,165945,3381820,15.917491,23250,23244.8
2026-06-03 10:43:00,ATM,PUT,186.75,187.6,183,185,192335,3460470,16.456285,23250,23244.8
2026-06-03 10:43:00,ATM+1,CALL,188,190.3,187,189.65,251095,10595650,15.976977,23300,23244.8
2026-06-03 10:43:00,ATM+1,PUT,211.4,212.15,207.1,208.85,291720,6956560,16.383019,23300,23244.8
2026-06-03 10:43:00,ATM+2,CALL,164.9,166.75,163.7,165.9,67860,3428815,15.929299,23350,23244.8
2026-06-03 10:43:00,ATM+2,PUT,237.4,239.55,233.5,235.55,32110,1559675,16.382122,23350,23244.8
2026-06-03 10:43:00,ATM+3,CALL,143.5,145.75,142.9,144.85,104520,6297720,15.939114,23400,23244.8
2026-06-03 10:43:00,ATM+3,PUT,267.75,268.6,262.5,264,51285,3420170,16.365298,23400,23244.8
2026-06-03 10:43:00,ATM+4,CALL,124.55,126.3,124.05,125.35,55315,2464020,15.914977,23450,23244.8
2026-06-03 10:43:00,ATM+4,PUT,299.6,300,292.9,294.75,9750,747500,16.381556,23450,23244.8
2026-06-03 10:43:00,ATM+5,CALL,107.45,109.35,107.15,109,127920,9273030,16.000807,23500,23244.8
2026-06-03 10:43:00,ATM+5,PUT,331.65,332.45,326,327.35,24765,3576105,16.399222,23500,23244.8
2026-06-03 10:43:00,ATM+6,CALL,92.55,93.9,92,93.4,47515,2095080,15.995657,23550,23244.8
2026-06-03 10:43:00,ATM+6,PUT,366.95,366.95,361.05,362.05,910,392145,16.448619,23550,23244.8
2026-06-03 10:43:00,ATM+7,CALL,79.2,80.3,78.7,79.85,137085,5627570,16.022601,23600,23244.8
2026-06-03 10:43:00,ATM+7,PUT,401.35,403.1,395.85,400,6565,2092220,16.655268,23600,23244.8
2026-06-03 10:43:00,ATM+8,CALL,67.35,68.35,67.15,68,28405,1637870,16.062019,23650,23244.8
2026-06-03 10:43:00,ATM+8,PUT,441.95,441.95,435.75,436.2,325,237250,16.543068,23650,23244.8
2026-06-03 10:43:00,ATM+9,CALL,57.3,58,56.8,57.7,59345,5557370,16.112744,23700,23244.8
2026-06-03 10:43:00,ATM+9,PUT,480,485.5,476.65,477,7605,2363920,16.760535,23700,23244.8
2026-06-03 10:43:00,ATM+10,CALL,48.45,49.05,48.25,48.8,24440,1765140,16.173916,23750,23244.8
2026-06-03 10:43:00,ATM+10,PUT,522.8,525.55,522.8,522.8,130,139880,17.435025,23750,23244.8
2026-06-03 10:44:00,ATM-10,CALL,559.3,565.95,559.3,559.3,260,5200,16.792143,22750,23227.55
2026-06-03 10:44:00,ATM-10,PUT,41.3,44.5,41.25,44.4,109135,1029925,17.154959,22750,23227.55
2026-06-03 10:44:00,ATM-9,CALL,526.3,530,515.25,515.25,975,98670,16.456662,22800,23227.55
2026-06-03 10:44:00,ATM-9,PUT,48.85,52.5,48.7,52.45,293735,3900065,17.06359,22800,23227.55
2026-06-03 10:44:00,ATM-8,CALL,482.45,482.45,475,475,260,13325,16.464846,22850,23227.55
2026-06-03 10:44:00,ATM-8,PUT,57.3,61.9,57.3,61.85,91455,1014520,16.992219,22850,23227.55
2026-06-03 10:44:00,ATM-7,CALL,440.45,446.45,436.15,436.15,1300,78585,16.469115,22900,23227.55
2026-06-03 10:44:00,ATM-7,PUT,67.45,72.5,67.15,72.45,161915,2531360,16.908995,22900,23227.55
2026-06-03 10:44:00,ATM-6,CALL,403.7,409.6,396.95,396.95,455,34515,16.284048,22950,23227.55
2026-06-03 10:44:00,ATM-6,PUT,78.9,84.6,78.55,84.4,93665,949780,16.820099,22950,23227.55
2026-06-03 10:44:00,ATM-5,CALL,372.4,372.4,360.35,360.85,26845,955240,16.258335,23000,23227.55
2026-06-03 10:44:00,ATM-5,PUT,92,98.25,91.8,98.15,442585,5770765,16.758528,23000,23227.55
2026-06-03 10:44:00,ATM-4,CALL,335.4,336.25,325.55,325.85,4875,115180,16.177271,23050,23227.55
2026-06-03 10:44:00,ATM-4,PUT,106.65,113.8,106.45,113.8,136890,1387100,16.72022,23050,23227.55
2026-06-03 10:44:00,ATM-3,CALL,303.25,303.7,293.1,293.5,31915,602355,16.173734,23100,23227.55
2026-06-03 10:44:00,ATM-3,PUT,123.05,131.25,122.9,131.25,310050,2820350,16.686274,23100,23227.55
2026-06-03 10:44:00,ATM-2,CALL,271.6,272.3,262.3,263.5,31980,437125,16.208044,23150,23227.55
2026-06-03 10:44:00,ATM-2,PUT,141.5,150.25,141.1,150.25,203645,1507870,16.629403,23150,23227.55
2026-06-03 10:44:00,ATM-1,CALL,241.95,242.9,233.9,234.25,249925,3006380,16.142236,23200,23227.55
2026-06-03 10:44:00,ATM-1,PUT,161.85,172.2,161.55,171.5,773175,4675905,16.603861,23200,23227.55
2026-06-03 10:44:00,ATM,CALL,214.25,214.85,207.05,207.6,297310,3390790,16.128373,23250,23227.55
2026-06-03 10:44:00,ATM,PUT,184.75,195.5,184.25,195.5,606255,3454750,16.645664,23250,23227.55
2026-06-03 10:44:00,ATM+1,CALL,189.2,189.65,182.25,182.95,386295,10651225,16.114768,23300,23227.55
2026-06-03 10:44:00,ATM+1,PUT,209.5,220.55,208.85,220.2,577005,7024615,16.586396,23300,23227.55
2026-06-03 10:44:00,ATM+2,CALL,166.2,166.2,159.7,160.3,130325,3428165,16.10175,23350,23227.55
2026-06-03 10:44:00,ATM+2,PUT,236.1,247.8,235.1,247.8,85475,1565720,16.605901,23350,23227.55
2026-06-03 10:44:00,ATM+3,CALL,144.55,145,139.45,140.35,177125,6282185,16.150135,23400,23227.55
2026-06-03 10:44:00,ATM+3,PUT,264.35,277.55,264,276.8,131820,3425565,16.583581,23400,23227.55
2026-06-03 10:44:00,ATM+4,CALL,125.45,125.6,120.95,121.55,89765,2450695,16.13518,23450,23227.55
2026-06-03 10:44:00,ATM+4,PUT,296.45,309,294.75,309,21060,746330,16.675311,23450,23227.55
2026-06-03 10:44:00,ATM+5,CALL,108.8,109,104.6,105,224835,9259510,16.155342,23500,23227.55
2026-06-03 10:44:00,ATM+5,PUT,328.55,341.55,327.35,341.55,51155,3574025,16.643915,23500,23227.55
2026-06-03 10:44:00,ATM+6,CALL,93.4,93.7,89.8,90.5,71500,2090725,16.204204,23550,23227.55
2026-06-03 10:44:00,ATM+6,PUT,364.05,377.25,362.05,376.85,5330,392210,16.70581,23550,23227.55
2026-06-03 10:44:00,ATM+7,CALL,79.95,79.95,76.85,77.45,148070,5607420,16.23652,23600,23227.55
2026-06-03 10:44:00,ATM+7,PUT,399.95,413.85,399.95,413.65,24440,2091440,16.760874,23600,23227.55
2026-06-03 10:44:00,ATM+8,CALL,68,68.05,65.5,65.9,59345,1637415,16.266056,23650,23227.55
2026-06-03 10:44:00,ATM+8,PUT,438.65,451,436.2,451,3770,236405,16.718736,23650,23227.55
2026-06-03 10:44:00,ATM+9,CALL,57.8,57.8,55.7,56.15,88595,5561205,16.339914,23700,23227.55
2026-06-03 10:44:00,ATM+9,PUT,475.8,492.7,475.8,491.15,6695,2358265,16.82478,23700,23227.55
2026-06-03 10:44:00,ATM+10,CALL,48.8,48.9,47.2,47.6,43810,1766635,16.408949,23750,23227.55
2026-06-03 10:44:00,ATM+10,PUT,519.2,532.1,519.2,532.1,1885,139230,16.883316,23750,23227.55
2026-06-03 10:45:00,ATM-10,CALL,559.3,559.3,559.3,559.3,0,5200,15.900051,22750,23234.9
2026-06-03 10:45:00,ATM-10,PUT,44.5,45.9,42.85,43.1,88985,1020695,17.135567,22750,23234.9
2026-06-03 10:45:00,ATM-9,CALL,514.15,522.3,510,521.6,1040,98800,16.491146,22800,23234.9
2026-06-03 10:45:00,ATM-9,PUT,52.95,53.9,50.4,50.75,209170,3871270,17.017115,22800,23234.9
2026-06-03 10:45:00,ATM-8,CALL,471.5,482.35,471.5,482.35,195,13455,16.636195,22850,23234.9
2026-06-03 10:45:00,ATM-8,PUT,62.35,63.25,59,59,100490,1026935,16.838586,22850,23234.9
2026-06-03 10:45:00,ATM-7,CALL,432,442.45,428.45,442.45,975,78715,16.537237,22900,23234.9
2026-06-03 10:45:00,ATM-7,PUT,72.95,74.2,69.25,69.25,156520,2508220,16.75059,22900,23234.9
2026-06-03 10:45:00,ATM-6,CALL,395,403.2,391.15,401,1690,34190,16.141244,22950,23234.9
2026-06-03 10:45:00,ATM-6,PUT,84.6,86.45,80.85,80.85,95810,946010,16.658559,22950,23234.9
2026-06-03 10:45:00,ATM-5,CALL,360,368.35,356.2,366.85,38935,962585,16.333284,23000,23234.9
2026-06-03 10:45:00,ATM-5,PUT,98.8,100.6,94,94.3,513695,5818540,16.599967,23000,23234.9
2026-06-03 10:45:00,ATM-4,CALL,325,333.45,321.5,332.85,4810,115180,16.361965,23050,23234.9
2026-06-03 10:45:00,ATM-4,PUT,113.85,116.2,109,109.5,158340,1378585,16.551298,23050,23234.9
2026-06-03 10:45:00,ATM-3,CALL,292.85,300.6,289.35,300,41990,596895,16.331202,23100,23234.9
2026-06-03 10:45:00,ATM-3,PUT,132,133.9,125.85,126.05,250120,2832050,16.468693,23100,23234.9
2026-06-03 10:45:00,ATM-2,CALL,262,269.1,259,268.55,34710,432705,16.262491,23150,23234.9
2026-06-03 10:45:00,ATM-2,PUT,151.2,153.4,144.95,145.2,289770,1546220,16.453702,23150,23234.9
2026-06-03 10:45:00,ATM-1,CALL,233.6,240.05,230.65,239.5,273065,2931305,16.235607,23200,23234.9
2026-06-03 10:45:00,ATM-1,PUT,172,175,165.7,165.7,1023230,4747405,16.393041,23200,23234.9
2026-06-03 10:45:00,ATM,CALL,206.75,212.8,204,211.8,338000,3360500,16.159013,23250,23234.9
2026-06-03 10:45:00,ATM,PUT,196.85,199,188,188.7,673660,3481725,16.378894,23250,23234.9
2026-06-03 10:45:00,ATM+1,CALL,183.25,187.7,180.05,187.2,524420,10511605,16.173374,23300,23234.9
2026-06-03 10:45:00,ATM+1,PUT,220.6,224.35,213.4,213.6,581100,6965140,16.359458,23300,23234.9
2026-06-03 10:45:00,ATM+2,CALL,160,164.35,157.45,164,115310,3418480,16.139747,23350,23234.9
2026-06-03 10:45:00,ATM+2,PUT,249.3,252.85,240,240,114595,1570595,16.301846,23350,23234.9
2026-06-03 10:45:00,ATM+3,CALL,139.55,143.45,137.65,143.1,271505,6257940,16.133256,23400,23234.9
2026-06-03 10:45:00,ATM+3,PUT,277.85,282.15,269.2,269.65,160160,3414125,16.351711,23400,23234.9
2026-06-03 10:45:00,ATM+4,CALL,121.1,124.7,119.25,123.95,78845,2431780,16.111782,23450,23234.9
2026-06-03 10:45:00,ATM+4,PUT,310,313.9,300.45,301,26195,746850,16.387055,23450,23234.9
2026-06-03 10:45:00,ATM+5,CALL,105.1,107.85,103.35,107.35,199160,9219145,16.1505,23500,23234.9
2026-06-03 10:45:00,ATM+5,PUT,344,346.95,333.2,334.85,76375,3570645,16.484205,23500,23234.9
2026-06-03 10:45:00,ATM+6,CALL,89.85,92.7,88.9,92.7,74035,2078115,16.208731,23550,23234.9
2026-06-03 10:45:00,ATM+6,PUT,379.7,382.65,368.2,369.65,3965,392340,16.515093,23550,23234.9
2026-06-03 10:45:00,ATM+7,CALL,76.95,79.25,76.05,79.05,153920,5579470,16.205489,23600,23234.9
2026-06-03 10:45:00,ATM+7,PUT,415.4,420.05,404,404,18980,2084225,16.340795,23600,23234.9
2026-06-03 10:45:00,ATM+8,CALL,65.55,67.55,64.85,67.1,45825,1621360,16.214184,23650,23234.9
2026-06-03 10:45:00,ATM+8,PUT,457.15,458.4,445.15,447.55,845,236665,16.943631,23650,23234.9
2026-06-03 10:45:00,ATM+9,CALL,55.85,57.4,55.15,57.1,72670,5562765,16.278645,23700,23234.9
2026-06-03 10:45:00,ATM+9,PUT,493.7,499,483.25,483.25,6825,2354430,16.589835,23700,23234.9
2026-06-03 10:45:00,ATM+10,CALL,47.3,48.6,46.8,48.6,25610,1766895,16.371673,23750,23234.9
2026-06-03 10:45:00,ATM+10,PUT,532.1,532.1,525.9,525.9,130,139425,16.858334,23750,23234.9
2026-06-03 10:46:00,ATM-10,PUT,43.15,45.35,42.5,44.15,56810,1024660,17.113463,22750,23227.1
2026-06-03 10:46:00,ATM-9,CALL,523,524.4,513.95,515.65,3900,99125,16.5569,22800,23227.1
2026-06-03 10:46:00,ATM-9,PUT,50.4,53.35,50.25,52,134615,3898895,16.999775,22800,23227.1
2026-06-03 10:46:00,ATM-8,CALL,481.6,482.35,470.7,472.7,325,13520,16.241672,22850,23227.1
2026-06-03 10:46:00,ATM-8,PUT,59.3,62.65,59,61.25,60190,1040325,16.915105,22850,23227.1
2026-06-03 10:46:00,ATM-7,CALL,442.9,442.9,433.7,435.5,845,78585,16.439147,22900,23227.1
2026-06-03 10:46:00,ATM-7,PUT,69.75,73.5,69.05,71.9,94185,2518295,16.841317,22900,23227.1
2026-06-03 10:46:00,ATM-6,CALL,404.45,404.45,395.45,397.55,1235,34385,16.380006,22950,23227.1
2026-06-03 10:46:00,ATM-6,PUT,81.1,85.6,80.85,83.95,73580,948025,16.765264,22950,23227.1
2026-06-03 10:46:00,ATM-5,CALL,367.6,367.95,359,363.75,21710,972010,16.564043,23000,23227.1
2026-06-03 10:46:00,ATM-5,PUT,94.4,99.4,94.1,97.65,431340,5826795,16.700676,23000,23227.1
2026-06-03 10:46:00,ATM-4,CALL,332.3,332.85,325.05,330,4030,116350,16.579275,23050,23227.1
2026-06-03 10:46:00,ATM-4,PUT,109.25,114.9,108.6,112.9,86775,1374750,16.627894,23050,23227.1
2026-06-03 10:46:00,ATM-3,CALL,299.05,300.8,291.85,296.15,32175,613730,16.429512,23100,23227.1
2026-06-03 10:46:00,ATM-3,PUT,127,132.25,125.65,129.5,187460,2833285,16.522741,23100,23227.1
2026-06-03 10:46:00,ATM-2,CALL,268.55,269.25,261.2,265.4,27820,440310,16.392065,23150,23227.1
2026-06-03 10:46:00,ATM-2,PUT,145.4,151.9,144.35,148.2,121680,1559675,16.443928,23150,23227.1
2026-06-03 10:46:00,ATM-1,CALL,239.65,239.95,232.8,236.4,154310,3015285,16.341813,23200,23227.1
2026-06-03 10:46:00,ATM-1,PUT,166.2,173.35,165.3,170.65,365560,4708535,16.5191,23200,23227.1
2026-06-03 10:46:00,ATM,CALL,212.3,212.9,206.35,209.05,252525,3475940,16.267561,23250,23227.1
2026-06-03 10:46:00,ATM,PUT,189.2,197.15,188.25,194,312325,3495765,16.507336,23250,23227.1
2026-06-03 10:46:00,ATM+1,CALL,187.15,187.55,181.6,184.6,228085,10608780,16.268793,23300,23227.1
2026-06-03 10:46:00,ATM+1,PUT,213.8,222.5,212.9,219.1,298870,6963255,16.479148,23300,23227.1
2026-06-03 10:46:00,ATM+2,CALL,164.05,164.3,159.15,161.7,101725,3429920,16.235276,23350,23227.1
2026-06-03 10:46:00,ATM+2,PUT,240.05,249.9,239.8,245.7,63570,1572090,16.413868,23350,23227.1
2026-06-03 10:46:00,ATM+3,CALL,143,143.5,138.8,141.2,121680,6247995,16.23867,23400,23227.1
2026-06-03 10:46:00,ATM+3,PUT,269.05,279.8,268.8,275.65,78000,3407885,16.465962,23400,23227.1
2026-06-03 10:46:00,ATM+4,CALL,124.1,124.5,120.65,122.7,69095,2438215,16.250806,23450,23227.1
2026-06-03 10:46:00,ATM+4,PUT,301.35,311.3,300,307.15,14365,751075,16.492447,23450,23227.1
2026-06-03 10:46:00,ATM+5,CALL,107.35,107.5,104.35,106.45,133900,9258340,16.301037,23500,23227.1
2026-06-03 10:46:00,ATM+5,PUT,333.7,344.7,332.5,339.35,44980,3572985,16.420938,23500,23227.1
2026-06-03 10:46:00,ATM+6,CALL,91.95,92.7,89.7,91.15,47190,2074605,16.280032,23550,23227.1
2026-06-03 10:46:00,ATM+6,PUT,368.55,379.5,367.65,374.65,3055,392860,16.470716,23550,23227.1
2026-06-03 10:46:00,ATM+7,CALL,79.1,79.15,76.75,77.95,84825,5605535,16.300264,23600,23227.1
2026-06-03 10:46:00,ATM+7,PUT,407.05,416.5,404,410.65,7670,2084095,16.431201,23600,23227.1
2026-06-03 10:46:00,ATM+8,CALL,67.3,67.45,65.6,66.45,49660,1621685,16.337958,23650,23227.1
2026-06-03 10:46:00,ATM+8,PUT,444.2,454.7,444.15,451.8,1300,236730,16.767912,23650,23227.1
2026-06-03 10:46:00,ATM+9,CALL,57.2,57.35,55.65,56.45,57265,5572125,16.386951,23700,23227.1
2026-06-03 10:46:00,ATM+9,PUT,483.55,495.45,481.75,489.25,4355,2354690,16.569094,23700,23227.1
2026-06-03 10:46:00,ATM+10,CALL,48.45,48.6,47.25,47.8,23205,1770275,16.445906,23750,23227.1
2026-06-03 10:46:00,ATM+10,PUT,524.65,534.3,524.65,531.9,910,139425,16.814646,23750,23227.1
2026-06-03 10:47:00,ATM-9,PUT,52,52.7,50.2,51,92625,3897010,17.088681,22800,23236.65
2026-06-03 10:47:00,ATM-8,CALL,472.7,472.7,472.7,472.7,0,13520,15.308084,22850,23236.65
2026-06-03 10:47:00,ATM-8,PUT,60.95,62,58.95,59.95,50245,1043965,16.99041,22850,23236.65
2026-06-03 10:47:00,ATM-7,CALL,443.2,444.65,435.5,444.65,195,78195,16.630969,22900,23236.65
2026-06-03 10:47:00,ATM-7,PUT,71.7,72.6,69.05,70,90610,2536040,16.875428,22900,23236.65
2026-06-03 10:47:00,ATM-6,CALL,398.45,405.05,397.55,405.05,715,34190,16.421868,22950,23236.65
2026-06-03 10:47:00,ATM-6,PUT,83.2,84.7,80.7,81.7,72085,950105,16.790764,22950,23236.65
2026-06-03 10:47:00,ATM-5,CALL,364.4,369.7,361.1,367.45,14560,976560,16.273815,23000,23236.65
2026-06-03 10:47:00,ATM-5,PUT,97.2,98.55,93.95,95.25,283140,5916755,16.739601,23000,23236.65
2026-06-03 10:47:00,ATM-4,CALL,328.2,332,327.5,332,585,116415,16.179725,23050,23236.65
2026-06-03 10:47:00,ATM-4,PUT,112.15,113.85,108.75,110.35,76440,1374945,16.680693,23050,23236.65
2026-06-03 10:47:00,ATM-3,CALL,296.3,301.6,294.8,299.55,14235,618345,16.19674,23100,23236.65
2026-06-03 10:47:00,ATM-3,PUT,129.65,131.2,125.45,126.85,159120,2883075,16.594181,23100,23236.65
2026-06-03 10:47:00,ATM-2,CALL,265.9,270.15,263.8,268.35,14105,442845,16.158796,23150,23236.65
2026-06-03 10:47:00,ATM-2,PUT,148.4,150.05,144.15,145.8,143390,1589055,16.564135,23150,23236.65
2026-06-03 10:47:00,ATM-1,CALL,237.1,240.9,234.55,238.8,140400,3034395,16.098526,23200,23236.65
2026-06-03 10:47:00,ATM-1,PUT,170,171.9,165,166.7,350155,4735705,16.539682,23200,23236.65
2026-06-03 10:47:00,ATM,CALL,209.5,213.35,207.95,211.55,136045,3499535,16.065807,23250,23236.65
2026-06-03 10:47:00,ATM,PUT,192.7,195.4,187.7,190.05,245245,3504150,16.557987,23250,23236.65
2026-06-03 10:47:00,ATM+1,CALL,185.1,188,183.5,187,203255,10612680,16.090046,23300,23236.65
2026-06-03 10:47:00,ATM+1,PUT,217.5,220.3,212.5,214.9,232310,6970665,16.539788,23300,23236.65
2026-06-03 10:47:00,ATM+2,CALL,162.25,164.85,160.65,163.7,67795,3420755,16.053174,23350,23236.65
2026-06-03 10:47:00,ATM+2,PUT,244.9,247.5,239.2,241,43810,1580865,16.464662,23350,23236.65
2026-06-03 10:47:00,ATM+3,CALL,141.3,143.9,140,143,122330,6263010,16.067453,23400,23236.65
2026-06-03 10:47:00,ATM+3,PUT,274.75,277.05,268.05,270.4,71305,3425760,16.502126,23400,23236.65
2026-06-03 10:47:00,ATM+4,CALL,122.9,124.95,121.7,123.95,44460,2439840,16.058363,23450,23236.65
2026-06-03 10:47:00,ATM+4,PUT,306.3,308.6,298.95,302.25,11570,753090,16.589985,23450,23236.65
2026-06-03 10:47:00,ATM+5,CALL,106.05,108.1,105.25,107.25,117260,9267570,16.091691,23500,23236.65
2026-06-03 10:47:00,ATM+5,PUT,339.2,341.1,331.55,334.5,43355,3573180,16.557769,23500,23236.65
2026-06-03 10:47:00,ATM+6,CALL,91.25,92.95,90.5,92.3,25805,2072265,16.124529,23550,23236.65
2026-06-03 10:47:00,ATM+6,PUT,374.25,376.05,366.7,366.8,1885,393380,16.364688,23550,23236.65
2026-06-03 10:47:00,ATM+7,CALL,78.2,79.4,77.4,78.5,107900,5605600,16.107043,23600,23236.65
2026-06-03 10:47:00,ATM+7,PUT,409.05,412.65,402.3,402.3,7215,2083835,16.30087,23600,23236.65
2026-06-03 10:47:00,ATM+8,CALL,66.7,67.75,66.05,67.4,21840,1635855,16.204724,23650,23236.65
2026-06-03 10:47:00,ATM+8,PUT,449.6,451.8,449,450.9,390,236730,17.425259,23650,23236.65
2026-06-03 10:47:00,ATM+9,CALL,56.55,57.5,56.1,57,34840,5568095,16.228248,23700,23236.65
2026-06-03 10:47:00,ATM+9,PUT,488.6,492,480.65,483.95,1365,2355340,16.824113,23700,23236.65
2026-06-03 10:47:00,ATM+10,CALL,47.8,48.7,47.55,48.15,9880,1768585,16.278975,23750,23236.65
2026-06-03 10:47:00,ATM+10,PUT,526.25,531.9,526.25,526.25,65,139750,17.071791,23750,23236.65
2026-06-03 10:48:00,ATM-7,CALL,445,445,442.75,442.75,390,78195,16.776235,22900,23232.45
2026-06-03 10:48:00,ATM-7,PUT,69.9,71.95,68.1,71.95,94315,2537925,16.980622,22900,23232.45
2026-06-03 10:48:00,ATM-6,CALL,404.95,405.05,402.8,404.4,1170,34190,16.671627,22950,23232.45
2026-06-03 10:48:00,ATM-6,PUT,81.15,84,79.45,83.95,54210,946920,16.906915,22950,23232.45
2026-06-03 10:48:00,ATM-5,CALL,368.7,371.3,363.7,363.7,18655,976495,16.203165,23000,23232.45
2026-06-03 10:48:00,ATM-5,PUT,94.75,97.6,93,97.25,219765,5942365,16.813202,23000,23232.45
2026-06-03 10:48:00,ATM-4,CALL,335,335,328.2,328.2,2405,116935,16.095007,23050,23232.45
2026-06-03 10:48:00,ATM-4,PUT,109.6,112.85,107.7,112.85,75985,1367795,16.783016,23050,23232.45
2026-06-03 10:48:00,ATM-3,CALL,300.7,303.25,295.15,295.5,28015,616590,16.080286,23100,23232.45
2026-06-03 10:48:00,ATM-3,PUT,126.3,130,124.15,129.8,157300,2877355,16.718742,23100,23232.45
2026-06-03 10:48:00,ATM-2,CALL,268.25,271.4,264.4,264.7,17030,442910,16.066146,23150,23232.45
2026-06-03 10:48:00,ATM-2,PUT,145.45,149.1,142.9,148.95,109460,1576575,16.688778,23150,23232.45
2026-06-03 10:48:00,ATM-1,CALL,239.5,241.85,235.7,236.3,144365,3055975,16.089017,23200,23232.45
2026-06-03 10:48:00,ATM-1,PUT,166.2,170.2,163.35,170.2,315315,4722250,16.677468,23200,23232.45
2026-06-03 10:48:00,ATM,CALL,211.8,214.35,208.5,209.2,186290,3529565,16.054959,23250,23232.45
2026-06-03 10:48:00,ATM,PUT,189.35,193.7,186.1,193.55,239135,3482050,16.681046,23250,23232.45
2026-06-03 10:48:00,ATM+1,CALL,187.3,188.95,183.95,184.55,223470,10629255,16.057328,23300,23232.45
2026-06-03 10:48:00,ATM+1,PUT,214,218.6,210.7,218.6,210535,6934655,16.665678,23300,23232.45
2026-06-03 10:48:00,ATM+2,CALL,163.55,165.6,161.1,161.25,59345,3433495,16.006305,23350,23232.45
2026-06-03 10:48:00,ATM+2,PUT,240.9,245.5,237.6,245.5,33085,1581515,16.643842,23350,23232.45
2026-06-03 10:48:00,ATM+3,CALL,143.45,144.5,140.55,140.7,135785,6233435,16.018389,23400,23232.45
2026-06-03 10:48:00,ATM+3,PUT,270.15,275.6,265.95,274.5,64480,3420235,16.637715,23400,23232.45
2026-06-03 10:48:00,ATM+4,CALL,124.05,125.4,122,122.4,52975,2438020,16.058606,23450,23232.45
2026-06-03 10:48:00,ATM+4,PUT,302.2,306.8,296.6,306.8,7475,753285,16.754662,23450,23232.45
2026-06-03 10:48:00,ATM+5,CALL,107.65,108.5,105.6,105.95,101530,9278425,16.100534,23500,23232.45
2026-06-03 10:48:00,ATM+5,PUT,333.5,339.45,329.8,338.75,21125,3569865,16.688293,23500,23232.45
2026-06-03 10:48:00,ATM+6,CALL,92.3,93.3,91,91,38025,2070965,16.119975,23550,23232.45
2026-06-03 10:48:00,ATM+6,PUT,365,370.35,365,370.35,1235,393120,16.421784,23550,23232.45
2026-06-03 10:48:00,ATM+7,CALL,78.9,79.75,77.5,77.7,43355,5635695,16.13802,23600,23232.45
2026-06-03 10:48:00,ATM+7,PUT,403,409.8,400,409.8,3575,2083120,16.73753,23600,23232.45
2026-06-03 10:48:00,ATM+8,CALL,67.5,67.95,66.2,66.4,22165,1640210,16.203056,23650,23232.45
2026-06-03 10:48:00,ATM+8,PUT,438.15,450.9,438.15,450.4,650,237445,17.048473,23650,23232.45
2026-06-03 10:48:00,ATM+9,CALL,57,57.65,56.15,56.3,40950,5575895,16.247084,23700,23232.45
2026-06-03 10:48:00,ATM+9,PUT,479,483.95,478.15,482.6,1300,2355340,16.296149,23700,23232.45
2026-06-03 10:48:00,ATM+10,CALL,48.5,48.85,47.75,47.75,15925,1771120,16.323292,23750,23232.45
2026-06-03 10:48:00,ATM+10,PUT,524.9,526.25,524.9,524.9,845,139750,16.492876,23750,23232.45
2026-06-03 10:49:00,ATM-6,CALL,403.2,407.85,403.2,407.85,325,34645,16.290406,22950,23242.15
2026-06-03 10:49:00,ATM-6,PUT,83.7,83.95,80.2,80.5,32630,951925,16.813887,22950,23242.15
2026-06-03 10:49:00,ATM-5,CALL,363.7,371.8,363.5,371.1,18005,982410,16.248342,23000,23242.15
2026-06-03 10:49:00,ATM-5,PUT,97.55,97.55,93.45,93.6,207805,5979285,16.735353,23000,23242.15
2026-06-03 10:49:00,ATM-4,CALL,329.85,336,328.2,335.45,455,116610,16.154443,23050,23242.15
2026-06-03 10:49:00,ATM-4,PUT,112.9,112.9,108.15,108.45,53430,1380535,16.670859,23050,23242.15
2026-06-03 10:49:00,ATM-3,CALL,295.55,303,295.5,302.75,14755,618670,16.168494,23100,23242.15
2026-06-03 10:49:00,ATM-3,PUT,129.9,129.9,124.85,125.25,90350,2875145,16.627737,23100,23242.15
2026-06-03 10:49:00,ATM-2,CALL,264.65,271.4,264.65,270.5,8450,445120,16.060341,23150,23242.15
2026-06-03 10:49:00,ATM-2,PUT,149.2,149.2,143.35,143.5,72410,1592110,16.554844,23150,23242.15
2026-06-03 10:49:00,ATM-1,CALL,236.25,241.95,236,241.85,122200,3054285,16.09434,23200,23242.15
2026-06-03 10:49:00,ATM-1,PUT,170.35,170.35,163.85,164.2,303875,4766645,16.531411,23200,23242.15
2026-06-03 10:49:00,ATM,CALL,208.9,214.5,208.9,213.6,129870,3541850,15.997999,23250,23242.15
2026-06-03 10:49:00,ATM,PUT,192.85,193.55,186.45,186.8,182195,3519945,16.506092,23250,23242.15
2026-06-03 10:49:00,ATM+1,CALL,184.25,189,184.25,188.4,153205,10633155,15.987502,23300,23242.15
2026-06-03 10:49:00,ATM+1,PUT,218.2,218.6,211.15,211.85,190580,6946940,16.521713,23300,23242.15
2026-06-03 10:49:00,ATM+2,CALL,161.15,165.8,161.15,165.45,49790,3433690,15.99654,23350,23242.15
2026-06-03 10:49:00,ATM+2,PUT,245.35,245.9,237.5,238.55,31915,1587040,16.513155,23350,23242.15
2026-06-03 10:49:00,ATM+3,CALL,141.05,144.75,140.7,144.15,68380,6245915,15.977761,23400,23242.15
2026-06-03 10:49:00,ATM+3,PUT,274.75,274.75,266.6,267,44915,3425890,16.489794,23400,23242.15
2026-06-03 10:49:00,ATM+4,CALL,122.3,125.55,122.25,125.25,46930,2442245,15.997076,23450,23242.15
2026-06-03 10:49:00,ATM+4,PUT,305.05,306.8,297.45,297.45,21190,744900,16.474952,23450,23242.15
2026-06-03 10:49:00,ATM+5,CALL,105.85,108.75,105.8,108.05,102635,9306765,16.001474,23500,23242.15
2026-06-03 10:49:00,ATM+5,PUT,337.45,338.75,330,330.95,15990,3572530,16.566828,23500,23242.15
2026-06-03 10:49:00,ATM+6,CALL,90.8,93.4,90.75,93.05,27040,2071940,16.043178,23550,23242.15
2026-06-03 10:49:00,ATM+6,PUT,373.9,373.9,365,365.95,1625,393510,16.64273,23550,23242.15
2026-06-03 10:49:00,ATM+7,CALL,77.8,79.75,77.55,79.4,42250,5642780,16.053886,23600,23242.15
2026-06-03 10:49:00,ATM+7,PUT,410.55,410.55,400.45,402.05,8450,2082665,16.671264,23600,23242.15
2026-06-03 10:49:00,ATM+8,CALL,66.4,67.95,66.35,67.7,15795,1645020,16.102129,23650,23242.15
2026-06-03 10:49:00,ATM+8,PUT,441.2,450.4,441.2,441.2,195,237445,16.855938,23650,23242.15
2026-06-03 10:49:00,ATM+9,CALL,56.2,57.7,56.15,57.5,44005,5580055,16.15821,23700,23242.15
2026-06-03 10:49:00,ATM+9,PUT,484.05,485.55,479.45,479.45,3575,2355340,16.804969,23700,23242.15
2026-06-03 10:49:00,ATM+10,CALL,47.85,48.8,47.65,48.65,7540,1774110,16.2204,23750,23242.15
2026-06-03 10:49:00,ATM+10,PUT,524.9,524.9,524.9,524.9,0,139750,17.435596,23750,23242.15
2026-06-03 10:50:00,ATM-5,CALL,369.75,371.1,366.6,367.9,11310,989040,16.093882,23000,23239.95
2026-06-03 10:50:00,ATM-5,PUT,94.25,96.4,93.6,94.6,176215,5969470,16.770982,23000,23239.95
2026-06-03 10:50:00,ATM-4,CALL,334.15,335.45,332,332.15,2990,116675,15.99188,23050,23239.95
2026-06-03 10:50:00,ATM-4,PUT,108.7,111.4,108.45,108.9,51740,1385150,16.648376,23050,23239.95
2026-06-03 10:50:00,ATM-3,CALL,301.65,302.75,298.25,301,12675,620035,16.141077,23100,23239.95
2026-06-03 10:50:00,ATM-3,PUT,125.15,128.3,125.15,125.95,70850,2875080,16.621094,23100,23239.95
2026-06-03 10:50:00,ATM-2,CALL,270,270.5,266.5,270,8710,444470,16.132393,23150,23239.95
2026-06-03 10:50:00,ATM-2,PUT,144.8,147.1,143.5,144.35,62985,1597700,16.554239,23150,23239.95
2026-06-03 10:50:00,ATM-1,CALL,241.35,241.85,237.9,240.9,89440,3105700,16.120471,23200,23239.95
2026-06-03 10:50:00,ATM-1,PUT,164.6,168.15,164.2,165.05,253890,4794855,16.523899,23200,23239.95
2026-06-03 10:50:00,ATM,CALL,213,213.6,210.1,213,165750,3516955,16.045201,23250,23239.95
2026-06-03 10:50:00,ATM,PUT,188.5,191.4,186.8,188.45,170430,3524495,16.556915,23250,23239.95
2026-06-03 10:50:00,ATM+1,CALL,187.9,188.4,185.4,188.15,206505,10670855,16.05583,23300,23239.95
2026-06-03 10:50:00,ATM+1,PUT,213.05,216.3,211.85,212.15,178490,6935825,16.455611,23300,23239.95
2026-06-03 10:50:00,ATM+2,CALL,164.65,165.45,162.55,164.45,51675,3432000,15.996658,23350,23239.95
2026-06-03 10:50:00,ATM+2,PUT,238.3,243.3,238.3,239.65,27885,1590810,16.505076,23350,23239.95
2026-06-03 10:50:00,ATM+3,CALL,144.15,144.15,142.15,143.9,110565,6263725,16.033174,23400,23239.95
2026-06-03 10:50:00,ATM+3,PUT,268.35,272.6,267,267.5,50375,3434145,16.424472,23400,23239.95
2026-06-03 10:50:00,ATM+4,CALL,124.25,125.25,123.05,124.65,29705,2441140,16.016712,23450,23239.95
2026-06-03 10:50:00,ATM+4,PUT,299.75,303.3,297.45,300,16250,740155,16.576171,23450,23239.95
2026-06-03 10:50:00,ATM+5,CALL,107.9,108.05,106.3,107.85,101335,9326525,16.050193,23500,23239.95
2026-06-03 10:50:00,ATM+5,PUT,332.1,336.5,330.95,332,13390,3572725,16.531776,23500,23239.95
2026-06-03 10:50:00,ATM+6,CALL,92.8,93.05,91.25,92.5,24245,2070380,16.054257,23550,23239.95
2026-06-03 10:50:00,ATM+6,PUT,367.85,370.05,365.95,368.7,1365,393380,16.756466,23550,23239.95
2026-06-03 10:50:00,ATM+7,CALL,79.25,79.4,78,79.05,59215,5653635,16.07806,23600,23239.95
2026-06-03 10:50:00,ATM+7,PUT,401.45,407.05,401.45,403,4810,2081170,16.608506,23600,23239.95
2026-06-03 10:50:00,ATM+8,CALL,67.45,67.7,66.75,67.4,19565,1644630,16.125982,23650,23239.95
2026-06-03 10:50:00,ATM+8,PUT,442.6,442.95,441.2,442.95,260,237445,16.865699,23650,23239.95
2026-06-03 10:50:00,ATM+9,CALL,57.35,57.5,56.6,57.1,31460,5576740,16.165312,23700,23239.95
2026-06-03 10:50:00,ATM+9,PUT,483.9,485.25,479.45,484.5,1040,2355145,17.172024,23700,23239.95
2026-06-03 10:50:00,ATM+10,CALL,48.6,48.65,47.85,48.35,19110,1778075,16.233333,23750,23239.95
2026-06-03 10:50:00,ATM+10,PUT,524.9,524.9,524.9,524.9,65,140140,17.229129,23750,23239.95
2026-06-03 10:51:00,ATM-4,PUT,108.95,111.55,108,108.7,56745,1386840,16.683427,23050,23241.75
2026-06-03 10:51:00,ATM-3,CALL,300.95,302.15,297.45,300.85,23205,617110,16.027343,23100,23241.75
2026-06-03 10:51:00,ATM-3,PUT,125.95,128.6,124.65,125.7,86775,2870855,16.65601,23100,23241.75
2026-06-03 10:51:00,ATM-2,CALL,269.3,271,266.3,270.1,12480,443625,16.049339,23150,23241.75
2026-06-03 10:51:00,ATM-2,PUT,144.65,147.65,143.4,144.45,70265,1594125,16.623204,23150,23241.75
2026-06-03 10:51:00,ATM-1,CALL,239.9,241.55,237.45,240.65,127530,3119610,16.016221,23200,23241.75
2026-06-03 10:51:00,ATM-1,PUT,166.1,168.65,163.8,165,202800,4836325,16.584673,23200,23241.75
2026-06-03 10:51:00,ATM,CALL,212.9,213.85,210.35,212.75,132665,3523910,15.948104,23250,23241.75
2026-06-03 10:51:00,ATM,PUT,187.7,191.8,186.55,187.6,156910,3542500,16.557436,23250,23241.75
2026-06-03 10:51:00,ATM+1,CALL,187.2,188.7,185.4,188,146250,10671440,15.973001,23300,23241.75
2026-06-03 10:51:00,ATM+1,PUT,213.1,216.5,211.05,212.4,158860,6957730,16.551299,23300,23241.75
2026-06-03 10:51:00,ATM+2,CALL,164.9,165.3,162.35,164.3,56550,3435575,15.919107,23350,23241.75
2026-06-03 10:51:00,ATM+2,PUT,239.55,243.9,238,238.8,32175,1591005,16.517062,23350,23241.75
2026-06-03 10:51:00,ATM+3,CALL,143.95,144.45,141.85,143.4,82615,6257290,15.930919,23400,23241.75
2026-06-03 10:51:00,ATM+3,PUT,269.4,273,267,267.65,34320,3427515,16.52573,23400,23241.75
2026-06-03 10:51:00,ATM+4,CALL,124.8,125.3,123,124.35,38480,2442505,15.934644,23450,23241.75
2026-06-03 10:51:00,ATM+4,PUT,300.4,303.15,297.75,298.3,9295,741000,16.527567,23450,23241.75
2026-06-03 10:51:00,ATM+5,CALL,107.7,108.3,106.3,107.8,92365,9315605,15.993127,23500,23241.75
2026-06-03 10:51:00,ATM+5,PUT,333.2,337,330.1,332,19435,3573180,16.637642,23500,23241.75
2026-06-03 10:51:00,ATM+6,CALL,92.45,93.05,91.4,92.35,35685,2077920,15.990973,23550,23241.75
2026-06-03 10:51:00,ATM+6,PUT,367.55,370.15,365.85,366.75,5070,391690,16.69223,23550,23241.75
2026-06-03 10:51:00,ATM+7,CALL,79.2,79.5,78.15,79.1,61230,5666570,16.036718,23600,23241.75
2026-06-03 10:51:00,ATM+7,PUT,403.65,408.55,401.55,401.55,3835,2079870,16.595372,23600,23241.75
2026-06-03 10:51:00,ATM+8,CALL,67.2,67.85,66.65,67.35,32370,1646320,16.077072,23650,23241.75
2026-06-03 10:51:00,ATM+8,PUT,442.8,445.15,442.5,442.5,1170,236730,16.959801,23650,23241.75
2026-06-03 10:51:00,ATM+9,CALL,57.25,57.55,56.6,57,32370,5582395,16.112705,23700,23241.75
2026-06-03 10:51:00,ATM+9,PUT,480.65,486.5,479.25,479.25,2470,2354105,16.749081,23700,23241.75
2026-06-03 10:51:00,ATM+10,CALL,48.35,48.8,48,48.5,18005,1779960,16.212768,23750,23241.75
2026-06-03 10:51:00,ATM+10,PUT,524,525.45,523.85,525.45,520,140205,17.463329,23750,23241.75
2026-06-03 10:52:00,ATM-2,CALL,269.95,270.5,267.7,269.8,8060,444470,15.999258,23150,23242.25
2026-06-03 10:52:00,ATM-2,PUT,144.4,146.6,144,145.1,97890,1618110,16.695361,23150,23242.25
2026-06-03 10:52:00,ATM-1,CALL,240.85,241.15,238.6,240.25,90480,3146910,15.960655,23200,23242.25
2026-06-03 10:52:00,ATM-1,PUT,164.7,167.5,164.55,165.6,133055,4828525,16.65273,23200,23242.25
2026-06-03 10:52:00,ATM,CALL,212.8,213.8,211,212.6,95095,3535350,15.915271,23250,23242.25
2026-06-03 10:52:00,ATM,PUT,187.45,190.65,187.3,189,103740,3538925,16.691477,23250,23242.25
2026-06-03 10:52:00,ATM+1,CALL,188.1,188.3,185.9,187.65,145925,10671180,15.925626,23300,23242.25
2026-06-03 10:52:00,ATM+1,PUT,212,215.55,211.8,213,92495,6952920,16.621499,23300,23242.25
2026-06-03 10:52:00,ATM+2,CALL,164.7,165,163,164.1,48685,3422120,15.885297,23350,23242.25
2026-06-03 10:52:00,ATM+2,PUT,239.5,242.4,238.55,240,17290,1591980,16.638453,23350,23242.25
2026-06-03 10:52:00,ATM+3,CALL,143.65,144,142.45,143.3,59085,6255665,15.906471,23400,23242.25
2026-06-03 10:52:00,ATM+3,PUT,267.95,271.05,267.2,268.5,41535,3438435,16.621556,23400,23242.25
2026-06-03 10:52:00,ATM+4,CALL,124.75,124.75,123.65,124.25,31850,2438930,15.911126,23450,23242.25
2026-06-03 10:52:00,ATM+4,PUT,299.45,302.35,298.3,298.9,5525,741390,16.606105,23450,23242.25
2026-06-03 10:52:00,ATM+5,CALL,107.8,108.1,106.8,107.4,63050,9307285,15.943583,23500,23242.25
2026-06-03 10:52:00,ATM+5,PUT,334.75,335,331.1,333.6,36465,3573115,16.808691,23500,23242.25
2026-06-03 10:52:00,ATM+6,CALL,92.55,92.8,91.75,92.5,21125,2078570,15.992001,23550,23242.25
2026-06-03 10:52:00,ATM+6,PUT,368.75,370.2,365.6,366.65,1300,391625,16.715584,23550,23242.25
2026-06-03 10:52:00,ATM+7,CALL,79,79.35,78.35,78.85,42770,5667675,15.999833,23600,23242.25
2026-06-03 10:52:00,ATM+7,PUT,405,405,401.55,402.35,2925,2079545,16.709264,23600,23242.25
2026-06-03 10:52:00,ATM+8,CALL,67.2,67.6,66.8,67.4,12350,1645735,16.070928,23650,23242.25
2026-06-03 10:52:00,ATM+8,PUT,443.2,443.2,442.5,443.2,195,236730,17.070766,23650,23242.25
2026-06-03 10:52:00,ATM+9,CALL,57.25,57.35,56.7,57.05,28795,5588115,16.107641,23700,23242.25
2026-06-03 10:52:00,ATM+9,PUT,482.7,482.95,479.25,480.8,845,2354495,16.964078,23700,23242.25
2026-06-03 10:52:00,ATM+10,CALL,48.45,48.6,48,48.45,10725,1785355,16.196432,23750,23242.25
2026-06-03 10:52:00,ATM+10,PUT,523.9,525.45,522.7,522.7,195,140205,17.189158,23750,23242.25
2026-06-03 10:53:00,ATM-1,CALL,239.9,240.25,233.75,233.75,172900,3154840,15.972363,23200,23230.55
2026-06-03 10:53:00,ATM-1,PUT,166.2,173.4,165.6,172.3,558155,4766060,16.785211,23200,23230.55
2026-06-03 10:53:00,ATM,CALL,212.4,212.6,207,207.2,215085,3558685,15.978125,23250,23230.55
2026-06-03 10:53:00,ATM,PUT,188.4,197,188.4,195.75,471575,3520855,16.789883,23250,23230.55
2026-06-03 10:53:00,ATM+1,CALL,187.75,187.75,182.45,182.95,275860,10629060,16.006807,23300,23230.55
2026-06-03 10:53:00,ATM+1,PUT,212.9,222.25,212.9,221.55,402285,6935435,16.829478,23300,23230.55
2026-06-03 10:53:00,ATM+2,CALL,164.35,164.35,159.85,160.15,84240,3426280,15.990007,23350,23230.55
2026-06-03 10:53:00,ATM+2,PUT,240.4,249.25,240,249,62725,1593280,16.848156,23350,23230.55
2026-06-03 10:53:00,ATM+3,CALL,143.5,143.5,139.6,139.6,141115,6252155,15.995337,23400,23230.55
2026-06-03 10:53:00,ATM+3,PUT,271.3,279,268.5,278.1,94640,3447340,16.847949,23400,23230.55
2026-06-03 10:53:00,ATM+4,CALL,123.7,124.25,121.05,121.05,59475,2443025,16.006811,23450,23230.55
2026-06-03 10:53:00,ATM+4,PUT,300.35,310.4,298.9,310.2,15730,740740,16.947331,23450,23230.55
2026-06-03 10:53:00,ATM+5,CALL,107.45,107.45,104.7,104.7,174720,9292270,16.049193,23500,23230.55
2026-06-03 10:53:00,ATM+5,PUT,333.3,343.7,333.3,343.5,58500,3573180,17.001932,23500,23230.55
2026-06-03 10:53:00,ATM+6,CALL,92.35,92.5,90,90,60970,2080585,16.083121,23550,23230.55
2026-06-03 10:53:00,ATM+6,PUT,370.4,379.1,366.65,379.1,7670,391560,17.116629,23550,23230.55
2026-06-03 10:53:00,ATM+7,CALL,78.8,78.85,77,77.1,86775,5679375,16.132411,23600,23230.55
2026-06-03 10:53:00,ATM+7,PUT,407,415.75,402.35,415.3,11375,2077335,17.14378,23600,23230.55
2026-06-03 10:53:00,ATM+8,CALL,67.2,67.4,65.7,65.75,48490,1647230,16.185235,23650,23230.55
2026-06-03 10:53:00,ATM+8,PUT,445.9,455,443.2,455,2015,236925,17.378626,23650,23230.55
2026-06-03 10:53:00,ATM+9,CALL,56.75,57.05,55.9,55.9,89375,5578105,16.250153,23700,23230.55
2026-06-03 10:53:00,ATM+9,PUT,485.3,495,480.8,494.5,3185,2354365,17.465887,23700,23230.55
2026-06-03 10:53:00,ATM+10,CALL,48.05,48.45,47.45,47.45,32175,1785225,16.332713,23750,23230.55
2026-06-03 10:53:00,ATM+10,PUT,525,536,522.7,536,1690,140010,17.646449,23750,23230.55
2026-06-03 10:54:00,ATM,CALL,207.5,215.6,207.2,214.95,203840,3572725,16.048354,23250,23243.65
2026-06-03 10:54:00,ATM,PUT,195.8,195.8,185.2,185.2,298220,3540030,16.436592,23250,23243.65
2026-06-03 10:54:00,ATM+1,CALL,183,190,182.6,190,264810,10645440,16.062901,23300,23243.65
2026-06-03 10:54:00,ATM+1,PUT,221.2,221.55,209.55,210.05,318695,6889870,16.440863,23300,23243.65
2026-06-03 10:54:00,ATM+2,CALL,160.2,166.75,160,166.05,100815,3434080,15.995402,23350,23243.65
2026-06-03 10:54:00,ATM+2,PUT,249.1,249.1,235.9,236.8,82225,1603550,16.440532,23350,23243.65
2026-06-03 10:54:00,ATM+3,CALL,139.8,145.6,139.6,145.3,176930,6268145,16.027257,23400,23243.65
2026-06-03 10:54:00,ATM+3,PUT,278.8,278.8,265,266,81120,3464500,16.483051,23400,23243.65
2026-06-03 10:54:00,ATM+4,CALL,121,126.1,121,125.75,67535,2452515,15.997027,23450,23243.65
2026-06-03 10:54:00,ATM+4,PUT,309.7,310.2,296,296.45,18850,744315,16.472664,23450,23243.65
2026-06-03 10:54:00,ATM+5,CALL,104.8,109.3,104.7,109.15,162760,9318075,16.059502,23500,23243.65
2026-06-03 10:54:00,ATM+5,PUT,342.3,343.5,328.2,328.25,35945,3580980,16.418607,23500,23243.65
2026-06-03 10:54:00,ATM+6,CALL,90.15,94,90,93.55,50830,2087345,16.052738,23550,23243.65
2026-06-03 10:54:00,ATM+6,PUT,377,379.1,365,365,3640,390000,16.654013,23550,23243.65
2026-06-03 10:54:00,ATM+7,CALL,77.05,80.2,77.05,80.15,111605,5684055,16.093288,23600,23243.65
2026-06-03 10:54:00,ATM+7,PUT,414.7,415.3,398.75,398.75,10400,2076165,16.458649,23600,23243.65
2026-06-03 10:54:00,ATM+8,CALL,66.05,68.5,65.75,68.2,34320,1641835,16.122414,23650,23243.65
2026-06-03 10:54:00,ATM+8,PUT,448.4,455,443.65,443.65,845,236925,17.225067,23650,23243.65
2026-06-03 10:54:00,ATM+9,CALL,56,58.1,55.9,58.1,67795,5578170,16.195807,23700,23243.65
2026-06-03 10:54:00,ATM+9,PUT,490.55,494.5,477,477,2080,2353195,16.666401,23700,23243.65
2026-06-03 10:54:00,ATM+10,CALL,47.6,49.25,47.45,49.1,28145,1786135,16.247147,23750,23243.65
2026-06-03 10:54:00,ATM+10,PUT,526.6,536,526.6,527,2600,140010,17.818598,23750,23243.65
2026-06-03 10:55:00,ATM+1,CALL,189.45,190.25,187.15,188.4,301925,10661495,16.02165,23300,23241.45
2026-06-03 10:55:00,ATM+1,PUT,210.2,214.15,209.5,212.2,218790,6904885,16.525436,23300,23241.45
2026-06-03 10:55:00,ATM+2,CALL,166.1,166.9,164,165.45,73320,3427645,16.028524,23350,23241.45
2026-06-03 10:55:00,ATM+2,PUT,237.3,241.25,236.3,239.2,46020,1603420,16.539122,23350,23241.45
2026-06-03 10:55:00,ATM+3,CALL,144.95,145.5,143.15,143.7,108225,6244810,15.970264,23400,23241.45
2026-06-03 10:55:00,ATM+3,PUT,265.55,270.05,265.2,268.9,69160,3437330,16.617877,23400,23241.45
2026-06-03 10:55:00,ATM+4,CALL,126.1,126.35,124.25,124.95,48750,2453230,15.9997,23450,23241.45
2026-06-03 10:55:00,ATM+4,PUT,296.2,301.5,296,299.25,20865,744445,16.595383,23450,23241.45
2026-06-03 10:55:00,ATM+5,CALL,108.75,109.4,107.4,107.95,154830,9326590,16.019414,23500,23241.45
2026-06-03 10:55:00,ATM+5,PUT,328.8,334.1,328.25,332.15,38155,3567915,16.635961,23500,23241.45
2026-06-03 10:55:00,ATM+6,CALL,93.5,94,92.4,92.95,41405,2085070,16.059363,23550,23241.45
2026-06-03 10:55:00,ATM+6,PUT,364.3,367.5,364.1,366.7,6435,393055,16.670845,23550,23241.45
2026-06-03 10:55:00,ATM+7,CALL,80.2,80.35,78.95,79.5,141960,5684770,16.088083,23600,23241.45
2026-06-03 10:55:00,ATM+7,PUT,399,404.45,398.75,402.75,12025,2074670,16.693438,23600,23241.45
2026-06-03 10:55:00,ATM+8,CALL,68.4,68.6,67.4,67.8,30940,1645410,16.135933,23650,23241.45
2026-06-03 10:55:00,ATM+8,PUT,436.95,443.65,436.95,441.1,2925,236145,16.794435,23650,23241.45
2026-06-03 10:55:00,ATM+9,CALL,57.8,58.15,57.25,57.55,51675,5574010,16.186195,23700,23241.45
2026-06-03 10:55:00,ATM+9,PUT,477.8,481.25,476.85,480.7,4160,2353260,16.885639,23700,23241.45
2026-06-03 10:55:00,ATM+10,CALL,49.15,49.2,48.5,48.55,20800,1780155,16.229519,23750,23241.45
2026-06-03 10:55:00,ATM+10,PUT,520.1,527,520.1,522.45,3120,141180,17.085078,23750,23241.45
2026-06-03 10:56:00,ATM+2,PUT,238.55,243.8,238.55,243.75,31590,1608685,16.57398,23350,23233.95
2026-06-03 10:56:00,ATM+3,CALL,144,144.5,142.15,142.6,106990,6233630,16.134879,23400,23233.95
2026-06-03 10:56:00,ATM+3,PUT,268.2,273,267.4,272.35,40300,3436550,16.53767,23400,23233.95
2026-06-03 10:56:00,ATM+4,CALL,125.2,125.35,123.35,123.4,30615,2457520,16.105552,23450,23233.95
2026-06-03 10:56:00,ATM+4,PUT,299,304.2,298.8,303.5,7865,747825,16.557553,23450,23233.95
2026-06-03 10:56:00,ATM+5,CALL,108.15,108.5,106.9,107,75400,9338030,16.158332,23500,23233.95
2026-06-03 10:56:00,ATM+5,PUT,331.65,337,331.4,335.95,16640,3567005,16.532757,23500,23233.95
2026-06-03 10:56:00,ATM+6,CALL,93.1,93.3,91.85,92,38935,2088385,16.180404,23550,23233.95
2026-06-03 10:56:00,ATM+6,PUT,367.05,371.8,366.7,371.55,4615,394485,16.6369,23550,23233.95
2026-06-03 10:56:00,ATM+7,CALL,79.5,79.65,78.4,78.6,46865,5693090,16.196488,23600,23233.95
2026-06-03 10:56:00,ATM+7,PUT,403.65,408.5,402.75,407.55,10270,2074865,16.62869,23600,23233.95
2026-06-03 10:56:00,ATM+8,CALL,67.9,67.9,66.9,67.1,23270,1643850,16.248478,23650,23233.95
2026-06-03 10:56:00,ATM+8,PUT,441.9,446.35,441.1,446.35,195,236340,16.749606,23650,23233.95
2026-06-03 10:56:00,ATM+9,CALL,57.4,57.6,56.8,57,52065,5577130,16.30023,23700,23233.95
2026-06-03 10:56:00,ATM+9,PUT,479.05,486,479.05,485.8,2730,2353325,16.797785,23700,23233.95
2026-06-03 10:56:00,ATM+10,CALL,48.65,48.85,48.25,48.35,19240,1780415,16.372575,23750,23233.95
2026-06-03 10:56:00,ATM+10,PUT,524.65,527.7,522.45,527.7,260,143715,16.987506,23750,23233.95
2026-06-03 10:57:00,ATM+3,CALL,162.6,163.55,158.2,158.5,126880,3435575,16.182837,23350,23221.55
2026-06-03 10:57:00,ATM+3,PUT,243.6,253.25,243.6,253.25,82290,1610180,16.786641,23350,23221.55
2026-06-03 10:57:00,ATM+4,CALL,142,142.6,138.2,138.2,164255,6211660,16.183483,23400,23221.55
2026-06-03 10:57:00,ATM+4,PUT,273.45,283.15,272.35,282.75,139815,3430635,16.790375,23400,23221.55
2026-06-03 10:57:00,ATM+5,CALL,123.25,123.4,120,120.3,83850,2455375,16.22746,23450,23221.55
2026-06-03 10:57:00,ATM+5,PUT,304.05,314.65,303.5,313.85,37310,747175,16.773675,23450,23221.55
2026-06-03 10:57:00,ATM+6,CALL,107,107,104,104.2,187395,9321910,16.271835,23500,23221.55
2026-06-03 10:57:00,ATM+6,PUT,336.75,347.65,335.95,347.65,72540,3569345,16.838509,23500,23221.55
2026-06-03 10:57:00,ATM+7,CALL,92,92,89.45,89.5,67600,2091830,16.287363,23550,23221.55
2026-06-03 10:57:00,ATM+7,PUT,374,383.35,371.55,383.35,6565,396955,16.927709,23550,23221.55
2026-06-03 10:57:00,ATM+8,CALL,78.3,78.6,76.55,76.55,147030,5689645,16.314383,23600,23221.55
2026-06-03 10:57:00,ATM+8,PUT,408.6,420,407.55,419.1,20605,2074930,16.871353,23600,23221.55
2026-06-03 10:57:00,ATM+9,CALL,66.9,67.1,65.4,65.6,48945,1645410,16.393593,23650,23221.55
2026-06-03 10:57:00,ATM+9,PUT,450.1,458.1,446.35,455.4,2275,236795,16.704371,23650,23221.55
2026-06-03 10:57:00,ATM+10,CALL,56.85,57,55.65,55.65,68055,5570435,16.434056,23700,23221.55
2026-06-03 10:57:00,ATM+10,PUT,490,499.4,485.8,499.4,2990,2352220,17.227022,23700,23221.55
2026-06-03 10:58:00,ATM+4,PUT,315,315.9,303.15,308.55,39910,752570,16.860284,23450,23231.5
2026-06-03 10:58:00,ATM+5,CALL,103.5,106.6,103.3,105.1,190190,9343360,16.062188,23500,23231.5
2026-06-03 10:58:00,ATM+5,PUT,349.05,349.2,336.45,343.4,61295,3572985,17.052303,23500,23231.5
2026-06-03 10:58:00,ATM+6,CALL,89.3,91.85,88.9,90.45,43290,2089425,16.104326,23550,23231.5
2026-06-03 10:58:00,ATM+6,PUT,384.2,384.85,372.1,375.4,6630,398515,16.837352,23550,23231.5
2026-06-03 10:58:00,ATM+7,CALL,76.5,78.55,76.1,77.2,128310,5705180,16.122641,23600,23231.5
2026-06-03 10:58:00,ATM+7,PUT,420,421.15,407.25,411.3,13910,2073240,16.822567,23600,23231.5
2026-06-03 10:58:00,ATM+8,CALL,65.15,67.1,65.1,66.05,71370,1612910,16.198898,23650,23231.5
2026-06-03 10:58:00,ATM+8,PUT,459.2,459.9,447.65,450.45,2535,237055,16.984375,23650,23231.5
2026-06-03 10:58:00,ATM+9,CALL,55.7,57,55.35,56.3,96525,5571540,16.279035,23700,23231.5
2026-06-03 10:58:00,ATM+9,PUT,498.45,500.05,489.65,493.3,4290,2352025,17.418301,23700,23231.5
2026-06-03 10:58:00,ATM+10,CALL,47.1,48.3,47,47.7,30940,1784640,16.347878,23750,23231.5
2026-06-03 10:58:00,ATM+10,PUT,543,543,535.95,535.95,975,143000,17.732776,23750,23231.5
2026-06-03 10:59:00,ATM+5,PUT,339.85,344.7,337.45,343.7,20800,3571295,16.827808,23500,23227.25
2026-06-03 10:59:00,ATM+6,CALL,90.6,91.4,89.65,89.85,31070,2098525,16.165891,23550,23227.25
2026-06-03 10:59:00,ATM+6,PUT,372.85,379.45,372.85,378.35,2015,397540,16.835672,23550,23227.25
2026-06-03 10:59:00,ATM+7,CALL,77.55,78,76.55,76.65,117715,5734560,16.178875,23600,23227.25
2026-06-03 10:59:00,ATM+7,PUT,411.8,417.45,409.1,415,5590,2072070,16.881238,23600,23227.25
2026-06-03 10:59:00,ATM+8,CALL,66.3,66.55,65.5,65.55,12285,1607580,16.250656,23650,23227.25
2026-06-03 10:59:00,ATM+8,PUT,455.1,455.1,450.45,454.8,260,237315,17.101981,23650,23227.25
2026-06-03 10:59:00,ATM+9,CALL,56.25,56.55,55.55,55.65,106275,5626335,16.303839,23700,23227.25
2026-06-03 10:59:00,ATM+9,PUT,486.9,494.6,486.7,494.3,1430,2351830,17.160062,23700,23227.25
2026-06-03 10:59:00,ATM+10,CALL,47.65,47.9,47.1,47.1,17030,1788345,16.367519,23750,23227.25
2026-06-03 10:59:00,ATM+10,PUT,535.95,536.2,535.95,536.2,195,143000,17.357081,23750,23227.25
2026-06-03 11:00:00,ATM+7,PUT,382,385.3,378.35,384.55,1755,397150,17.002641,23550,23220.95
2026-06-03 11:00:00,ATM+8,CALL,76.7,76.95,75.65,75.75,80405,5752110,16.252032,23600,23220.95
2026-06-03 11:00:00,ATM+8,PUT,414.05,421.65,414,421.35,6825,2074540,17.052674,23600,23220.95
2026-06-03 11:00:00,ATM+9,CALL,65.35,65.7,64.5,64.8,34515,1615185,16.324839,23650,23220.95
2026-06-03 11:00:00,ATM+9,PUT,460,461,454.8,461,780,237380,17.249745,23650,23220.95
2026-06-03 11:00:00,ATM+10,CALL,55.45,55.75,54.95,54.95,56615,5646810,16.369352,23700,23220.95
2026-06-03 11:00:00,ATM+10,PUT,494.3,499.95,493.5,499.25,2600,2352090,17.158261,23700,23220.95
2026-06-03 11:01:00,ATM+9,CALL,54.7,56.2,54.45,56.2,69095,5651295,16.385707,23700,23226.55
2026-06-03 11:01:00,ATM+9,PUT,501.4,506.3,494,494.45,5785,2351440,17.116163,23700,23226.55
2026-06-03 11:01:00,ATM+10,CALL,46.65,47.6,46.2,47.6,26780,1787370,16.447782,23750,23226.55
2026-06-03 11:01:00,ATM+10,PUT,543.1,547.4,534.7,534.7,910,143000,17.10864,23750,23226.55
2026-06-03 11:02:00,ATM+10,CALL,47.65,48.05,47.1,47.9,21905,1789125,16.382328,23750,23231.25
2026-06-03 11:02:00,ATM+10,PUT,533.85,537.7,533.85,534.65,260,143000,17.558525,23750,23231.25
2026-06-03 11:03:00,ATM+10,PUT,489.45,495.5,483.15,495.5,2730,2350790,16.927853,23700,23223.1