datetime,strike_label,option_type,open,high,low,close,volume,oi,iv,strike_price,spot
2025-10-21 13:45:00,ATM-10,CALL,589.95,589.95,570.8,575.5,7575,1716675,6.88,25400,25924.05
2025-10-21 13:45:00,ATM-10,PUT,18,18,13,15.2,600825,4087425,11.25,25400,25924.05
2025-10-21 13:45:00,ATM-9,CALL,522.45,534.7,519.95,523.95,3600,221925,0,25450,25924.05
2025-10-21 13:45:00,ATM-9,PUT,21.75,21.75,15.3,18.5,321225,1075200,11.04,25450,25924.05
2025-10-21 13:45:00,ATM-8,CALL,491,495,474.95,481.3,64275,4128225,8.01,25500,25924.05
2025-10-21 13:45:00,ATM-8,PUT,24.15,25.5,18.65,21.6,852225,7565175,10.71,25500,25924.05
2025-10-21 13:45:00,ATM-7,CALL,406.3,442.95,406.3,437.55,3900,226050,8.55,25550,25924.05
2025-10-21 13:45:00,ATM-7,PUT,29.1,29.65,22.3,26.65,530175,1046250,10.55,25550,25924.05
2025-10-21 13:45:00,ATM-6,CALL,396,405.75,383.9,390.65,55050,1934625,8.25,25600,25924.05
2025-10-21 13:45:00,ATM-6,PUT,38,38,27.4,32.7,672525,4387875,10.37,25600,25924.05
2025-10-21 13:45:00,ATM-5,CALL,359.2,364.05,342.35,349.75,23850,453975,8.57,25650,25924.05
2025-10-21 13:45:00,ATM-5,PUT,32.55,42,32.55,40.2,337875,1129125,10.22,25650,25924.05
2025-10-21 13:45:00,ATM-4,CALL,321,322,297.3,307.8,259725,2197950,8.51,25700,25924.05
2025-10-21 13:45:00,ATM-4,PUT,45,53.95,39.25,48.9,954675,6076875,10.04,25700,25924.05
2025-10-21 13:45:00,ATM-3,CALL,267.45,284.85,261,269.1,155625,627825,8.55,25750,25924.05
2025-10-21 13:45:00,ATM-3,PUT,66.05,66.05,52.25,60.25,374925,1032750,9.94,25750,25924.05
2025-10-21 13:45:00,ATM-2,CALL,245,245,222.55,233.45,923250,4645200,8.63,25800,25924.05
2025-10-21 13:45:00,ATM-2,PUT,80,80,64.9,74.85,942750,4282200,9.93,25800,25924.05
2025-10-21 13:45:00,ATM-1,CALL,189.25,209.85,189.25,200.05,905250,1958475,8.67,25850,25924.05
2025-10-21 13:45:00,ATM-1,PUT,94.05,94.05,80.35,90.6,661500,1684275,9.83,25850,25924.05
2025-10-21 13:45:00,ATM,CALL,197.95,199.9,162.35,170.75,3084525,5612025,8.79,25900,25924.05
2025-10-21 13:45:00,ATM,PUT,112.05,117.45,99.45,110.4,1798425,3268425,9.84,25900,25924.05
2025-10-21 13:45:00,ATM+1,CALL,137.4,149.9,136.4,143.45,2064150,1994100,8.83,25950,25924.05
2025-10-21 13:45:00,ATM+1,PUT,129.9,136.35,120.3,132.9,757275,688950,9.85,25950,25924.05
2025-10-21 13:45:00,ATM+2,CALL,119.85,125,111.45,118.35,3480075,9572325,8.81,26000,25924.05
2025-10-21 13:45:00,ATM+2,PUT,164.05,164.85,145.15,158.4,852750,3314550,9.87,26000,25924.05
2025-10-21 13:45:00,ATM+3,CALL,89.5,109.95,89.5,96.15,1201575,1359600,8.79,26050,25924.05
2025-10-21 13:45:00,ATM+3,PUT,194.05,194.05,170.3,187.5,92550,220500,9.98,26050,25924.05
2025-10-21 13:45:00,ATM+4,CALL,80,84.75,73.7,77.6,1769475,5015100,8.81,26100,25924.05
2025-10-21 13:45:00,ATM+4,PUT,224.05,229.6,202.85,217.35,152475,338925,9.94,26100,25924.05
2025-10-21 13:45:00,ATM+5,CALL,51.9,66.55,51.9,62.05,839400,1509825,8.85,26150,25924.05
2025-10-21 13:45:00,ATM+5,PUT,259,259,234.9,252.55,23625,46650,10.11,26150,25924.05
2025-10-21 13:45:00,ATM+6,CALL,47.25,52.55,46,49.55,1809000,5982900,8.94,26200,25924.05
2025-10-21 13:45:00,ATM+6,PUT,278,292.6,270.75,288.9,57000,402450,10.2,26200,25924.05
2025-10-21 13:45:00,ATM+7,CALL,42.5,42.5,36.05,38.6,650775,1195200,8.95,26250,25924.05
2025-10-21 13:45:00,ATM+7,PUT,363.5,363.5,317.05,327.25,6600,18750,10.31,26250,25924.05
2025-10-21 13:45:00,ATM+8,CALL,30,35,27.25,30,1207200,4756200,9.02,26300,25924.05
2025-10-21 13:45:00,ATM+8,PUT,358.5,372,358.45,369.75,5850,122475,10.63,26300,25924.05
2025-10-21 13:45:00,ATM+9,CALL,21.15,26.45,21.15,23.5,733275,1233675,9.13,26350,25924.05
2025-10-21 13:45:00,ATM+10,CALL,16.3,21.05,12.35,18.05,1031775,3292725,9.22,26400,25924.05
2025-10-21 13:45:00,ATM+10,PUT,460.65,460.65,455.35,455.35,525,141525,10.97,26400,25924.05
2025-10-21 13:46:00,ATM-10,CALL,572.95,573.25,562.2,572.25,3825,1716675,8.44,25400,25920.2
2025-10-21 13:46:00,ATM-10,PUT,15.4,17.95,15.4,17.5,405525,4087425,11.55,25400,25920.2
2025-10-21 13:46:00,ATM-9,CALL,516.65,522.05,516.65,522.05,975,221925,7.71,25450,25920.2
2025-10-21 13:46:00,ATM-9,PUT,18.7,21.35,18.7,20.55,209625,1075200,11.26,25450,25920.2
2025-10-21 13:46:00,ATM-8,CALL,481.55,481.55,468.65,478.05,42150,4128225,8.61,25500,25920.2
2025-10-21 13:46:00,ATM-8,PUT,23.15,25.1,22.55,24.6,875550,7565175,11.02,25500,25920.2
2025-10-21 13:46:00,ATM-7,CALL,434.3,435.45,424.8,432.6,2475,226050,8.67,25550,25920.2
2025-10-21 13:46:00,ATM-7,PUT,26.95,30,26.7,28.9,287850,1046250,10.72,25550,25920.2
2025-10-21 13:46:00,ATM-6,CALL,391.7,392.5,380,388.2,27450,1934625,8.68,25600,25920.2
2025-10-21 13:46:00,ATM-6,PUT,32.85,36,32.55,35.7,416775,4387875,10.59,25600,25920.2
2025-10-21 13:46:00,ATM-5,CALL,349.45,349.45,338.05,346.55,9525,453975,8.81,25650,25920.2
2025-10-21 13:46:00,ATM-5,PUT,40.3,43.95,39.75,43.55,261150,1129125,10.43,25650,25920.2
2025-10-21 13:46:00,ATM-4,CALL,308.15,308.4,296.6,304,140025,2197950,8.63,25700,25920.2
2025-10-21 13:46:00,ATM-4,PUT,48.8,53.1,48.3,52.85,630900,6076875,10.26,25700,25920.2
2025-10-21 13:46:00,ATM-3,CALL,270,270.95,257.9,267.25,64875,627825,8.79,25750,25920.2
2025-10-21 13:46:00,ATM-3,PUT,60.7,64.7,59.5,64.7,325725,1032750,10.17,25750,25920.2
2025-10-21 13:46:00,ATM-2,CALL,233.65,233.65,222.2,231.4,490575,4645200,8.82,25800,25920.2
2025-10-21 13:46:00,ATM-2,PUT,74,78.4,73.05,77.4,792750,4282200,9.98,25800,25920.2
2025-10-21 13:46:00,ATM-1,CALL,199.8,200,190.5,199.15,448050,1958475,8.9,25850,25920.2
2025-10-21 13:46:00,ATM-1,PUT,91.7,95.7,88.85,93.25,648000,1684275,9.86,25850,25920.2
2025-10-21 13:46:00,ATM,CALL,170.15,170.5,159.85,168.05,1842975,5612025,8.86,25900,25920.2
2025-10-21 13:46:00,ATM,PUT,110.6,114.5,107.6,114.5,1693050,3268425,9.95,25900,25920.2
2025-10-21 13:46:00,ATM+1,CALL,142.9,143.3,133,140.5,1265100,1994100,8.85,25950,25920.2
2025-10-21 13:46:00,ATM+1,PUT,133.15,137.1,130.55,136.7,742275,688950,9.91,25950,25920.2
2025-10-21 13:46:00,ATM+2,CALL,117.75,118.15,108.2,114.9,2250150,9572325,8.78,26000,25920.2
2025-10-21 13:46:00,ATM+2,PUT,158.1,162.5,155,162.5,617775,3314550,9.94,26000,25920.2
2025-10-21 13:46:00,ATM+3,CALL,96.25,96.25,87.55,93.05,683175,1359600,8.75,26050,25920.2
2025-10-21 13:46:00,ATM+3,PUT,185.3,191.05,183.1,191,71100,220500,9.96,26050,25920.2
2025-10-21 13:46:00,ATM+4,CALL,77.5,77.5,69.15,74.25,1081050,5015100,8.73,26100,25920.2
2025-10-21 13:46:00,ATM+4,PUT,217.75,220.7,215.8,220.05,116850,338925,9.85,26100,25920.2
2025-10-21 13:46:00,ATM+5,CALL,61.95,62,55.6,58.75,601050,1509825,8.74,26150,25920.2
2025-10-21 13:46:00,ATM+5,PUT,251.2,259.95,249.75,255.9,21525,46650,10.05,26150,25920.2
2025-10-21 13:46:00,ATM+6,CALL,48.55,48.55,42.45,45.95,1500000,5982900,8.76,26200,25920.2
2025-10-21 13:46:00,ATM+6,PUT,287.4,296.85,286.9,291.4,35925,402450,10.05,26200,25920.2
2025-10-21 13:46:00,ATM+7,CALL,38.6,38.6,33.4,35.8,454575,1195200,8.82,26250,25920.2
2025-10-21 13:46:00,ATM+7,PUT,327.25,334.4,326.6,331.55,1425,18750,10.27,26250,25920.2
2025-10-21 13:46:00,ATM+8,CALL,29.95,29.95,25.8,27.6,802425,4756200,8.88,26300,25920.2
2025-10-21 13:46:00,ATM+8,PUT,370,378.5,368.15,372.05,6225,122475,10.38,26300,25920.2
2025-10-21 13:46:00,ATM+9,CALL,23.45,23.45,20.2,21.4,492825,1233675,8.98,26350,25920.2
2025-10-21 13:46:00,ATM+9,PUT,413,413,413,413,1800,6375,10.37,26350,25920.2
2025-10-21 13:46:00,ATM+10,CALL,18.25,18.25,15.65,16.25,761625,3292725,9.04,26400,25920.2
2025-10-21 13:46:00,ATM+10,PUT,456.95,464.1,456.95,459.4,1125,141525,10.83,26400,25920.2
2025-10-21 13:47:00,ATM-10,CALL,566.25,569.35,564.6,569.35,19200,1716675,7.73,25400,25916
2025-10-21 13:47:00,ATM-10,PUT,17.65,17.8,16.75,17,273675,4087425,11.45,25400,25916
2025-10-21 13:47:00,ATM-9,CALL,525.3,525.3,516.8,516.8,150,221925,0,25450,25916
2025-10-21 13:47:00,ATM-9,PUT,20.85,20.85,19.85,20.3,129225,1075200,11.21,25450,25916
2025-10-21 13:47:00,ATM-8,CALL,479.6,479.6,471,472.05,10800,4128225,7.46,25500,25916
2025-10-21 13:47:00,ATM-8,PUT,24.4,24.5,23.6,24.25,1083975,7565175,10.96,25500,25916
2025-10-21 13:47:00,ATM-7,CALL,429.75,432.1,428,428,3075,226050,8.09,25550,25916
2025-10-21 13:47:00,ATM-7,PUT,30.25,30.45,28.45,29.35,185550,1046250,10.75,25550,25916
2025-10-21 13:47:00,ATM-6,CALL,389.25,389.25,383.05,383.05,15675,1934625,8.11,25600,25916
2025-10-21 13:47:00,ATM-6,PUT,35.6,35.85,34.55,35.65,297750,4387875,10.56,25600,25916
2025-10-21 13:47:00,ATM-5,CALL,345.45,348,340.9,341.45,7575,453975,8.35,25650,25916
2025-10-21 13:47:00,ATM-5,PUT,44.25,44.8,42.15,43.7,137775,1129125,10.42,25650,25916
2025-10-21 13:47:00,ATM-4,CALL,305.4,306.7,300.65,301.45,34875,2197950,8.48,25700,25916
2025-10-21 13:47:00,ATM-4,PUT,52.8,54.2,51.4,53.05,407250,6076875,10.25,25700,25916
2025-10-21 13:47:00,ATM-3,CALL,265,268.65,262.55,262.55,27450,627825,8.48,25750,25916
2025-10-21 13:47:00,ATM-3,PUT,65.85,66.35,63.35,64.9,226275,1032750,10.15,25750,25916
2025-10-21 13:47:00,ATM-2,CALL,231.25,232.65,226.55,226.9,236475,4645200,8.54,25800,25916
2025-10-21 13:47:00,ATM-2,PUT,77.65,80.4,77.15,78.95,685575,4282200,10.05,25800,25916
2025-10-21 13:47:00,ATM-1,CALL,198.25,199.25,194.2,194.8,193650,1958475,8.64,25850,25916
2025-10-21 13:47:00,ATM-1,PUT,95.2,97,93.9,96.25,488100,1684275,10.04,25850,25916
2025-10-21 13:47:00,ATM,CALL,166.7,169.8,164.2,164.2,960150,5612025,8.64,25900,25916
2025-10-21 13:47:00,ATM,PUT,115.65,116,112.95,115.5,1092900,3268425,9.98,25900,25916
2025-10-21 13:47:00,ATM+1,CALL,140.7,141.95,136.6,136.85,698775,1994100,8.64,25950,25916
2025-10-21 13:47:00,ATM+1,PUT,135.85,139,135.15,138,608100,688950,9.95,25950,25916
2025-10-21 13:47:00,ATM+2,CALL,115.45,116.4,112.3,112.3,971400,9572325,8.64,26000,25916
2025-10-21 13:47:00,ATM+2,PUT,161.45,163.9,160.35,163.7,367575,3314550,9.96,26000,25916
2025-10-21 13:47:00,ATM+3,CALL,94.35,94.8,91,91,295125,1359600,8.64,26050,25916
2025-10-21 13:47:00,ATM+3,PUT,189.65,192.55,188.5,192.35,46800,220500,10.01,26050,25916
2025-10-21 13:47:00,ATM+4,CALL,73.6,75.5,72,72.25,576600,5015100,8.61,26100,25916
2025-10-21 13:47:00,ATM+4,PUT,223,223.5,219.6,222.9,49200,338925,10,26100,25916
2025-10-21 13:47:00,ATM+5,CALL,58.2,59.55,56.7,56.7,285600,1509825,8.61,26150,25916
2025-10-21 13:47:00,ATM+5,PUT,257.25,258.65,253.75,258.5,14925,46650,10.18,26150,25916
2025-10-21 13:47:00,ATM+6,CALL,46.6,46.6,44.4,44.5,716100,5982900,8.66,26200,25916
2025-10-21 13:47:00,ATM+6,PUT,290.55,296.1,290.55,296,14550,402450,10.35,26200,25916
2025-10-21 13:47:00,ATM+7,CALL,35.4,36.5,34.6,34.6,198900,1195200,8.73,26250,25916
2025-10-21 13:47:00,ATM+7,PUT,334.4,336.2,332.1,335.8,1275,18750,10.56,26250,25916
2025-10-21 13:47:00,ATM+8,CALL,28.15,28.15,26.75,26.75,492900,4756200,8.79,26300,25916
2025-10-21 13:47:00,ATM+8,PUT,372.05,378.4,372.05,377,3825,122475,10.75,26300,25916
2025-10-21 13:47:00,ATM+9,CALL,21.15,21.85,20.6,20.65,227700,1233675,8.9,26350,25916
2025-10-21 13:47:00,ATM+9,PUT,420.95,420.95,420.95,420.95,75,6375,11.09,26350,25916
2025-10-21 13:47:00,ATM+10,CALL,16.15,16.7,15.65,15.65,886125,3292725,8.98,26400,25916
2025-10-21 13:47:00,ATM+10,PUT,459.4,459.4,459.4,459.4,0,141525,10.69,26400,25916
2025-10-21 13:48:00,ATM-10,CALL,567.15,568.9,563.3,564.35,2475,1708425,9.18,25400,25905.9
2025-10-21 13:48:00,ATM-10,PUT,17.1,18.1,16.9,17.55,246900,4272825,11.41,25400,25905.9
2025-10-21 13:48:00,ATM-9,CALL,516.2,516.2,515.4,515.4,300,221250,8.75,25450,25905.9
2025-10-21 13:48:00,ATM-9,PUT,20.2,21.4,20.1,20.75,166200,1108875,11.13,25450,25905.9
2025-10-21 13:48:00,ATM-8,CALL,471.9,474.9,468.7,468.75,7050,4114125,8.73,25500,25905.9
2025-10-21 13:48:00,ATM-8,PUT,24.15,25.25,24,24.75,879825,8241900,10.87,25500,25905.9
2025-10-21 13:48:00,ATM-7,CALL,427.45,427.7,426.1,426.6,1275,227025,9.21,25550,25905.9
2025-10-21 13:48:00,ATM-7,PUT,29.25,30.8,29.05,29.65,216750,1098675,10.62,25550,25905.9
2025-10-21 13:48:00,ATM-6,CALL,386.45,386.45,381.6,381.6,16875,1927500,9.02,25600,25905.9
2025-10-21 13:48:00,ATM-6,PUT,35.45,37.15,35.35,36.2,333900,4522575,10.45,25600,25905.9
2025-10-21 13:48:00,ATM-5,CALL,341.5,344,338.9,338.9,10500,447525,8.94,25650,25905.9
2025-10-21 13:48:00,ATM-5,PUT,43.35,45.35,42.95,44.1,195000,1172550,10.27,25650,25905.9
2025-10-21 13:48:00,ATM-4,CALL,300.9,304,298.85,298.85,34950,2182800,8.94,25700,25905.9
2025-10-21 13:48:00,ATM-4,PUT,52.9,54.85,52.3,53.7,456000,6291750,10.11,25700,25905.9
2025-10-21 13:48:00,ATM-3,CALL,262.9,266,261.2,261.2,18300,634575,8.95,25750,25905.9
2025-10-21 13:48:00,ATM-3,PUT,64.7,67.15,64.05,65.7,228975,1146075,10.01,25750,25905.9
2025-10-21 13:48:00,ATM-2,CALL,227.6,230,225.65,225.65,242775,4666950,8.94,25800,25905.9
2025-10-21 13:48:00,ATM-2,PUT,78.6,81.3,77.95,79.5,551850,4485825,9.86,25800,25905.9
2025-10-21 13:48:00,ATM-1,CALL,194.3,197.15,192.8,192.9,191475,1968750,8.94,25850,25905.9
2025-10-21 13:48:00,ATM-1,PUT,95.7,98.65,95.05,97.4,432975,1978200,9.86,25850,25905.9
2025-10-21 13:48:00,ATM,CALL,164.4,167.25,162.7,163.25,820350,6338400,8.94,25900,25905.9
2025-10-21 13:48:00,ATM,PUT,115.2,117.8,113.8,116.7,1144125,4117575,9.77,25900,25905.9
2025-10-21 13:48:00,ATM+1,CALL,139,139.35,135.6,135.6,647550,3018075,8.9,25950,25905.9
2025-10-21 13:48:00,ATM+1,PUT,137.3,139.95,136.35,138.3,627300,1208625,9.67,25950,25905.9
2025-10-21 13:48:00,ATM+2,CALL,112.4,114.45,110.9,110.9,915300,10446000,8.84,26000,25905.9
2025-10-21 13:48:00,ATM+2,PUT,163,165.7,161.8,164.9,390675,3641700,9.71,26000,25905.9
2025-10-21 13:48:00,ATM+3,CALL,91,92.85,89.2,89.2,288750,1656225,8.78,26050,25905.9
2025-10-21 13:48:00,ATM+3,PUT,191.6,194.3,190.4,193.75,42375,244875,9.71,26050,25905.9
2025-10-21 13:48:00,ATM+4,CALL,71.7,73.55,70.55,70.7,393225,5284500,8.73,26100,25905.9
2025-10-21 13:48:00,ATM+4,PUT,222.55,225,220.5,224.8,55650,403650,9.7,26100,25905.9
2025-10-21 13:48:00,ATM+5,CALL,57.2,58.35,55.7,55.7,301875,1750200,8.74,26150,25905.9
2025-10-21 13:48:00,ATM+5,PUT,257.55,260.3,256.3,259.75,13800,54225,9.77,26150,25905.9
2025-10-21 13:48:00,ATM+6,CALL,44.25,45.35,43,43,678975,5826750,8.72,26200,25905.9
2025-10-21 13:48:00,ATM+6,PUT,294.7,297.75,293.15,295.75,22425,411600,9.76,26200,25905.9
2025-10-21 13:48:00,ATM+7,CALL,34.45,35.35,33.35,33.45,234825,1334850,8.79,26250,25905.9
2025-10-21 13:48:00,ATM+7,PUT,333.55,337,333.55,337,2325,19650,10.02,26250,25905.9
2025-10-21 13:48:00,ATM+8,CALL,26.9,27.2,25.5,25.65,546900,4918200,8.84,26300,25905.9
2025-10-21 13:48:00,ATM+8,PUT,377,378.9,374.05,378.65,2925,125250,10.18,26300,25905.9
2025-10-21 13:48:00,ATM+9,CALL,20.6,21.05,19.65,19.8,310200,1490850,8.94,26350,25905.9
2025-10-21 13:48:00,ATM+9,PUT,420.6,423.35,420.35,423.35,3000,6600,10.52,26350,25905.9
2025-10-21 13:48:00,ATM+10,CALL,15.65,15.95,14.65,14.85,759975,4104000,9,26400,25905.9
2025-10-21 13:48:00,ATM+10,PUT,459.4,459.4,459.4,459.4,0,141525,9.62,26400,25905.9
2025-10-21 13:49:00,ATM-10,CALL,562.85,565,560.05,561.8,2025,1708425,9.64,25400,25903.25
2025-10-21 13:49:00,ATM-10,PUT,17.45,17.75,17.25,17.75,184725,4272825,11.37,25400,25903.25
2025-10-21 13:49:00,ATM-9,CALL,517.1,517.1,514.5,514.5,150,221250,9.48,25450,25903.25
2025-10-21 13:49:00,ATM-9,PUT,20.8,21.2,20.35,21.2,132150,1108875,11.12,25450,25903.25
2025-10-21 13:49:00,ATM-8,CALL,469,472.9,465.95,469.1,13875,4114125,9.52,25500,25903.25
2025-10-21 13:49:00,ATM-8,PUT,24.9,25.3,24.25,25.1,646200,8241900,10.84,25500,25903.25
2025-10-21 13:49:00,ATM-7,CALL,425.5,426.45,425,426.45,675,227025,9.74,25550,25903.25
2025-10-21 13:49:00,ATM-7,PUT,29.8,30.35,29.4,30.35,129225,1098675,10.63,25550,25903.25
2025-10-21 13:49:00,ATM-6,CALL,380,383.6,379,379,22800,1927500,9.18,25600,25903.25
2025-10-21 13:49:00,ATM-6,PUT,36.55,37.1,35.8,37.1,357600,4522575,10.46,25600,25903.25
2025-10-21 13:49:00,ATM-5,CALL,337.75,342.55,336.05,337.25,14925,447525,9.17,25650,25903.25
2025-10-21 13:49:00,ATM-5,PUT,44.3,45.15,43.5,45.15,136050,1172550,10.28,25650,25903.25
2025-10-21 13:49:00,ATM-4,CALL,299.15,301.9,297.45,299.2,28875,2182800,9.31,25700,25903.25
2025-10-21 13:49:00,ATM-4,PUT,53.55,54.95,52.95,54.6,424575,6291750,10.1,25700,25903.25
2025-10-21 13:49:00,ATM-3,CALL,260.65,264.45,259.9,259.9,22950,634575,9.13,25750,25903.25
2025-10-21 13:49:00,ATM-3,PUT,65.8,67.2,64.95,66.75,240450,1146075,9.99,25750,25903.25
2025-10-21 13:49:00,ATM-2,CALL,225.35,227.75,223.75,223.95,188400,4666950,9.06,25800,25903.25
2025-10-21 13:49:00,ATM-2,PUT,80.1,81.65,79,81.05,423600,4485825,9.87,25800,25903.25
2025-10-21 13:49:00,ATM-1,CALL,193.1,195.6,191.3,191.45,152850,1968750,9.03,25850,25903.25
2025-10-21 13:49:00,ATM-1,PUT,97.4,99,96.2,98.8,373425,1978200,9.85,25850,25903.25
2025-10-21 13:49:00,ATM,CALL,163.2,165.5,161.65,161.85,853050,6338400,9.03,25900,25903.25
2025-10-21 13:49:00,ATM,PUT,116.65,118.75,115.65,118.1,1074150,4117575,9.74,25900,25903.25
2025-10-21 13:49:00,ATM+1,CALL,135.5,137.5,134.2,134.65,610200,3018075,8.99,25950,25903.25
2025-10-21 13:49:00,ATM+1,PUT,139.25,141,137.65,140.75,484800,1208625,9.69,25950,25903.25
2025-10-21 13:49:00,ATM+2,CALL,111,112.65,109.5,109.9,1055250,10446000,8.91,26000,25903.25
2025-10-21 13:49:00,ATM+2,PUT,165.7,166.9,163.35,166.9,485250,3641700,9.68,26000,25903.25
2025-10-21 13:49:00,ATM+3,CALL,89.3,91.15,88.05,88.7,357000,1656225,8.87,26050,25903.25
2025-10-21 13:49:00,ATM+3,PUT,193.5,195.7,191.5,195.35,40575,244875,9.64,26050,25903.25
2025-10-21 13:49:00,ATM+4,CALL,70.4,72.25,69.6,69.85,559200,5284500,8.78,26100,25903.25
2025-10-21 13:49:00,ATM+4,PUT,225.15,226.4,222.4,226.4,65925,403650,9.6,26100,25903.25
2025-10-21 13:49:00,ATM+5,CALL,55.75,56.9,54.55,54.9,305550,1750200,8.78,26150,25903.25
2025-10-21 13:49:00,ATM+5,PUT,260.25,262,258,261.45,9675,54225,9.66,26150,25903.25
2025-10-21 13:49:00,ATM+6,CALL,42.85,43.9,42,42.2,806850,5826750,8.75,26200,25903.25
2025-10-21 13:49:00,ATM+6,PUT,296.95,299.55,294.15,299.25,26850,411600,9.77,26200,25903.25
2025-10-21 13:49:00,ATM+7,CALL,33.7,34.2,32.6,32.8,181200,1334850,8.81,26250,25903.25
2025-10-21 13:49:00,ATM+7,PUT,336.35,338.75,335.9,336.6,1950,19650,9.65,26250,25903.25
2025-10-21 13:49:00,ATM+8,CALL,25.6,26.2,24.95,25.1,482550,4918200,8.86,26300,25903.25
2025-10-21 13:49:00,ATM+8,PUT,380,381,376.35,381,2175,125250,10.04,26300,25903.25
2025-10-21 13:49:00,ATM+9,CALL,19.85,20.2,19.2,19.35,177150,1490850,8.95,26350,25903.25
2025-10-21 13:49:00,ATM+9,PUT,423.8,424.05,422.95,424.05,225,6600,10.16,26350,25903.25
2025-10-21 13:49:00,ATM+10,CALL,14.85,15.15,14.4,14.7,511050,4104000,9.03,26400,25903.25
2025-10-21 13:49:00,ATM+10,PUT,469,469.9,469,469.45,450,140850,10.44,26400,25903.25
2025-10-21 13:50:00,ATM-10,CALL,560,563,544,544,6150,1708425,0,25400,25896.85
2025-10-21 13:50:00,ATM-10,PUT,17.75,19,17.15,18.9,353850,4272825,11.49,25400,25896.85
2025-10-21 13:50:00,ATM-9,CALL,519.1,519.1,500.95,500.95,1575,221250,7.1,25450,25896.85
2025-10-21 13:50:00,ATM-9,PUT,21.1,22.5,20.4,22.4,165150,1108875,11.22,25450,25896.85
2025-10-21 13:50:00,ATM-8,CALL,467.85,471.35,450,450,30300,4114125,6.01,25500,25896.85
2025-10-21 13:50:00,ATM-8,PUT,25.1,27,24.25,26.65,1371150,8241900,10.96,25500,25896.85
2025-10-21 13:50:00,ATM-7,CALL,427.9,427.9,409.45,409.45,3525,227025,7.87,25550,25896.85
2025-10-21 13:50:00,ATM-7,PUT,30.65,33.15,29.25,32.85,283125,1098675,10.83,25550,25896.85
2025-10-21 13:50:00,ATM-6,CALL,380.15,384.1,363.55,366.9,28425,1927500,8.2,25600,25896.85
2025-10-21 13:50:00,ATM-6,PUT,37.15,39.65,35.65,39.5,529200,4522575,10.61,25600,25896.85
2025-10-21 13:50:00,ATM-5,CALL,338.6,342.95,324.05,325.85,19500,447525,8.39,25650,25896.85
2025-10-21 13:50:00,ATM-5,PUT,45.05,48.4,43.2,48.3,247575,1172550,10.48,25650,25896.85
2025-10-21 13:50:00,ATM-4,CALL,298.45,301.65,284.3,286,94725,2182800,8.45,25700,25896.85
2025-10-21 13:50:00,ATM-4,PUT,54.4,58.8,52.8,58.25,541350,6291750,10.3,25700,25896.85
2025-10-21 13:50:00,ATM-3,CALL,260.7,264,247.85,248.9,46875,634575,8.52,25750,25896.85
2025-10-21 13:50:00,ATM-3,PUT,66.5,72.5,64.55,72.5,324900,1146075,10.33,25750,25896.85
2025-10-21 13:50:00,ATM-2,CALL,224.25,227.8,212.6,214.7,300900,4666950,8.61,25800,25896.85
2025-10-21 13:50:00,ATM-2,PUT,80.9,87.35,78.5,86.65,835425,4485825,10.17,25800,25896.85
2025-10-21 13:50:00,ATM-1,CALL,191.4,195.25,181,181.65,358575,1968750,8.55,25850,25896.85
2025-10-21 13:50:00,ATM-1,PUT,98.7,107,95.55,106.6,865275,1978200,10.26,25850,25896.85
2025-10-21 13:50:00,ATM,CALL,161.9,165,152.05,152.45,1484325,6338400,8.58,25900,25896.85
2025-10-21 13:50:00,ATM,PUT,117.4,127.75,115.05,126.9,2229750,4117575,10.19,25900,25896.85
2025-10-21 13:50:00,ATM+1,CALL,134.55,137.25,125.55,127.55,1017150,3018075,8.68,25950,25896.85
2025-10-21 13:50:00,ATM+1,PUT,140.4,149.85,137.45,147.95,895125,1208625,10.01,25950,25896.85
2025-10-21 13:50:00,ATM+2,CALL,110.15,112.45,102,103.35,1651725,10446000,8.61,26000,25896.85
2025-10-21 13:50:00,ATM+2,PUT,166.55,176.85,162.75,176.25,768150,3641700,10.14,26000,25896.85
2025-10-21 13:50:00,ATM+3,CALL,88.6,90.9,82.2,83.3,508575,1656225,8.61,26050,25896.85
2025-10-21 13:50:00,ATM+3,PUT,195,206.55,191.8,205.15,96000,244875,10.11,26050,25896.85
2025-10-21 13:50:00,ATM+4,CALL,69.85,71.95,64.85,65.2,776175,5284500,8.55,26100,25896.85
2025-10-21 13:50:00,ATM+4,PUT,226.1,239,222.35,239,109875,403650,10.29,26100,25896.85
2025-10-21 13:50:00,ATM+5,CALL,54.95,56.7,50.85,51.35,375450,1750200,8.6,26150,25896.85
2025-10-21 13:50:00,ATM+5,PUT,261.15,275.15,256.9,273.05,25050,54225,10.3,26150,25896.85
2025-10-21 13:50:00,ATM+6,CALL,42.25,43.9,39.3,39.55,864750,5826750,8.61,26200,25896.85
2025-10-21 13:50:00,ATM+6,PUT,297.95,314.5,293.95,314.5,43575,411600,10.74,26200,25896.85
2025-10-21 13:50:00,ATM+7,CALL,32.75,34.05,30.3,30.45,342900,1334850,8.66,26250,25896.85
2025-10-21 13:50:00,ATM+7,PUT,337.75,353,334.1,353,5325,19650,10.8,26250,25896.85
2025-10-21 13:50:00,ATM+8,CALL,24.95,26.1,23.05,23.3,733350,4918200,8.73,26300,25896.85
2025-10-21 13:50:00,ATM+8,PUT,380,393.5,376.55,393.4,7650,125250,10.88,26300,25896.85
2025-10-21 13:50:00,ATM+9,CALL,19.25,20.1,17.65,17.8,367650,1490850,8.83,26350,25896.85
2025-10-21 13:50:00,ATM+9,PUT,427.95,439.15,427.95,439.15,3750,6600,11.38,26350,25896.85
2025-10-21 13:50:00,ATM+10,CALL,14.35,15.1,13.2,13.25,1227000,4104000,8.88,26400,25896.85
2025-10-21 13:50:00,ATM+10,PUT,468,486.9,466.9,485,4350,140850,11.81,26400,25896.85
2025-10-21 13:51:00,ATM-10,CALL,543.55,549.45,540,540,1200,1703625,9.77,25400,25879.15
2025-10-21 13:51:00,ATM-10,PUT,19.25,21.35,18.65,20.85,420525,4381050,11.5,25400,25879.15
2025-10-21 13:51:00,ATM-9,CALL,499.9,499.9,497.95,498,375,220800,10.39,25450,25879.15
2025-10-21 13:51:00,ATM-9,PUT,22.8,25.4,22.2,24.8,295650,1178850,11.25,25450,25879.15
2025-10-21 13:51:00,ATM-8,CALL,449.4,457.25,445.7,446.15,80250,4114950,9.3,25500,25879.15
2025-10-21 13:51:00,ATM-8,PUT,26.85,30.2,26.3,29.45,1154925,9057450,10.99,25500,25879.15
2025-10-21 13:51:00,ATM-7,CALL,408.25,411.7,408.25,408.25,750,227400,10.04,25550,25879.15
2025-10-21 13:51:00,ATM-7,PUT,32.85,36.95,32.2,35.75,419025,1126425,10.81,25550,25879.15
2025-10-21 13:51:00,ATM-6,CALL,363.8,370.7,360.4,362.85,15675,1930275,9.61,25600,25879.15
2025-10-21 13:51:00,ATM-6,PUT,40,44.7,39.55,43.45,667575,4732950,10.65,25600,25879.15
2025-10-21 13:51:00,ATM-5,CALL,321.5,330,319.55,322.75,19275,447300,9.61,25650,25879.15
2025-10-21 13:51:00,ATM-5,PUT,49.2,53,47.9,52.4,318825,1239750,10.47,25650,25879.15
2025-10-21 13:51:00,ATM-4,CALL,283,291,282.15,283.75,94725,2192175,9.53,25700,25879.15
2025-10-21 13:51:00,ATM-4,PUT,59.4,65.3,58.4,63.95,897675,6602700,10.37,25700,25879.15
2025-10-21 13:51:00,ATM-3,CALL,246.05,253.9,245.5,247.7,33975,644250,9.52,25750,25879.15
2025-10-21 13:51:00,ATM-3,PUT,73,79.45,71.15,77.7,491175,1263075,10.28,25750,25879.15
2025-10-21 13:51:00,ATM-2,CALL,211.2,218.7,211.1,213.25,358800,4717275,9.44,25800,25879.15
2025-10-21 13:51:00,ATM-2,PUT,88.45,95.7,87,93.45,1438425,4673775,10.18,25800,25879.15
2025-10-21 13:51:00,ATM-1,CALL,180.1,187.3,180,182.1,307200,2121450,9.41,25850,25879.15
2025-10-21 13:51:00,ATM-1,PUT,107.2,114.65,104.75,112,1357125,2255550,10.1,25850,25879.15
2025-10-21 13:51:00,ATM,CALL,153.25,157.7,151.25,153.4,1260450,7163175,9.36,25900,25879.15
2025-10-21 13:51:00,ATM,PUT,127.55,135.45,124.95,132.6,2882025,4897800,10,25900,25879.15
2025-10-21 13:51:00,ATM+1,CALL,126.4,130.95,125.1,127.4,848850,3438000,9.3,25950,25879.15
2025-10-21 13:51:00,ATM+1,PUT,151.15,159.4,148.25,156.25,1012050,1483725,9.92,25950,25879.15
2025-10-21 13:51:00,ATM+2,CALL,102.1,107.1,101.9,103,1175175,11083800,9.15,26000,25879.15
2025-10-21 13:51:00,ATM+2,PUT,178.6,184.2,174.4,182.65,780375,3765525,9.84,26000,25879.15
2025-10-21 13:51:00,ATM+3,CALL,82.95,86.3,81.95,83.2,372750,1917450,9.12,26050,25879.15
2025-10-21 13:51:00,ATM+3,PUT,209.45,216.6,204.45,214.5,88650,248025,9.95,26050,25879.15
2025-10-21 13:51:00,ATM+4,CALL,64.6,68.35,64.5,66.05,572700,5507100,9.07,26100,25879.15
2025-10-21 13:51:00,ATM+4,PUT,241.5,249,236.9,245.55,95850,423825,9.84,26100,25879.15
2025-10-21 13:51:00,ATM+5,CALL,50.8,53.75,50.6,52,299400,1865775,9.07,26150,25879.15
2025-10-21 13:51:00,ATM+5,PUT,277.8,285.35,272.35,282.5,17550,56700,9.98,26150,25879.15
2025-10-21 13:51:00,ATM+6,CALL,39.55,41.75,39.1,40.3,577575,6030375,9.04,26200,25879.15
2025-10-21 13:51:00,ATM+6,PUT,316.55,323,310,321.55,36975,424500,10.13,26200,25879.15
2025-10-21 13:51:00,ATM+7,CALL,30.6,32.05,30.15,31.1,207750,1438575,9.08,26250,25879.15
2025-10-21 13:51:00,ATM+7,PUT,355.1,359.9,350.4,359.3,1950,21525,9.99,26250,25879.15
2025-10-21 13:51:00,ATM+8,CALL,23.25,24.4,22.9,23.6,583500,5076825,9.09,26300,25879.15
2025-10-21 13:51:00,ATM+8,PUT,399,404.9,392.2,404.9,5400,126375,10.48,26300,25879.15
2025-10-21 13:51:00,ATM+9,CALL,17.6,18.6,17.5,18.05,186075,1609650,9.16,26350,25879.15
2025-10-21 13:51:00,ATM+9,PUT,442.7,448.15,438.6,448.15,2325,8400,10.6,26350,25879.15
2025-10-21 13:51:00,ATM+10,CALL,13.05,13.8,13,13.35,661275,5274525,9.18,26400,25879.15
2025-10-21 13:51:00,ATM+10,PUT,485,487.25,484,487.25,375,142200,9.98,26400,25879.15
2025-10-21 13:52:00,ATM-10,CALL,534.4,546,534.4,546,6450,1703625,10.24,25400,25880.6
2025-10-21 13:52:00,ATM-10,PUT,20.85,21.65,19.4,19.4,368325,4381050,11.34,25400,25880.6
2025-10-21 13:52:00,ATM-9,CALL,492.95,501.8,492.95,501.8,1875,220800,10.44,25450,25880.6
2025-10-21 13:52:00,ATM-9,PUT,24.65,25.65,23,23.05,201750,1178850,11.07,25450,25880.6
2025-10-21 13:52:00,ATM-8,CALL,449,456.6,446.3,456.3,143475,4114950,10.25,25500,25880.6
2025-10-21 13:52:00,ATM-8,PUT,29.45,30.55,27.4,27.4,936225,9057450,10.8,25500,25880.6
2025-10-21 13:52:00,ATM-7,CALL,406.7,413.35,402.25,411.65,2850,227400,10.05,25550,25880.6
2025-10-21 13:52:00,ATM-7,PUT,35.85,37.35,33.45,33.45,287775,1126425,10.63,25550,25880.6
2025-10-21 13:52:00,ATM-6,CALL,363.65,371.3,362,371.15,23025,1930275,10.15,25600,25880.6
2025-10-21 13:52:00,ATM-6,PUT,43.7,45.25,40.75,40.8,552225,4732950,10.46,25600,25880.6
2025-10-21 13:52:00,ATM-5,CALL,321.85,330.2,321.85,330.2,17400,447300,10.02,25650,25880.6
2025-10-21 13:52:00,ATM-5,PUT,52.5,54.75,49.15,49.15,446700,1239750,10.26,25650,25880.6
2025-10-21 13:52:00,ATM-4,CALL,285.5,291,284.55,291,63975,2192175,9.91,25700,25880.6
2025-10-21 13:52:00,ATM-4,PUT,63.55,66,59.65,59.8,787200,6602700,10.11,25700,25880.6
2025-10-21 13:52:00,ATM-3,CALL,248.05,253.5,247.9,253.5,36750,644250,9.76,25750,25880.6
2025-10-21 13:52:00,ATM-3,PUT,77.35,80.2,72.8,72.8,528450,1263075,10,25750,25880.6
2025-10-21 13:52:00,ATM-2,CALL,213.5,219,213.5,218.9,292275,4717275,9.67,25800,25880.6
2025-10-21 13:52:00,ATM-2,PUT,93.2,96.35,88.05,88.15,1263975,4673775,9.89,25800,25880.6
2025-10-21 13:52:00,ATM-1,CALL,184.3,187.45,182.65,187.4,320925,2121450,9.61,25850,25880.6
2025-10-21 13:52:00,ATM-1,PUT,110.95,115.4,106,106,1269675,2255550,9.8,25850,25880.6
2025-10-21 13:52:00,ATM,CALL,153.6,157.55,153.6,157.55,891975,7163175,9.5,25900,25880.6
2025-10-21 13:52:00,ATM,PUT,132.35,135.95,125.95,126.1,2066925,4897800,9.68,25900,25880.6
2025-10-21 13:52:00,ATM+1,CALL,126.85,130.3,126.85,129.95,551400,3438000,9.35,25950,25880.6
2025-10-21 13:52:00,ATM+1,PUT,156.55,159.65,148.85,149.55,602175,1483725,9.6,25950,25880.6
2025-10-21 13:52:00,ATM+2,CALL,104.45,107.1,104.05,107,937050,11083800,9.32,26000,25880.6
2025-10-21 13:52:00,ATM+2,PUT,182.95,186.9,175.35,175.6,669075,3765525,9.51,26000,25880.6
2025-10-21 13:52:00,ATM+3,CALL,83.95,86.35,83.75,86.2,395100,1917450,9.22,26050,25880.6
2025-10-21 13:52:00,ATM+3,PUT,213.1,215.3,204.7,204.95,66150,248025,9.44,26050,25880.6
2025-10-21 13:52:00,ATM+4,CALL,65.85,68.3,65.85,68.15,491775,5507100,9.13,26100,25880.6
2025-10-21 13:52:00,ATM+4,PUT,245.2,248.25,236,236,82575,423825,9.31,26100,25880.6
2025-10-21 13:52:00,ATM+5,CALL,51.9,53.9,51.9,53.45,291975,1865775,9.1,26150,25880.6
2025-10-21 13:52:00,ATM+5,PUT,281.55,283.65,272,272,15600,56700,9.36,26150,25880.6
2025-10-21 13:52:00,ATM+6,CALL,40.45,41.85,40.45,41.5,487800,6030375,9.09,26200,25880.6
2025-10-21 13:52:00,ATM+6,PUT,319.5,322.8,310,310,31575,424500,9.37,26200,25880.6
2025-10-21 13:52:00,ATM+7,CALL,31.05,32.2,31.05,31.8,228075,1438575,9.08,26250,25880.6
2025-10-21 13:52:00,ATM+7,PUT,357.85,362.9,349.55,349.55,5550,21525,9.34,26250,25880.6
2025-10-21 13:52:00,ATM+8,CALL,23.5,24.45,23.5,24.15,415350,5076825,9.1,26300,25880.6
2025-10-21 13:52:00,ATM+8,PUT,403.05,403.05,393.1,393.1,6450,126375,9.53,26300,25880.6
2025-10-21 13:52:00,ATM+9,CALL,17.9,18.6,17.8,18.4,271425,1609650,9.15,26350,25880.6
2025-10-21 13:52:00,ATM+9,PUT,445.05,445.05,440,440,2550,8400,10.02,26350,25880.6
2025-10-21 13:52:00,ATM+10,CALL,13.35,13.9,13.35,13.7,298950,5274525,9.18,26400,25880.6
2025-10-21 13:52:00,ATM+10,PUT,489.85,490.8,489.4,489.4,600,142200,10.76,26400,25880.6
2025-10-21 13:53:00,ATM-10,CALL,545.45,560.6,545.45,560.6,1050,1703625,10.63,25400,25893.85
2025-10-21 13:53:00,ATM-10,PUT,19.3,20.55,18.3,18.45,280875,4381050,11.4,25400,25893.85
2025-10-21 13:53:00,ATM-9,CALL,500,519.45,500,515.25,1575,220800,10.63,25450,25893.85
2025-10-21 13:53:00,ATM-9,PUT,23.1,24.45,21.65,22,218325,1178850,11.14,25450,25893.85
2025-10-21 13:53:00,ATM-8,CALL,457.75,469.95,452.4,467.85,19050,4114950,10.19,25500,25893.85
2025-10-21 13:53:00,ATM-8,PUT,27.25,29.1,25.6,26,638250,9057450,10.85,25500,25893.85
2025-10-21 13:53:00,ATM-7,CALL,415.45,425.3,415.35,425.3,1275,227400,10.29,25550,25893.85
2025-10-21 13:53:00,ATM-7,PUT,33.75,35.45,31.3,31.7,263250,1126425,10.67,25550,25893.85
2025-10-21 13:53:00,ATM-6,CALL,371.25,383,366.05,380.5,28050,1930275,9.96,25600,25893.85
2025-10-21 13:53:00,ATM-6,PUT,40.6,43,37.85,38.3,420300,4732950,10.48,25600,25893.85
2025-10-21 13:53:00,ATM-5,CALL,330.35,341.6,327.75,339,36975,447300,9.8,25650,25893.85
2025-10-21 13:53:00,ATM-5,PUT,49.05,52.05,45.85,46.5,239325,1239750,10.28,25650,25893.85
2025-10-21 13:53:00,ATM-4,CALL,291,300.7,287,298.8,100725,2192175,9.71,25700,25893.85
2025-10-21 13:53:00,ATM-4,PUT,59.25,62.95,55.1,56.6,640500,6602700,10.13,25700,25893.85
2025-10-21 13:53:00,ATM-3,CALL,254.15,263.45,251,262.8,64425,644250,9.74,25750,25893.85
2025-10-21 13:53:00,ATM-3,PUT,72.35,76.4,67.6,68.95,371400,1263075,10.01,25750,25893.85
2025-10-21 13:53:00,ATM-2,CALL,218.9,226.9,216,225.15,458100,4717275,9.48,25800,25893.85
2025-10-21 13:53:00,ATM-2,PUT,87.9,91.95,82.1,83.8,911475,4673775,9.92,25800,25893.85
2025-10-21 13:53:00,ATM-1,CALL,187.35,195,184.85,193.45,576750,2121450,9.47,25850,25893.85
2025-10-21 13:53:00,ATM-1,PUT,105.6,110.65,98.9,100.5,939375,2255550,9.79,25850,25893.85
2025-10-21 13:53:00,ATM,CALL,157.45,163.65,154.9,163,1587000,7163175,9.37,25900,25893.85
2025-10-21 13:53:00,ATM,PUT,126.25,130.65,118.05,119.1,1560375,4897800,9.64,25900,25893.85
2025-10-21 13:53:00,ATM+1,CALL,130.95,136.25,128.55,135,887250,3438000,9.24,25950,25893.85
2025-10-21 13:53:00,ATM+1,PUT,148.55,153.3,139.8,142.45,460500,1483725,9.59,25950,25893.85
2025-10-21 13:53:00,ATM+2,CALL,107.25,111.55,105,110.85,1436775,11083800,9.18,26000,25893.85
2025-10-21 13:53:00,ATM+2,PUT,175.25,180.8,166,168.25,536250,3765525,9.52,26000,25893.85
2025-10-21 13:53:00,ATM+3,CALL,86.2,90.15,84.6,89.05,406950,1917450,9.04,26050,25893.85
2025-10-21 13:53:00,ATM+3,PUT,204,210.5,194.7,196.45,56250,248025,9.44,26050,25893.85
2025-10-21 13:53:00,ATM+4,CALL,68.15,71.15,66.7,70.85,545625,5507100,9.02,26100,25893.85
2025-10-21 13:53:00,ATM+4,PUT,236.4,241.85,226.15,226.95,48750,423825,9.32,26100,25893.85
2025-10-21 13:53:00,ATM+5,CALL,53.55,55.8,52.05,55.2,329325,1865775,8.93,26150,25893.85
2025-10-21 13:53:00,ATM+5,PUT,271.9,278.15,261.3,263.3,12300,56700,9.44,26150,25893.85
2025-10-21 13:53:00,ATM+6,CALL,41.45,43.2,40.3,42.8,607725,6030375,8.92,26200,25893.85
2025-10-21 13:53:00,ATM+6,PUT,309.4,316,297.15,299.1,21075,424500,9.33,26200,25893.85
2025-10-21 13:53:00,ATM+7,CALL,31.7,32.95,30.65,32.7,409050,1438575,8.92,26250,25893.85
2025-10-21 13:53:00,ATM+7,PUT,349.3,351.4,335.8,338.45,4650,21525,9.33,26250,25893.85
2025-10-21 13:53:00,ATM+8,CALL,24.3,24.9,23.25,24.7,598500,5076825,8.93,26300,25893.85
2025-10-21 13:53:00,ATM+8,PUT,392.5,393.6,377.9,380,2700,126375,9.35,26300,25893.85
2025-10-21 13:53:00,ATM+9,CALL,18.35,18.75,17.4,18.5,289200,1609650,8.94,26350,25893.85
2025-10-21 13:53:00,ATM+9,PUT,437.5,440,424.55,424.55,1275,8400,9.62,26350,25893.85
2025-10-21 13:53:00,ATM+10,CALL,13.7,13.9,12.9,13.75,675000,5274525,8.98,26400,25893.85
2025-10-21 13:53:00,ATM+10,PUT,485,487,466.45,466.45,1125,142200,9.19,26400,25893.85
2025-10-21 13:54:00,ATM-10,CALL,560,560,556.5,559.5,1050,1702050,8.79,25400,25901.15
2025-10-21 13:54:00,ATM-10,PUT,18.35,19.45,18.05,18.05,278100,4552725,11.44,25400,25901.15
2025-10-21 13:54:00,ATM-9,CALL,506.7,510.95,506.7,510.95,525,220650,8.51,25450,25901.15
2025-10-21 13:54:00,ATM-9,PUT,22,23.15,21.6,21.6,147900,1179750,11.2,25450,25901.15
2025-10-21 13:54:00,ATM-8,CALL,465.7,468.45,462.65,466.95,12450,4076400,9.02,25500,25901.15
2025-10-21 13:54:00,ATM-8,PUT,26.3,27.55,25.8,25.8,472050,9424875,10.95,25500,25901.15
2025-10-21 13:54:00,ATM-7,CALL,423.65,423.65,420,421.8,6300,226500,9,25550,25901.15
2025-10-21 13:54:00,ATM-7,PUT,31.8,33.3,31.25,31.65,169575,1111350,10.8,25550,25901.15
2025-10-21 13:54:00,ATM-6,CALL,378.9,380.85,375.65,379,16425,1930350,9.09,25600,25901.15
2025-10-21 13:54:00,ATM-6,PUT,38.5,40.8,37.95,38.75,395850,4865325,10.65,25600,25901.15
2025-10-21 13:54:00,ATM-5,CALL,338.3,340,334.75,336.9,38625,429750,9.04,25650,25901.15
2025-10-21 13:54:00,ATM-5,PUT,46.75,49.25,46.4,46.9,161475,1343175,10.47,25650,25901.15
2025-10-21 13:54:00,ATM-4,CALL,298.9,299.85,295.85,299.7,39975,2208150,9.28,25700,25901.15
2025-10-21 13:54:00,ATM-4,PUT,56.25,60,56.25,57,342225,6759900,10.32,25700,25901.15
2025-10-21 13:54:00,ATM-3,CALL,260.25,262.75,258.6,261.05,49125,650775,9.18,25750,25901.15
2025-10-21 13:54:00,ATM-3,PUT,69.45,72.8,68.8,69.55,221475,1360650,10.23,25750,25901.15
2025-10-21 13:54:00,ATM-2,CALL,225.4,226.9,223.2,226,220500,4737300,9.17,25800,25901.15
2025-10-21 13:54:00,ATM-2,PUT,83.95,87.6,83.5,84.5,513825,4935150,10.16,25800,25901.15
2025-10-21 13:54:00,ATM-1,CALL,193.25,194.6,191.65,193.35,338175,2292375,9.13,25850,25901.15
2025-10-21 13:54:00,ATM-1,PUT,101.45,104.9,100.8,101.8,524475,2615325,10.09,25850,25901.15
2025-10-21 13:54:00,ATM,CALL,162.75,163.95,161.55,163.45,1207200,7716525,9.11,25900,25901.15
2025-10-21 13:54:00,ATM,PUT,120.45,124.35,119.4,121.4,886875,5243100,10,25900,25901.15
2025-10-21 13:54:00,ATM+1,CALL,134.85,136.45,133.7,135.5,502950,3476775,9.02,25950,25901.15
2025-10-21 13:54:00,ATM+1,PUT,142.4,147.75,141.35,143.75,246150,1508400,9.92,25950,25901.15
2025-10-21 13:54:00,ATM+2,CALL,110.75,112.35,110,111.6,1023825,11501850,9,26000,25901.15
2025-10-21 13:54:00,ATM+2,PUT,168.9,173.7,167.85,169.35,275700,3961575,9.87,26000,25901.15
2025-10-21 13:54:00,ATM+3,CALL,89.85,90.1,88.55,90,359775,1991850,8.94,26050,25901.15
2025-10-21 13:54:00,ATM+3,PUT,197.65,202.55,196.95,197.9,33750,268875,9.86,26050,25901.15
2025-10-21 13:54:00,ATM+4,CALL,70.25,71.65,70.05,71.4,455325,5712375,8.88,26100,25901.15
2025-10-21 13:54:00,ATM+4,PUT,229.35,234,227.65,229.5,39225,426600,9.86,26100,25901.15
2025-10-21 13:54:00,ATM+5,CALL,55.4,56.25,55.1,56.05,252525,1973400,8.85,26150,25901.15
2025-10-21 13:54:00,ATM+5,PUT,262,268.5,262,264.55,6975,63075,9.95,26150,25901.15
2025-10-21 13:54:00,ATM+6,CALL,42.75,43.6,42.5,43.35,528000,6220575,8.83,26200,25901.15
2025-10-21 13:54:00,ATM+6,PUT,301.4,305.45,299.75,302.3,17475,430350,10.08,26200,25901.15
2025-10-21 13:54:00,ATM+7,CALL,32.6,33.25,32.5,32.95,176325,1481475,8.81,26250,25901.15
2025-10-21 13:54:00,ATM+7,PUT,339.55,342.15,339.55,342.15,1050,23175,10.23,26250,25901.15
2025-10-21 13:54:00,ATM+8,CALL,24.65,25.2,24.55,24.75,472200,5304750,8.81,26300,25901.15
2025-10-21 13:54:00,ATM+8,PUT,381.45,385,381.45,385,225,125400,10.52,26300,25901.15
2025-10-21 13:54:00,ATM+9,CALL,18.5,18.95,18.45,18.6,149400,1584000,8.85,26350,25901.15
2025-10-21 13:54:00,ATM+9,PUT,425.6,429.1,425.6,429.1,450,8400,10.82,26350,25901.15
2025-10-21 13:54:00,ATM+10,CALL,13.7,14,13.5,13.6,464400,5491350,8.85,26400,25901.15
2025-10-21 13:54:00,ATM+10,PUT,473.3,473.3,471,471,375,143250,10.74,26400,25901.15
2025-10-21 13:55:00,ATM-10,CALL,555,558.5,555,556.45,525,1702050,7.82,25400,25901.45
2025-10-21 13:55:00,ATM-10,PUT,17.95,19.25,17.85,18.65,209100,4552725,11.53,25400,25901.45
2025-10-21 13:55:00,ATM-9,CALL,511.3,511.3,511.3,511.3,75,220650,8.68,25450,25901.45
2025-10-21 13:55:00,ATM-9,PUT,21.4,23.1,21.3,22.45,144675,1179750,11.32,25450,25901.45
2025-10-21 13:55:00,ATM-8,CALL,466,467,459.5,465.85,13050,4076400,8.88,25500,25901.45
2025-10-21 13:55:00,ATM-8,PUT,25.7,27.55,25.55,26.7,379200,9424875,11.06,25500,25901.45
2025-10-21 13:55:00,ATM-7,CALL,422,422.35,417.55,422.3,4275,226500,9.12,25550,25901.45
2025-10-21 13:55:00,ATM-7,PUT,31.6,33.65,31.15,32.55,180150,1111350,10.89,25550,25901.45
2025-10-21 13:55:00,ATM-6,CALL,380,380,373,378.7,17175,1930350,9.09,25600,25901.45
2025-10-21 13:55:00,ATM-6,PUT,38.25,40.85,38,39.7,361500,4865325,10.74,25600,25901.45
2025-10-21 13:55:00,ATM-5,CALL,338.55,338.55,332,337.85,5550,429750,9.18,25650,25901.45
2025-10-21 13:55:00,ATM-5,PUT,46.55,49.8,46.5,48.45,151350,1343175,10.61,25650,25901.45
2025-10-21 13:55:00,ATM-4,CALL,298.55,299.5,292.65,299.5,42300,2208150,9.3,25700,25901.45
2025-10-21 13:55:00,ATM-4,PUT,56.75,60.1,56.3,58.15,339825,6759900,10.42,25700,25901.45
2025-10-21 13:55:00,ATM-3,CALL,261.65,262.05,256.85,261.8,25350,650775,9.26,25750,25901.45
2025-10-21 13:55:00,ATM-3,PUT,69.3,73.05,69.2,71.2,210600,1360650,10.35,25750,25901.45
2025-10-21 13:55:00,ATM-2,CALL,225.35,226.2,220.3,225.25,259275,4737300,9.13,25800,25901.45
2025-10-21 13:55:00,ATM-2,PUT,84.1,88.45,83.75,86.2,512400,4935150,10.28,25800,25901.45
2025-10-21 13:55:00,ATM-1,CALL,193.7,194.15,188.95,193.75,329625,2292375,9.19,25850,25901.45
2025-10-21 13:55:00,ATM-1,PUT,101.4,106.65,101.15,103.95,456825,2615325,10.23,25850,25901.45
2025-10-21 13:55:00,ATM,CALL,163.4,163.9,159.2,163.3,1123725,7716525,9.12,25900,25901.45
2025-10-21 13:55:00,ATM,PUT,120.9,125.9,120.3,122.75,924750,5243100,10.08,25900,25901.45
2025-10-21 13:55:00,ATM+1,CALL,135.3,136.1,131.85,135.6,624525,3476775,9.03,25950,25901.45
2025-10-21 13:55:00,ATM+1,PUT,142.9,148.75,142.65,145.3,311400,1508400,10.02,25950,25901.45
2025-10-21 13:55:00,ATM+2,CALL,111.35,111.9,108.1,111.65,903525,11501850,9.02,26000,25901.45
2025-10-21 13:55:00,ATM+2,PUT,169.15,175.5,168.95,171.95,301350,3961575,10.05,26000,25901.45
2025-10-21 13:55:00,ATM+3,CALL,90.15,90.4,87.2,89.9,299400,1991850,8.94,26050,25901.45
2025-10-21 13:55:00,ATM+3,PUT,197.7,204.3,197.45,199.65,33600,268875,9.96,26050,25901.45
2025-10-21 13:55:00,ATM+4,CALL,71.15,71.55,68.9,71.25,437400,5712375,8.88,26100,25901.45
2025-10-21 13:55:00,ATM+4,PUT,228.4,236,228.4,230.45,43800,426600,9.92,26100,25901.45
2025-10-21 13:55:00,ATM+5,CALL,55.7,56.05,54,55.95,224775,1973400,8.85,26150,25901.45
2025-10-21 13:55:00,ATM+5,PUT,263.2,270.9,263.2,265.05,10575,63075,9.96,26150,25901.45
2025-10-21 13:55:00,ATM+6,CALL,43.25,43.4,41.65,43.3,469275,6220575,8.84,26200,25901.45
2025-10-21 13:55:00,ATM+6,PUT,301.85,308.25,300.35,301.8,18225,430350,10.02,26200,25901.45
2025-10-21 13:55:00,ATM+7,CALL,32.9,33,31.7,32.8,206250,1481475,8.79,26250,25901.45
2025-10-21 13:55:00,ATM+7,PUT,341.2,348.2,341.2,342.05,1275,23175,10.19,26250,25901.45
2025-10-21 13:55:00,ATM+8,CALL,24.8,24.85,23.8,24.65,354300,5304750,8.79,26300,25901.45
2025-10-21 13:55:00,ATM+8,PUT,383.3,390.25,381.3,383.7,1725,125400,10.36,26300,25901.45
2025-10-21 13:55:00,ATM+9,CALL,18.5,18.55,17.75,18.45,195150,1584000,8.83,26350,25901.45
2025-10-21 13:55:00,ATM+9,PUT,424.75,430,424.75,427.05,375,8475,10.56,26350,25901.45
2025-10-21 13:55:00,ATM+10,CALL,13.6,13.65,13,13.65,354450,5491350,8.86,26400,25901.45
2025-10-21 13:55:00,ATM+10,PUT,471,475.2,470.8,475.2,1425,143250,11.21,26400,25901.45
2025-10-21 13:56:00,ATM-10,CALL,558.5,561,551.05,551.05,2925,1702050,6.84,25400,25898.65
2025-10-21 13:56:00,ATM-10,PUT,18.7,19.35,18.15,19.1,124350,4552725,11.55,25400,25898.65
2025-10-21 13:56:00,ATM-9,CALL,512.55,512.7,512.55,512.7,150,220650,9.59,25450,25898.65
2025-10-21 13:56:00,ATM-9,PUT,22.5,23.1,21.6,22.8,61950,1179750,11.32,25450,25898.65
2025-10-21 13:56:00,ATM-8,CALL,465.25,468,460.9,460.9,15900,4076400,8.49,25500,25898.65
2025-10-21 13:56:00,ATM-8,PUT,26.85,27.55,25.9,27.2,319950,9424875,11.07,25500,25898.65
2025-10-21 13:56:00,ATM-7,CALL,421,424.9,420.75,420.95,8475,226500,9.31,25550,25898.65
2025-10-21 13:56:00,ATM-7,PUT,32.85,33.55,31.55,33.2,164625,1111350,10.91,25550,25898.65
2025-10-21 13:56:00,ATM-6,CALL,378.1,381,373.05,373.75,14550,1930350,8.82,25600,25898.65
2025-10-21 13:56:00,ATM-6,PUT,39.65,40.75,38.4,40.6,263400,4865325,10.77,25600,25898.65
2025-10-21 13:56:00,ATM-5,CALL,336.2,339.4,332.65,332.65,3375,429750,8.91,25650,25898.65
2025-10-21 13:56:00,ATM-5,PUT,48.4,49.3,46.85,49.15,163050,1343175,10.61,25650,25898.65
2025-10-21 13:56:00,ATM-4,CALL,298.1,300.35,294.3,294.3,58800,2208150,9.03,25700,25898.65
2025-10-21 13:56:00,ATM-4,PUT,58.65,59.4,56.8,59.25,301275,6759900,10.44,25700,25898.65
2025-10-21 13:56:00,ATM-3,CALL,260.25,262.5,255.95,255.95,23025,650775,8.97,25750,25898.65
2025-10-21 13:56:00,ATM-3,PUT,71.35,72.7,69.35,72.3,205425,1360650,10.37,25750,25898.65
2025-10-21 13:56:00,ATM-2,CALL,225.15,226.9,221,221.4,173625,4737300,9,25800,25898.65
2025-10-21 13:56:00,ATM-2,PUT,86,87.85,84,87.2,421650,4935150,10.27,25800,25898.65
2025-10-21 13:56:00,ATM-1,CALL,192.8,194.9,189,189,244725,2292375,8.99,25850,25898.65
2025-10-21 13:56:00,ATM-1,PUT,103.95,105.8,101.3,105.35,343425,2615325,10.24,25850,25898.65
2025-10-21 13:56:00,ATM,CALL,163.4,164.5,159.45,159.45,1069725,7716525,8.97,25900,25898.65
2025-10-21 13:56:00,ATM,PUT,123.2,125.45,120.2,124.9,767025,5243100,10.14,25900,25898.65
2025-10-21 13:56:00,ATM+1,CALL,135.6,136.75,132.2,132.2,555675,3476775,8.92,25950,25898.65
2025-10-21 13:56:00,ATM+1,PUT,145.4,147.65,142.7,147.65,235050,1508400,10.07,25950,25898.65
2025-10-21 13:56:00,ATM+2,CALL,111.35,112.45,108.3,108.3,809850,11501850,8.88,26000,25898.65
2025-10-21 13:56:00,ATM+2,PUT,172,174,168.7,174,224475,3961575,10.07,26000,25898.65
2025-10-21 13:56:00,ATM+3,CALL,89.75,90.6,87.4,87.4,334875,1991850,8.87,26050,25898.65
2025-10-21 13:56:00,ATM+3,PUT,200.25,202.8,197,202.8,19350,268875,10.05,26050,25898.65
2025-10-21 13:56:00,ATM+4,CALL,71.05,71.8,68.75,68.75,404400,5712375,8.77,26100,25898.65
2025-10-21 13:56:00,ATM+4,PUT,231.1,235.45,228.4,234.8,26100,426600,10.1,26100,25898.65
2025-10-21 13:56:00,ATM+5,CALL,55.9,56.5,53.75,53.85,233325,1973400,8.75,26150,25898.65
2025-10-21 13:56:00,ATM+5,PUT,266.6,269.1,263.4,269.1,4200,63075,10.11,26150,25898.65
2025-10-21 13:56:00,ATM+6,CALL,43.3,43.55,41.55,41.55,478200,6220575,8.74,26200,25898.65
2025-10-21 13:56:00,ATM+6,PUT,303.1,307.4,299.5,306.25,12000,430350,10.19,26200,25898.65
2025-10-21 13:56:00,ATM+7,CALL,32.75,33.15,31.4,31.4,149625,1481475,8.72,26250,25898.65
2025-10-21 13:56:00,ATM+7,PUT,339.3,346.9,338.7,346.9,600,23175,10.42,26250,25898.65
2025-10-21 13:56:00,ATM+8,CALL,24.6,24.9,23.6,23.6,280500,5304750,8.74,26300,25898.65
2025-10-21 13:56:00,ATM+8,PUT,385.9,388,381.15,388,525,125400,10.54,26300,25898.65
2025-10-21 13:56:00,ATM+9,CALL,18.3,18.65,17.65,17.65,123075,1584000,8.77,26350,25898.65
2025-10-21 13:56:00,ATM+9,PUT,426.5,426.5,426.5,426.5,75,8475,10.19,26350,25898.65
2025-10-21 13:56:00,ATM+10,CALL,13.45,13.6,12.8,12.8,222300,5491350,8.77,26400,25898.65
2025-10-21 13:56:00,ATM+10,PUT,476.7,476.7,469.25,476.7,1800,143250,11.08,26400,25898.65
2025-10-21 13:57:00,ATM-10,CALL,551.05,552.85,550.25,551.5,825,1703325,8.45,25400,25896.3
2025-10-21 13:57:00,ATM-10,PUT,19.3,19.65,19.05,19.15,174900,4592550,11.51,25400,25896.3
2025-10-21 13:57:00,ATM-9,CALL,503.2,503.2,503.2,503.2,75,220650,8.26,25450,25896.3
2025-10-21 13:57:00,ATM-9,PUT,22.75,23.4,22.75,22.8,143625,1184625,11.26,25450,25896.3
2025-10-21 13:57:00,ATM-8,CALL,457.95,461.2,456.1,459.9,11175,4071000,8.94,25500,25896.3
2025-10-21 13:57:00,ATM-8,PUT,27.6,28,27.35,27.35,469125,9624075,11.03,25500,25896.3
2025-10-21 13:57:00,ATM-7,CALL,415,416.2,415,416.2,225,226050,9.11,25550,25896.3
2025-10-21 13:57:00,ATM-7,PUT,33.3,34.25,33.3,33.4,186075,1173525,10.87,25550,25896.3
2025-10-21 13:57:00,ATM-6,CALL,373.6,375.35,370.3,373.35,10875,1924275,9.15,25600,25896.3
2025-10-21 13:57:00,ATM-6,PUT,40.55,41.6,40.35,40.7,390525,5050125,10.71,25600,25896.3
2025-10-21 13:57:00,ATM-5,CALL,332.65,333.9,329.85,331.95,10575,423900,9.15,25650,25896.3
2025-10-21 13:57:00,ATM-5,PUT,49.15,50.45,49.15,49.55,215625,1404300,10.57,25650,25896.3
2025-10-21 13:57:00,ATM-4,CALL,293.35,294.85,290.4,292.4,44925,2235150,9.13,25700,25896.3
2025-10-21 13:57:00,ATM-4,PUT,59.4,60.9,59.4,60.1,387000,6807825,10.44,25700,25896.3
2025-10-21 13:57:00,ATM-3,CALL,255.7,257.65,253.7,256.3,20850,654975,9.21,25750,25896.3
2025-10-21 13:57:00,ATM-3,PUT,73.1,73.95,72.65,73.3,230175,1394775,10.36,25750,25896.3
2025-10-21 13:57:00,ATM-2,CALL,220.65,222.85,218.5,220.9,150075,4743300,9.15,25800,25896.3
2025-10-21 13:57:00,ATM-2,PUT,87.65,89.5,87.65,88.75,511500,5112450,10.29,25800,25896.3
2025-10-21 13:57:00,ATM-1,CALL,188.65,190.8,186.55,189,213375,2347050,9.15,25850,25896.3
2025-10-21 13:57:00,ATM-1,PUT,105.45,107.5,105.45,106.3,589050,2690700,10.2,25850,25896.3
2025-10-21 13:57:00,ATM,CALL,159.15,161.25,157.15,159.75,870300,8141400,9.13,25900,25896.3
2025-10-21 13:57:00,ATM,PUT,125.05,127.5,125.05,126.35,1391250,5723850,10.11,25900,25896.3
2025-10-21 13:57:00,ATM+1,CALL,132,133.8,130.05,132.3,464775,3637575,9.04,25950,25896.3
2025-10-21 13:57:00,ATM+1,PUT,147.4,150.25,147.4,149,354375,1588050,10.04,25950,25896.3
2025-10-21 13:57:00,ATM+2,CALL,108.05,109.75,106.5,108.55,692925,11687250,9.01,26000,25896.3
2025-10-21 13:57:00,ATM+2,PUT,174.45,176.6,174.2,175.45,358800,4049025,10.02,26000,25896.3
2025-10-21 13:57:00,ATM+3,CALL,87,88.6,85.85,87.15,229275,2089650,8.93,26050,25896.3
2025-10-21 13:57:00,ATM+3,PUT,203,206,203,204.5,32550,276375,10.02,26050,25896.3
2025-10-21 13:57:00,ATM+4,CALL,68.45,69.8,67.45,68.85,357525,5831175,8.86,26100,25896.3
2025-10-21 13:57:00,ATM+4,PUT,235.9,237.9,234.9,236.5,28800,430500,10.04,26100,25896.3
2025-10-21 13:57:00,ATM+5,CALL,53.9,55,53,53.7,211050,2024250,8.82,26150,25896.3
2025-10-21 13:57:00,ATM+5,PUT,270.15,273.5,270,271.85,13875,73200,10.13,26150,25896.3
2025-10-21 13:57:00,ATM+6,CALL,41.4,42.45,40.65,41.65,413550,6401025,8.83,26200,25896.3
2025-10-21 13:57:00,ATM+6,PUT,306.45,310.2,305.6,309.25,28125,439200,10.22,26200,25896.3
2025-10-21 13:57:00,ATM+7,CALL,31.35,32.05,30.8,31.25,182775,1591575,8.77,26250,25896.3
2025-10-21 13:57:00,ATM+7,PUT,349.9,349.9,347,347,525,23475,10.16,26250,25896.3
2025-10-21 13:57:00,ATM+8,CALL,23.55,24.05,23.1,23.4,241200,5456850,8.77,26300,25896.3
2025-10-21 13:57:00,ATM+8,PUT,391.55,391.55,389.3,389.95,8625,126525,10.43,26300,25896.3
2025-10-21 13:57:00,ATM+9,CALL,17.55,18,17.25,17.45,208200,1654800,8.79,26350,25896.3
2025-10-21 13:57:00,ATM+9,PUT,434.6,434.6,434.6,434.6,75,8550,10.77,26350,25896.3
2025-10-21 13:57:00,ATM+10,CALL,12.9,13.25,12.65,12.8,285600,5621925,8.82,26400,25896.3
2025-10-21 13:57:00,ATM+10,PUT,479.95,479.95,478.5,478.5,375,144375,10.91,26400,25896.3
2025-10-21 13:58:00,ATM-10,CALL,551.6,551.6,547,547,2325,1703325,8.11,25400,25891.55
2025-10-21 13:58:00,ATM-10,PUT,19.1,19.2,18.25,18.8,190725,4592550,11.4,25400,25891.55
2025-10-21 13:58:00,ATM-9,CALL,503.2,503.2,501.85,501.85,150,220500,8.7,25450,25891.55
2025-10-21 13:58:00,ATM-9,PUT,22.85,23,21.75,22.9,92100,1184625,11.22,25450,25891.55
2025-10-21 13:58:00,ATM-8,CALL,459.65,463,453.65,456,13650,4071000,8.84,25500,25891.55
2025-10-21 13:58:00,ATM-8,PUT,27.45,27.7,26.05,27.1,394800,9624075,10.94,25500,25891.55
2025-10-21 13:58:00,ATM-7,CALL,416.8,417.7,409.9,409.9,11475,226050,8.67,25550,25891.55
2025-10-21 13:58:00,ATM-7,PUT,33.5,33.8,31.8,33.15,111075,1173525,10.78,25550,25891.55
2025-10-21 13:58:00,ATM-6,CALL,373.55,376.85,368.7,370.3,7125,1924275,9.15,25600,25891.55
2025-10-21 13:58:00,ATM-6,PUT,40.7,41.15,38.55,40.55,221325,5050125,10.63,25600,25891.55
2025-10-21 13:58:00,ATM-5,CALL,333.85,335.55,328,328,3225,423900,9.04,25650,25891.55
2025-10-21 13:58:00,ATM-5,PUT,49.35,50.05,47.05,49.15,145575,1404300,10.46,25650,25891.55
2025-10-21 13:58:00,ATM-4,CALL,292.15,296,288.15,290.7,78450,2235150,9.22,25700,25891.55
2025-10-21 13:58:00,ATM-4,PUT,59.95,60.65,57.15,59.75,298875,6807825,10.33,25700,25891.55
2025-10-21 13:58:00,ATM-3,CALL,256.1,257.9,250.95,250.95,20625,654975,8.99,25750,25891.55
2025-10-21 13:58:00,ATM-3,PUT,73.2,73.8,70.1,73.65,192150,1394775,10.3,25750,25891.55
2025-10-21 13:58:00,ATM-2,CALL,220.3,222.55,217.35,217.35,154650,4743300,9.04,25800,25891.55
2025-10-21 13:58:00,ATM-2,PUT,88.8,89.35,84.75,89.35,474675,5112450,10.24,25800,25891.55
2025-10-21 13:58:00,ATM-1,CALL,188.6,190.65,185,186.9,220050,2347050,9.16,25850,25891.55
2025-10-21 13:58:00,ATM-1,PUT,106.7,107.8,102.25,106.25,607725,2690700,10.1,25850,25891.55
2025-10-21 13:58:00,ATM,CALL,159.5,160.7,155.8,157.65,809850,8141400,9.12,25900,25891.55
2025-10-21 13:58:00,ATM,PUT,126.65,127.75,121.55,126.1,970575,5723850,9.99,25900,25891.55
2025-10-21 13:58:00,ATM+1,CALL,132.1,133.9,128.5,130,394350,3637575,9.02,25950,25891.55
2025-10-21 13:58:00,ATM+1,PUT,149.05,151,143.75,148.95,333975,1588050,9.92,25950,25891.55
2025-10-21 13:58:00,ATM+2,CALL,108.3,109.1,105.35,106.75,760650,11687250,9,26000,25891.55
2025-10-21 13:58:00,ATM+2,PUT,174.95,177.25,169.3,175.75,336750,4049025,9.92,26000,25891.55
2025-10-21 13:58:00,ATM+3,CALL,87,88.05,84.55,86,270075,2089650,8.94,26050,25891.55
2025-10-21 13:58:00,ATM+3,PUT,203.95,206.85,199.05,205,37500,276375,9.92,26050,25891.55
2025-10-21 13:58:00,ATM+4,CALL,68.7,69,66.35,66.7,347475,5831175,8.79,26100,25891.55
2025-10-21 13:58:00,ATM+4,PUT,236.35,238.2,230.45,238.2,39750,430500,10.01,26100,25891.55
2025-10-21 13:58:00,ATM+5,CALL,53.55,54.2,52.05,52.05,190650,2024250,8.77,26150,25891.55
2025-10-21 13:58:00,ATM+5,PUT,271.65,274,263.6,274,6375,73200,10.1,26150,25891.55
2025-10-21 13:58:00,ATM+6,CALL,41.45,41.7,39.85,40.75,385275,6401025,8.82,26200,25891.55
2025-10-21 13:58:00,ATM+6,PUT,308.9,312,303.4,309.8,21375,439200,10.04,26200,25891.55
2025-10-21 13:58:00,ATM+7,CALL,31.3,31.5,29.9,30.75,201150,1591575,8.79,26250,25891.55
2025-10-21 13:58:00,ATM+7,PUT,346.4,351,341.8,351,1575,23475,10.27,26250,25891.55
2025-10-21 13:58:00,ATM+8,CALL,23.25,23.7,22.3,22.7,361200,5456850,8.75,26300,25891.55
2025-10-21 13:58:00,ATM+8,PUT,390,394.75,386.55,391.9,8925,126525,10.35,26300,25891.55
2025-10-21 13:58:00,ATM+9,CALL,17.4,17.7,16.65,17.2,188625,1654800,8.82,26350,25891.55
2025-10-21 13:58:00,ATM+9,PUT,429.7,437.35,429.7,437.35,225,8550,10.73,26350,25891.55
2025-10-21 13:58:00,ATM+10,CALL,12.7,12.85,12.2,12.5,248775,5621925,8.83,26400,25891.55
2025-10-21 13:58:00,ATM+10,PUT,478.7,483.1,474,483.1,600,144375,11.09,26400,25891.55
2025-10-21 13:59:00,ATM-10,CALL,549.55,555.5,549.55,553,600,1703325,9.35,25400,25893.65
2025-10-21 13:59:00,ATM-10,PUT,18.9,19,17.95,18.45,165075,4592550,11.37,25400,25893.65
2025-10-21 13:59:00,ATM-9,CALL,504.5,508,504.5,506.65,450,220500,9.41,25450,25893.65
2025-10-21 13:59:00,ATM-9,PUT,22.65,22.95,21.8,22.3,123975,1184625,11.16,25450,25893.65
2025-10-21 13:59:00,ATM-8,CALL,457.8,462.45,456.35,458.55,7725,4071000,8.99,25500,25893.65
2025-10-21 13:59:00,ATM-8,PUT,27.05,27.4,26.05,26.85,264150,9624075,10.94,25500,25893.65
2025-10-21 13:59:00,ATM-7,CALL,412.45,417.95,412.35,417.95,10125,226050,9.55,25550,25893.65
2025-10-21 13:59:00,ATM-7,PUT,33,33.6,31.9,32.7,107925,1173525,10.76,25550,25893.65
2025-10-21 13:59:00,ATM-6,CALL,371.5,376.5,371.25,374.7,10350,1924275,9.48,25600,25893.65
2025-10-21 13:59:00,ATM-6,PUT,40.5,41.05,38.7,39.75,167550,5050125,10.59,25600,25893.65
2025-10-21 13:59:00,ATM-5,CALL,329.1,334.5,328.6,332.9,2025,423900,9.39,25650,25893.65
2025-10-21 13:59:00,ATM-5,PUT,49.35,49.8,47.3,48.5,138000,1404300,10.44,25650,25893.65
2025-10-21 13:59:00,ATM-4,CALL,290.15,295.65,290.15,294.25,18600,2235150,9.42,25700,25893.65
2025-10-21 13:59:00,ATM-4,PUT,59.9,60.4,57.5,59.15,279525,6807825,10.32,25700,25893.65
2025-10-21 13:59:00,ATM-3,CALL,254.4,258,253.5,256.95,15150,654975,9.37,25750,25893.65
2025-10-21 13:59:00,ATM-3,PUT,72.8,73.7,70.15,71.45,156825,1394775,10.18,25750,25893.65
2025-10-21 13:59:00,ATM-2,CALL,219.35,223.1,218.85,220.9,162075,4743300,9.24,25800,25893.65
2025-10-21 13:59:00,ATM-2,PUT,88.2,89.25,85.1,87,498450,5112450,10.11,25800,25893.65
2025-10-21 13:59:00,ATM-1,CALL,187.85,190.7,187.15,188.45,175425,2347050,9.19,25850,25893.65
2025-10-21 13:59:00,ATM-1,PUT,106.55,107.45,102.85,105.2,372825,2690700,10.08,25850,25893.65
2025-10-21 13:59:00,ATM,CALL,158.15,160.35,157.4,159.15,522225,8141400,9.17,25900,25893.65
2025-10-21 13:59:00,ATM,PUT,126.2,127.15,122.45,124.9,803625,5723850,9.96,25900,25893.65
2025-10-21 13:59:00,ATM+1,CALL,130.6,132.95,130.6,131.95,320250,3637575,9.09,25950,25893.65
2025-10-21 13:59:00,ATM+1,PUT,149.5,149.85,144.45,147.45,184050,1588050,9.86,25950,25893.65
2025-10-21 13:59:00,ATM+2,CALL,106.9,108.65,106.5,107.75,430275,11687250,9.01,26000,25893.65
2025-10-21 13:59:00,ATM+2,PUT,175.95,176.3,170.3,173.5,247125,4049025,9.83,26000,25893.65
2025-10-21 13:59:00,ATM+3,CALL,86.05,87.3,86.05,87.05,148350,2089650,8.98,26050,25893.65
2025-10-21 13:59:00,ATM+3,PUT,205.8,205.95,199,201.95,15825,276375,9.77,26050,25893.65
2025-10-21 13:59:00,ATM+4,CALL,67.7,68.9,67.35,68.5,330075,5831175,8.88,26100,25893.65
2025-10-21 13:59:00,ATM+4,PUT,237.55,237.55,230.65,233,22875,430500,9.7,26100,25893.65
2025-10-21 13:59:00,ATM+5,CALL,52.95,54.1,52.8,53.35,158475,2024250,8.83,26150,25893.65
2025-10-21 13:59:00,ATM+5,PUT,271.6,272.1,265,268.4,2700,73200,9.76,26150,25893.65
2025-10-21 13:59:00,ATM+6,CALL,40.8,41.45,40.7,40.8,297075,6401025,8.79,26200,25893.65
2025-10-21 13:59:00,ATM+6,PUT,309.5,310.55,303.8,307.15,16425,439200,9.93,26200,25893.65
2025-10-21 13:59:00,ATM+7,CALL,30.8,31.35,30.7,31,109500,1591575,8.78,26250,25893.65
2025-10-21 13:59:00,ATM+7,PUT,347.2,347.2,347.2,347.2,75,23475,10.05,26250,25893.65
2025-10-21 13:59:00,ATM+8,CALL,22.9,23.4,22.9,23.15,205500,5456850,8.77,26300,25893.65
2025-10-21 13:59:00,ATM+8,PUT,392,392.65,384.5,388.95,1500,126525,10.18,26300,25893.65
2025-10-21 13:59:00,ATM+9,CALL,17.1,17.45,17.05,17.2,87000,1654800,8.79,26350,25893.65
2025-10-21 13:59:00,ATM+9,PUT,434.45,434.45,434.45,434.45,300,8550,10.58,26350,25893.65
2025-10-21 13:59:00,ATM+10,CALL,12.55,12.8,12.5,12.65,175950,5621925,8.82,26400,25893.65
2025-10-21 13:59:00,ATM+10,PUT,480.05,480.05,480.05,480.05,75,144375,10.9,26400,25893.65
2025-10-21 14:00:00,ATM-10,CALL,552.55,552.8,548,548,1275,1703175,9.32,25400,25887.85
2025-10-21 14:00:00,ATM-10,PUT,18.55,19.1,18.4,18.95,186225,4730925,11.37,25400,25887.85
2025-10-21 14:00:00,ATM-9,CALL,504.35,504.35,504.35,504.35,75,220500,9.98,25450,25887.85
2025-10-21 14:00:00,ATM-9,PUT,22.45,23.1,22.25,22.9,63825,1268325,11.15,25450,25887.85
2025-10-21 14:00:00,ATM-8,CALL,460.25,460.25,455.8,456.4,8925,4067550,9.4,25500,25887.85
2025-10-21 14:00:00,ATM-8,PUT,26.95,27.65,26.65,27.5,295275,9730050,10.93,25500,25887.85
2025-10-21 14:00:00,ATM-7,CALL,415.9,415.9,411.75,411.75,1125,223950,9.42,25550,25887.85
2025-10-21 14:00:00,ATM-7,PUT,32.7,33.9,32.6,33.4,109575,1232700,10.73,25550,25887.85
2025-10-21 14:00:00,ATM-6,CALL,373.8,374,369.3,369.3,8175,1926825,9.43,25600,25887.85
2025-10-21 14:00:00,ATM-6,PUT,39.75,41.2,39.65,40.75,190875,5147925,10.57,25600,25887.85
2025-10-21 14:00:00,ATM-5,CALL,331.95,333,328.75,328.75,1650,423000,9.39,25650,25887.85
2025-10-21 14:00:00,ATM-5,PUT,48.75,50.2,48.35,49.85,184575,1452000,10.46,25650,25887.85
2025-10-21 14:00:00,ATM-4,CALL,292,294.55,289.9,289.9,24450,2252325,9.43,25700,25887.85
2025-10-21 14:00:00,ATM-4,PUT,59.15,60.95,58.85,60.65,284925,6902325,10.33,25700,25887.85
2025-10-21 14:00:00,ATM-3,CALL,256.35,256.9,252.65,254.1,26175,654525,9.44,25750,25887.85
2025-10-21 14:00:00,ATM-3,PUT,72,74.1,71.7,73.85,177525,1454325,10.24,25750,25887.85
2025-10-21 14:00:00,ATM-2,CALL,219.7,221.95,217.9,218.75,107475,4695600,9.37,25800,25887.85
2025-10-21 14:00:00,ATM-2,PUT,87.9,89.6,87.1,89.3,433425,5276625,10.14,25800,25887.85
2025-10-21 14:00:00,ATM-1,CALL,188.4,190.15,186.65,187.7,157200,2402700,9.39,25850,25887.85
2025-10-21 14:00:00,ATM-1,PUT,105.65,107.85,104.95,107.2,530325,2891325,10.05,25850,25887.85
2025-10-21 14:00:00,ATM,CALL,159.45,160,156.85,157.6,521625,8428350,9.26,25900,25887.85
2025-10-21 14:00:00,ATM,PUT,124.65,127.8,124.65,126.95,804825,6053325,9.93,25900,25887.85
2025-10-21 14:00:00,ATM+1,CALL,132,132.85,129.85,130.75,234750,3752025,9.21,25950,25887.85
2025-10-21 14:00:00,ATM+1,PUT,148.3,150.95,147.15,150.05,241875,1673325,9.86,25950,25887.85
2025-10-21 14:00:00,ATM+2,CALL,107.4,108.75,106.2,106.75,492600,11866875,9.12,26000,25887.85
2025-10-21 14:00:00,ATM+2,PUT,174.15,177.3,173.15,176.5,307575,4152900,9.81,26000,25887.85
2025-10-21 14:00:00,ATM+3,CALL,86.5,87.6,85.2,85.95,153900,2099700,9.03,26050,25887.85
2025-10-21 14:00:00,ATM+3,PUT,203.4,206.65,202.65,205.8,29025,287775,9.77,26050,25887.85
2025-10-21 14:00:00,ATM+4,CALL,68.1,69,67.05,67.6,298200,5932050,8.94,26100,25887.85
2025-10-21 14:00:00,ATM+4,PUT,235.05,238.6,233.95,237.2,47775,435000,9.71,26100,25887.85
2025-10-21 14:00:00,ATM+5,CALL,52.9,54.05,52.4,52.9,108675,2076675,8.93,26150,25887.85
2025-10-21 14:00:00,ATM+5,PUT,269.2,273.35,268.4,272.85,5925,79500,9.83,26150,25887.85
2025-10-21 14:00:00,ATM+6,CALL,40.75,41.55,40.15,40.5,254025,6558675,8.88,26200,25887.85
2025-10-21 14:00:00,ATM+6,PUT,307.7,311,306.1,309,12600,433125,9.75,26200,25887.85
2025-10-21 14:00:00,ATM+7,CALL,30.9,31.5,30.35,30.7,149400,1639500,8.85,26250,25887.85
2025-10-21 14:00:00,ATM+7,PUT,348.2,351,348.2,351,225,23400,10.02,26250,25887.85
2025-10-21 14:00:00,ATM+8,CALL,23.05,23.5,22.6,22.75,262050,5537850,8.83,26300,25887.85
2025-10-21 14:00:00,ATM+8,PUT,389.75,393.9,388.4,393.8,1950,135450,10.17,26300,25887.85
2025-10-21 14:00:00,ATM+9,CALL,17.15,17.45,16.7,16.95,128175,1711575,8.84,26350,25887.85
2025-10-21 14:00:00,ATM+9,PUT,436.9,436.9,436.9,436.9,75,8550,10.28,26350,25887.85
2025-10-21 14:00:00,ATM+10,CALL,12.6,12.8,12.15,12.4,178050,5682000,8.87,26400,25887.85
2025-10-21 14:00:00,ATM+10,PUT,480.75,481.55,480.2,480.7,450,144600,10.31,26400,25887.85
2025-10-21 14:01:00,ATM-10,CALL,549.15,552.4,548,552.4,600,1703175,10.17,25400,25887.95
2025-10-21 14:01:00,ATM-10,PUT,18.85,19.2,18.25,18.55,134250,4730925,11.32,25400,25887.95
2025-10-21 14:01:00,ATM-9,CALL,505.15,508.1,505.15,508.1,225,220425,10.39,25450,25887.95
2025-10-21 14:01:00,ATM-9,PUT,22.85,23.1,22,22.35,74700,1268325,11.1,25450,25887.95
2025-10-21 14:01:00,ATM-8,CALL,457.35,463.1,455,462,11550,4067550,10.15,25500,25887.95
2025-10-21 14:01:00,ATM-8,PUT,27.45,27.75,26.35,26.75,284025,9730050,10.85,25500,25887.95
2025-10-21 14:01:00,ATM-7,CALL,412.6,418,412,417.9,2625,223950,10.05,25550,25887.95
2025-10-21 14:01:00,ATM-7,PUT,33.4,33.95,32.3,32.8,134325,1232700,10.69,25550,25887.95
2025-10-21 14:01:00,ATM-6,CALL,370.1,375.65,369,374.8,13950,1926825,9.91,25600,25887.95
2025-10-21 14:01:00,ATM-6,PUT,40.7,41.3,39.15,39.65,210150,5147925,10.48,25600,25887.95
2025-10-21 14:01:00,ATM-5,CALL,330.4,335,328.65,334.9,4350,423000,9.94,25650,25887.95
2025-10-21 14:01:00,ATM-5,PUT,49.75,50.45,47.75,48.5,199350,1452000,10.35,25650,25887.95
2025-10-21 14:01:00,ATM-4,CALL,290.3,296,289,295.05,31725,2252325,9.79,25700,25887.95
2025-10-21 14:01:00,ATM-4,PUT,60.35,61.1,57.95,58.75,373800,6902325,10.19,25700,25887.95
2025-10-21 14:01:00,ATM-3,CALL,253.5,257.95,251.8,257.95,25050,654525,9.71,25750,25887.95
2025-10-21 14:01:00,ATM-3,PUT,73.5,74.4,70.8,71.95,197550,1454325,10.11,25750,25887.95
2025-10-21 14:01:00,ATM-2,CALL,219.35,223,217.65,222.15,153375,4695600,9.56,25800,25887.95
2025-10-21 14:01:00,ATM-2,PUT,88.7,90,85.95,86.9,535200,5276625,10,25800,25887.95
2025-10-21 14:01:00,ATM-1,CALL,187.55,191,186,190.8,189075,2402700,9.55,25850,25887.95
2025-10-21 14:01:00,ATM-1,PUT,107.2,108.2,103.2,104.5,559350,2891325,9.9,25850,25887.95
2025-10-21 14:01:00,ATM,CALL,158.15,160.85,156.5,160.6,638925,8428350,9.44,25900,25887.95
2025-10-21 14:01:00,ATM,PUT,126.7,127.9,122.8,123.95,968250,6053325,9.76,25900,25887.95
2025-10-21 14:01:00,ATM+1,CALL,130.6,133.4,129.5,133.15,383025,3752025,9.33,25950,25887.95
2025-10-21 14:01:00,ATM+1,PUT,149.7,151.2,144.85,146.65,288150,1673325,9.66,25950,25887.95
2025-10-21 14:01:00,ATM+2,CALL,106.75,109.45,105.8,108.85,575850,11866875,9.22,26000,25887.95
2025-10-21 14:01:00,ATM+2,PUT,176.25,177.6,171.5,172.55,284325,4152900,9.59,26000,25887.95
2025-10-21 14:01:00,ATM+3,CALL,86.25,88.2,85,87.7,193950,2099700,9.15,26050,25887.95
2025-10-21 14:01:00,ATM+3,PUT,206.15,206.95,199.8,201.75,32925,287775,9.55,26050,25887.95
2025-10-21 14:01:00,ATM+4,CALL,67.6,69.3,66.65,69,314625,5932050,9.03,26100,25887.95
2025-10-21 14:01:00,ATM+4,PUT,236.9,239,231.15,232.45,29400,435000,9.43,26100,25887.95
2025-10-21 14:01:00,ATM+5,CALL,52.95,54.35,52.3,54.25,134025,2076675,9.01,26150,25887.95
2025-10-21 14:01:00,ATM+5,PUT,271.2,274,266.95,267.75,8625,79500,9.44,26150,25887.95
2025-10-21 14:01:00,ATM+6,CALL,40.7,41.9,40.15,41.8,288750,6558675,8.97,26200,25887.95
2025-10-21 14:01:00,ATM+6,PUT,310.2,311.8,304.3,305.9,28500,433125,9.52,26200,25887.95
2025-10-21 14:01:00,ATM+7,CALL,30.75,31.75,30.45,31.5,134250,1639500,8.92,26250,25887.95
2025-10-21 14:01:00,ATM+7,PUT,351,351,345.15,345.15,150,23400,9.5,26250,25887.95
2025-10-21 14:01:00,ATM+8,CALL,22.8,23.65,22.7,23.6,216675,5537850,8.91,26300,25887.95
2025-10-21 14:01:00,ATM+8,PUT,394.55,394.55,386.35,386.35,4350,135450,9.48,26300,25887.95
2025-10-21 14:01:00,ATM+9,CALL,17.05,17.7,16.8,17.55,113550,1711575,8.92,26350,25887.95
2025-10-21 14:01:00,ATM+9,PUT,436.4,436.4,431.35,431.35,900,8400,9.74,26350,25887.95
2025-10-21 14:01:00,ATM+10,CALL,12.4,12.85,12.3,12.85,164625,5682000,8.93,26400,25887.95
2025-10-21 14:01:00,ATM+10,PUT,482.4,482.4,473.9,473.9,525,144600,9.49,26400,25887.95
2025-10-21 14:02:00,ATM-10,CALL,553.2,560,553.2,560,825,1703175,10.53,25400,25895.2
2025-10-21 14:02:00,ATM-10,PUT,18.5,18.5,17.9,18.05,301125,4730925,11.33,25400,25895.2
2025-10-21 14:02:00,ATM-9,CALL,512.4,512.4,512.4,512.4,150,220425,10.16,25450,25895.2
2025-10-21 14:02:00,ATM-9,PUT,22.35,22.35,21.7,21.85,632100,1268325,11.12,25450,25895.2
2025-10-21 14:02:00,ATM-8,CALL,461.95,467.8,461.15,464.65,18600,4067550,9.71,25500,25895.2
2025-10-21 14:02:00,ATM-8,PUT,26.95,26.95,25.55,26.05,343725,9730050,10.86,25500,25895.2
2025-10-21 14:02:00,ATM-7,CALL,417,423,417,421.25,900,223950,9.8,25550,25895.2
2025-10-21 14:02:00,ATM-7,PUT,32.4,32.4,31.2,31.7,159300,1232700,10.68,25550,25895.2
2025-10-21 14:02:00,ATM-6,CALL,374.8,381.15,374.8,377.75,13350,1926825,9.66,25600,25895.2
2025-10-21 14:02:00,ATM-6,PUT,39.4,39.8,37.8,38.5,261600,5147925,10.48,25600,25895.2
2025-10-21 14:02:00,ATM-5,CALL,333,339,333,336.35,8700,423000,9.6,25650,25895.2
2025-10-21 14:02:00,ATM-5,PUT,48.45,48.45,45.95,46.85,173325,1452000,10.32,25650,25895.2
2025-10-21 14:02:00,ATM-4,CALL,294.5,298.95,294.1,298.7,37350,2252325,9.69,25700,25895.2
2025-10-21 14:02:00,ATM-4,PUT,58.45,58.75,55.85,56.75,314400,6902325,10.15,25700,25895.2
2025-10-21 14:02:00,ATM-3,CALL,258.9,261.75,258,259.9,28200,654525,9.52,25750,25895.2
2025-10-21 14:02:00,ATM-3,PUT,71.1,71.8,68.05,69.45,227925,1454325,10.05,25750,25895.2
2025-10-21 14:02:00,ATM-2,CALL,222.8,226,221.5,224.25,241800,4695600,9.41,25800,25895.2
2025-10-21 14:02:00,ATM-2,PUT,86.85,87,82.55,84.1,559050,5276625,9.95,25800,25895.2
2025-10-21 14:02:00,ATM-1,CALL,190.95,193.7,190.75,192.1,314475,2402700,9.37,25850,25895.2
2025-10-21 14:02:00,ATM-1,PUT,104.75,104.75,99.3,101.1,604575,2891325,9.84,25850,25895.2
2025-10-21 14:02:00,ATM,CALL,160.65,162.9,160.55,161.3,785625,8428350,9.25,25900,25895.2
2025-10-21 14:02:00,ATM,PUT,123.95,123.95,118.6,120.6,963675,6053325,9.71,25900,25895.2
2025-10-21 14:02:00,ATM+1,CALL,133.6,135.1,133.05,133.8,471075,3752025,9.16,25950,25895.2
2025-10-21 14:02:00,ATM+1,PUT,145.65,146.15,140.65,142.95,276525,1673325,9.61,25950,25895.2
2025-10-21 14:02:00,ATM+2,CALL,109.25,110.8,108.75,109.65,776400,11866875,9.09,26000,25895.2
2025-10-21 14:02:00,ATM+2,PUT,172.9,172.9,166.25,169,297450,4152900,9.59,26000,25895.2
2025-10-21 14:02:00,ATM+3,CALL,88.05,89.1,87.75,88.35,270975,2099700,9.03,26050,25895.2
2025-10-21 14:02:00,ATM+3,PUT,200.95,201.4,194.55,196.15,39825,287775,9.43,26050,25895.2
2025-10-21 14:02:00,ATM+4,CALL,69.15,70.35,68.9,69.65,308850,5932050,8.93,26100,25895.2
2025-10-21 14:02:00,ATM+4,PUT,233.1,233.35,225.9,229,36300,435000,9.48,26100,25895.2
2025-10-21 14:02:00,ATM+5,CALL,54.25,55.1,53.95,54.4,192975,2076675,8.88,26150,25895.2
2025-10-21 14:02:00,ATM+5,PUT,267.45,268.45,261.1,262.4,4350,79500,9.37,26150,25895.2
2025-10-21 14:02:00,ATM+6,CALL,41.6,42.5,41.5,41.8,492000,6558675,8.85,26200,25895.2
2025-10-21 14:02:00,ATM+6,PUT,307,307,298.05,300.8,15675,433125,9.48,26200,25895.2
2025-10-21 14:02:00,ATM+7,CALL,31.6,32.15,31.35,31.7,128550,1639500,8.82,26250,25895.2
2025-10-21 14:02:00,ATM+7,PUT,342.9,342.9,337.4,337.4,300,23400,9.22,26250,25895.2
2025-10-21 14:02:00,ATM+8,CALL,23.7,24.05,23.45,23.75,254025,5537850,8.82,26300,25895.2
2025-10-21 14:02:00,ATM+8,PUT,385.3,386.05,381.05,382.3,9675,135450,9.61,26300,25895.2
2025-10-21 14:02:00,ATM+9,CALL,17.55,17.9,17.4,17.55,93375,1711575,8.82,26350,25895.2
2025-10-21 14:02:00,ATM+9,PUT,425,425,425,425,75,8400,9.62,26350,25895.2
2025-10-21 14:02:00,ATM+10,CALL,12.85,13.1,12.75,12.85,200475,5682000,8.84,26400,25895.2
2025-10-21 14:02:00,ATM+10,PUT,474.1,474.1,471,472.6,300,144600,10.11,26400,25895.2
2025-10-21 14:03:00,ATM-10,CALL,557.05,557.3,553.75,555.35,750,1702875,9.52,25400,25896.25
2025-10-21 14:03:00,ATM-10,PUT,18.05,18.55,17.9,18,119400,4708125,11.33,25400,25896.25
2025-10-21 14:03:00,ATM-9,CALL,512.4,512.4,512.4,512.4,0,220425,10.15,25450,25896.25
2025-10-21 14:03:00,ATM-9,PUT,21.9,22.55,21.8,21.9,169050,1699725,11.15,25450,25896.25
2025-10-21 14:03:00,ATM-8,CALL,465.4,467.15,459.65,464,17250,4061175,9.44,25500,25896.25
2025-10-21 14:03:00,ATM-8,PUT,26.05,26.85,25.75,26.1,131850,9774300,10.87,25500,25896.25
2025-10-21 14:03:00,ATM-7,CALL,421.6,422,416.7,416.7,900,223950,9.03,25550,25896.25
2025-10-21 14:03:00,ATM-7,PUT,31.95,32.85,31.45,31.9,43875,1254300,10.72,25550,25896.25
2025-10-21 14:03:00,ATM-6,CALL,378.15,378.95,373.9,375.85,6450,1933200,9.44,25600,25896.25
2025-10-21 14:03:00,ATM-6,PUT,38.55,39.65,38.2,38.8,178575,5199825,10.55,25600,25896.25
2025-10-21 14:03:00,ATM-5,CALL,335.3,337.7,331.05,335.35,5400,421500,9.49,25650,25896.25
2025-10-21 14:03:00,ATM-5,PUT,47,48.45,46.55,47.25,75900,1496475,10.36,25650,25896.25
2025-10-21 14:03:00,ATM-4,CALL,297.2,298.2,292.8,296.95,36300,2256600,9.44,25700,25896.25
2025-10-21 14:03:00,ATM-4,PUT,56.75,58.8,56.65,57.4,165225,6926850,10.24,25700,25896.25
2025-10-21 14:03:00,ATM-3,CALL,260.6,260.6,255.3,258.7,20250,667650,9.41,25750,25896.25
2025-10-21 14:03:00,ATM-3,PUT,69.45,71.75,68.9,69.9,117000,1488075,10.1,25750,25896.25
2025-10-21 14:03:00,ATM-2,CALL,223.4,225.3,221.05,223.9,164400,4729650,9.37,25800,25896.25
2025-10-21 14:03:00,ATM-2,PUT,84.4,86.75,83.6,85.1,292575,5349450,10.02,25800,25896.25
2025-10-21 14:03:00,ATM-1,CALL,192.15,193.25,188.45,191.8,182550,2403000,9.35,25850,25896.25
2025-10-21 14:03:00,ATM-1,PUT,101.6,104.25,100.6,102.6,290850,2890575,9.95,25850,25896.25
2025-10-21 14:03:00,ATM,CALL,162.35,162.85,158.65,161.25,589125,8504250,9.19,25900,25896.25
2025-10-21 14:03:00,ATM,PUT,120.7,124.25,120.15,121.8,527325,6094425,9.81,25900,25896.25
2025-10-21 14:03:00,ATM+1,CALL,134.2,135.15,131.4,134,249525,3865800,9.13,25950,25896.25
2025-10-21 14:03:00,ATM+1,PUT,143.65,147,142.45,144.3,144000,1722000,9.71,25950,25896.25
2025-10-21 14:03:00,ATM+2,CALL,109.7,110.65,107.5,109.65,445800,11820000,9.09,26000,25896.25
2025-10-21 14:03:00,ATM+2,PUT,169,173.2,168,170.5,174300,4147125,9.7,26000,25896.25
2025-10-21 14:03:00,ATM+3,CALL,88.8,89.25,86.55,88.4,176175,2137500,9.03,26050,25896.25
2025-10-21 14:03:00,ATM+3,PUT,197.45,202.15,196.45,199.55,14850,290475,9.73,26050,25896.25
2025-10-21 14:03:00,ATM+4,CALL,69.55,70.35,68.05,69.85,226050,5931750,8.94,26100,25896.25
2025-10-21 14:03:00,ATM+4,PUT,229.1,234.1,228.15,231.05,20625,451500,9.7,26100,25896.25
2025-10-21 14:03:00,ATM+5,CALL,54.5,55.25,53.5,54.8,120150,2097825,8.89,26150,25896.25
2025-10-21 14:03:00,ATM+5,PUT,263.5,269.6,262.85,264.6,1800,81075,9.56,26150,25896.25
2025-10-21 14:03:00,ATM+6,CALL,41.85,42.6,41.1,42.05,403425,6569250,8.87,26200,25896.25
2025-10-21 14:03:00,ATM+6,PUT,302.25,306.5,300.5,302.6,18825,420750,9.65,26200,25896.25
2025-10-21 14:03:00,ATM+7,CALL,31.7,32.25,31.1,31.85,100950,1684425,8.84,26250,25896.25
2025-10-21 14:03:00,ATM+7,PUT,340.65,342.75,340.65,342.75,900,23400,9.76,26250,25896.25
2025-10-21 14:03:00,ATM+8,CALL,23.85,24.1,23.15,23.7,236400,5578650,8.81,26300,25896.25
2025-10-21 14:03:00,ATM+8,PUT,381.95,389,381.95,384.6,2925,139050,9.99,26300,25896.25
2025-10-21 14:03:00,ATM+9,CALL,17.6,17.95,17.2,17.75,93450,1720050,8.85,26350,25896.25
2025-10-21 14:03:00,ATM+9,PUT,425,425,425,425,0,8400,9.77,26350,25896.25
2025-10-21 14:03:00,ATM+10,CALL,12.95,13.15,12.65,13,142275,5695725,8.86,26400,25896.25
2025-10-21 14:03:00,ATM+10,PUT,477.2,477.2,472,472,1725,144525,10.05,26400,25896.25
2025-10-21 14:04:00,ATM-10,CALL,558.3,558.3,555,555,300,1702875,9.43,25400,25895.75
2025-10-21 14:04:00,ATM-10,PUT,18,18.4,17.9,18.2,189825,4708125,11.36,25400,25895.75
2025-10-21 14:04:00,ATM-9,CALL,506,506,506,506,75,220350,8.94,25450,25895.75
2025-10-21 14:04:00,ATM-9,PUT,21.95,22.45,21.8,22.15,248625,1699725,11.17,25450,25895.75
2025-10-21 14:04:00,ATM-8,CALL,465,465,460.8,462.5,3900,4061175,9.37,25500,25895.75
2025-10-21 14:04:00,ATM-8,PUT,26.05,26.75,25.95,26.5,180225,9774300,10.93,25500,25895.75
2025-10-21 14:04:00,ATM-7,CALL,421.25,421.25,417.15,419.95,1050,224175,9.6,25550,25895.75
2025-10-21 14:04:00,ATM-7,PUT,31.7,32.7,31.45,32.25,57675,1254300,10.74,25550,25895.75
2025-10-21 14:04:00,ATM-6,CALL,376.65,378.25,373.6,376.1,3975,1933200,9.47,25600,25895.75
2025-10-21 14:04:00,ATM-6,PUT,38.5,39.6,38.4,39.2,159900,5199825,10.57,25600,25895.75
2025-10-21 14:04:00,ATM-5,CALL,336.6,336.85,332.95,334.9,750,421500,9.44,25650,25895.75
2025-10-21 14:04:00,ATM-5,PUT,46.7,48.35,46.7,47.8,74025,1496475,10.41,25650,25895.75
2025-10-21 14:04:00,ATM-4,CALL,297,297.4,293.7,294.55,10425,2256600,9.33,25700,25895.75
2025-10-21 14:04:00,ATM-4,PUT,57.1,58.65,56.7,58.15,121050,6926850,10.27,25700,25895.75
2025-10-21 14:04:00,ATM-3,CALL,259.75,259.8,255.9,258.45,8925,667650,9.39,25750,25895.75
2025-10-21 14:04:00,ATM-3,PUT,69.75,71.3,69.2,70.8,88725,1488075,10.17,25750,25895.75
2025-10-21 14:04:00,ATM-2,CALL,223.15,224,221,222.4,82650,4729650,9.26,25800,25895.75
2025-10-21 14:04:00,ATM-2,PUT,84.9,86.8,84.05,85.8,216150,5349450,10.08,25800,25895.75
2025-10-21 14:04:00,ATM-1,CALL,191.35,191.95,189.25,190.4,132375,2403000,9.25,25850,25895.75
2025-10-21 14:04:00,ATM-1,PUT,102.35,104.1,101.3,103.15,191475,2890575,9.99,25850,25895.75
2025-10-21 14:04:00,ATM,CALL,161.15,161.8,159,159.95,433950,8504250,9.15,25900,25895.75
2025-10-21 14:04:00,ATM,PUT,121.3,123.8,120.5,122.7,447675,6094425,9.87,25900,25895.75
2025-10-21 14:04:00,ATM+1,CALL,133.85,134.05,131.65,132.4,298350,3865800,9.06,25950,25895.75
2025-10-21 14:04:00,ATM+1,PUT,142.9,146.25,142.9,145.4,106950,1722000,9.8,25950,25895.75
2025-10-21 14:04:00,ATM+2,CALL,109.45,109.95,107.75,108.55,318675,11820000,9.02,26000,25895.75
2025-10-21 14:04:00,ATM+2,PUT,170.45,173,169.1,171.5,114150,4147125,9.76,26000,25895.75
2025-10-21 14:04:00,ATM+3,CALL,88.45,88.5,86.95,87.45,107175,2137500,8.95,26050,25895.75
2025-10-21 14:04:00,ATM+3,PUT,198.85,202,197.45,200.3,17175,290475,9.73,26050,25895.75
2025-10-21 14:04:00,ATM+4,CALL,69.8,69.9,68.25,68.6,140850,5931750,8.85,26100,25895.75
2025-10-21 14:04:00,ATM+4,PUT,230,233,229.2,231.55,12600,451500,9.68,26100,25895.75
2025-10-21 14:04:00,ATM+5,CALL,54.65,54.7,53.35,53.7,90000,2097825,8.82,26150,25895.75
2025-10-21 14:04:00,ATM+5,PUT,264,268,263.8,268,1275,81075,9.84,26150,25895.75
2025-10-21 14:04:00,ATM+6,CALL,42.05,42.2,40.85,41.25,189825,6569250,8.79,26200,25895.75
2025-10-21 14:04:00,ATM+6,PUT,303.15,306,301.8,304.8,15000,420750,9.84,26200,25895.75
2025-10-21 14:04:00,ATM+7,CALL,31.9,31.9,31,31.05,83100,1684425,8.76,26250,25895.75
2025-10-21 14:04:00,ATM+7,PUT,345.05,345.05,345.05,345.05,300,24000,9.99,26250,25895.75
2025-10-21 14:04:00,ATM+8,CALL,23.7,23.8,23,23,307050,5578650,8.72,26300,25895.75
2025-10-21 14:04:00,ATM+8,PUT,387,388,385.5,385.5,600,139050,9.96,26300,25895.75
2025-10-21 14:04:00,ATM+9,CALL,17.75,17.75,17.15,17.2,58350,1720050,8.77,26350,25895.75
2025-10-21 14:04:00,ATM+9,PUT,431,431,431,431,150,8850,10.36,26350,25895.75
2025-10-21 14:04:00,ATM+10,CALL,13,13,12.5,12.6,131400,5695725,8.79,26400,25895.75
2025-10-21 14:04:00,ATM+10,PUT,471.5,472.7,470.35,470.35,3150,144525,9.83,26400,25895.75
2025-10-21 14:05:00,ATM-10,CALL,555,556.1,555,556.1,1050,1702875,9.21,25400,25896.55
2025-10-21 14:05:00,ATM-10,PUT,18.15,18.35,17.85,18,160650,4708125,11.36,25400,25896.55
2025-10-21 14:05:00,ATM-9,CALL,511,511,510.15,510.15,225,220350,9.4,25450,25896.55
2025-10-21 14:05:00,ATM-9,PUT,22.05,22.35,21.9,21.95,223800,1699725,11.17,25450,25896.55
2025-10-21 14:05:00,ATM-8,CALL,462.5,464,460.8,464,1125,4061175,9.31,25500,25896.55
2025-10-21 14:05:00,ATM-8,PUT,26.2,26.7,25.9,26.1,181200,9774300,10.89,25500,25896.55
2025-10-21 14:05:00,ATM-7,CALL,417.7,419.05,417.7,418.85,1350,224175,9.22,25550,25896.55
2025-10-21 14:05:00,ATM-7,PUT,32.05,32.5,31.5,31.85,54225,1254300,10.71,25550,25896.55
2025-10-21 14:05:00,ATM-6,CALL,375.75,377.05,374.3,377.05,11325,1933200,9.52,25600,25896.55
2025-10-21 14:05:00,ATM-6,PUT,39.05,39.6,38.3,38.6,128775,5199825,10.54,25600,25896.55
2025-10-21 14:05:00,ATM-5,CALL,332.95,337.05,332.95,337.05,1950,421500,9.61,25650,25896.55
2025-10-21 14:05:00,ATM-5,PUT,47.5,48.2,46.6,46.9,103800,1496475,10.37,25650,25896.55
2025-10-21 14:05:00,ATM-4,CALL,294.45,296.95,294.15,296.9,11175,2256600,9.39,25700,25896.55
2025-10-21 14:05:00,ATM-4,PUT,57.9,58.65,56.55,57,153825,6926850,10.19,25700,25896.55
2025-10-21 14:05:00,ATM-3,CALL,257.7,259.5,256.3,259.5,10350,667650,9.35,25750,25896.55
2025-10-21 14:05:00,ATM-3,PUT,70.5,71.2,69,69.65,108000,1488075,10.09,25750,25896.55
2025-10-21 14:05:00,ATM-2,CALL,222.5,223.9,221.2,223.9,74850,4729650,9.27,25800,25896.55
2025-10-21 14:05:00,ATM-2,PUT,85.5,86.4,83.75,83.85,263925,5349450,9.99,25800,25896.55
2025-10-21 14:05:00,ATM-1,CALL,190.15,191.95,189.35,191.9,107625,2403000,9.33,25850,25896.55
2025-10-21 14:05:00,ATM-1,PUT,102.85,104,100.95,101.55,240450,2890575,9.89,25850,25896.55
2025-10-21 14:05:00,ATM,CALL,160,161.35,159.3,161,325575,8504250,9.19,25900,25896.55
2025-10-21 14:05:00,ATM,PUT,122.2,123.35,120.1,121.05,392550,6094425,9.77,25900,25896.55
2025-10-21 14:05:00,ATM+1,CALL,132.05,133.7,131.5,133.6,170025,3865800,9.12,25950,25896.55
2025-10-21 14:05:00,ATM+1,PUT,144.9,146.15,142.4,143.4,146025,1722000,9.73,25950,25896.55
2025-10-21 14:05:00,ATM+2,CALL,108.5,109.7,107.95,109.55,392400,11820000,9.02,26000,25896.55
2025-10-21 14:05:00,ATM+2,PUT,170.75,172,168.5,168.9,117750,4147125,9.67,26000,25896.55
2025-10-21 14:05:00,ATM+3,CALL,87.3,88.3,86.85,88,125175,2137500,8.98,26050,25896.55
2025-10-21 14:05:00,ATM+3,PUT,199.95,201.05,197.15,197.6,13125,290475,9.62,26050,25896.55
2025-10-21 14:05:00,ATM+4,CALL,68.45,69.45,68.25,69.4,171075,5931750,8.86,26100,25896.55
2025-10-21 14:05:00,ATM+4,PUT,231.3,232.8,228.45,229.2,15525,451500,9.53,26100,25896.55
2025-10-21 14:05:00,ATM+5,CALL,53.6,54.35,53.4,54.3,96525,2097825,8.83,26150,25896.55
2025-10-21 14:05:00,ATM+5,PUT,265.9,267.05,262.5,262.5,3225,81075,9.52,26150,25896.55
2025-10-21 14:05:00,ATM+6,CALL,41.05,41.75,40.8,41.6,202950,6569250,8.78,26200,25896.55
2025-10-21 14:05:00,ATM+6,PUT,303.65,305.35,300.25,302,19875,420750,9.74,26200,25896.55
2025-10-21 14:05:00,ATM+7,CALL,30.95,31.45,30.75,31.35,75450,1684425,8.75,26250,25896.55
2025-10-21 14:05:00,ATM+7,PUT,342.95,344.05,342.95,343.95,300,24000,10.02,26250,25896.55
2025-10-21 14:05:00,ATM+8,CALL,22.95,23.4,22.85,23.3,167100,5578650,8.73,26300,25896.55
2025-10-21 14:05:00,ATM+8,PUT,385.2,386,384,384,2475,139050,10,26300,25896.55
2025-10-21 14:05:00,ATM+9,CALL,17.15,17.45,17,17.2,60975,1720050,8.73,26350,25896.55
2025-10-21 14:05:00,ATM+9,PUT,431,431,431,431,0,8850,10.56,26350,25896.55
2025-10-21 14:05:00,ATM+10,CALL,12.5,12.7,12.35,12.45,107025,5695725,8.73,26400,25896.55
2025-10-21 14:05:00,ATM+10,PUT,471.45,471.45,471,471,1575,144525,10.17,26400,25896.55
2025-10-21 14:06:00,ATM-10,CALL,558.2,558.35,554.15,554.7,900,1703250,9.6,25400,25893.1
2025-10-21 14:06:00,ATM-10,PUT,17.95,18.4,17.8,18.35,117225,4672575,11.37,25400,25893.1
2025-10-21 14:06:00,ATM-9,CALL,514.15,514.15,512.1,512.1,150,220350,10.26,25450,25893.1
2025-10-21 14:06:00,ATM-9,PUT,21.9,22.5,21.85,22.5,161400,2091825,11.2,25450,25893.1
2025-10-21 14:06:00,ATM-8,CALL,465,465.55,461.75,461.8,13800,4057350,9.42,25500,25893.1
2025-10-21 14:06:00,ATM-8,PUT,26.1,26.7,25.85,26.7,138225,9764550,10.94,25500,25893.1
2025-10-21 14:06:00,ATM-7,CALL,421,421,418.4,418.4,450,222750,9.5,25550,25893.1
2025-10-21 14:06:00,ATM-7,PUT,31.65,32.35,31.5,32.35,58200,1277325,10.74,25550,25893.1
2025-10-21 14:06:00,ATM-6,CALL,378,379.15,374.9,375.65,12750,1930500,9.52,25600,25893.1
2025-10-21 14:06:00,ATM-6,PUT,38.55,39.4,38.15,39.4,147150,5283900,10.57,25600,25893.1
2025-10-21 14:06:00,ATM-5,CALL,336.1,337.95,335,335.35,3750,421725,9.55,25650,25893.1
2025-10-21 14:06:00,ATM-5,PUT,46.75,47.85,46.45,47.85,112725,1501725,10.4,25650,25893.1
2025-10-21 14:06:00,ATM-4,CALL,296.55,297.9,294.45,295.05,17175,2259525,9.42,25700,25893.1
2025-10-21 14:06:00,ATM-4,PUT,57,58.15,56.35,58.15,140850,6949725,10.26,25700,25893.1
2025-10-21 14:06:00,ATM-3,CALL,259.1,260.05,256.9,257.4,17775,669825,9.37,25750,25893.1
2025-10-21 14:06:00,ATM-3,PUT,69.3,70.55,68.75,70.5,85950,1489425,10.11,25750,25893.1
2025-10-21 14:06:00,ATM-2,CALL,223.45,224.6,221.75,222,112200,4770000,9.27,25800,25893.1
2025-10-21 14:06:00,ATM-2,PUT,84,85.75,83.65,85.7,266775,5427675,10.05,25800,25893.1
2025-10-21 14:06:00,ATM-1,CALL,191.9,192.55,190,190.2,180225,2470725,9.28,25850,25893.1
2025-10-21 14:06:00,ATM-1,PUT,101.55,102.9,100.55,102.9,203550,2938725,9.94,25850,25893.1
2025-10-21 14:06:00,ATM,CALL,161,161.9,159.75,159.75,495675,8680800,9.17,25900,25893.1
2025-10-21 14:06:00,ATM,PUT,120.8,122.45,120,122.45,445875,6250200,9.83,25900,25893.1
2025-10-21 14:06:00,ATM+1,CALL,133.75,134.4,132.25,132.6,241425,3828075,9.11,25950,25893.1
2025-10-21 14:06:00,ATM+1,PUT,143.2,145,142.15,145,117375,1805625,9.75,25950,25893.1
2025-10-21 14:06:00,ATM+2,CALL,109.7,110.15,108.45,108.45,502800,11914650,9.03,26000,25893.1
2025-10-21 14:06:00,ATM+2,PUT,169.1,171.3,167.95,171.3,148200,4138950,9.71,26000,25893.1
2025-10-21 14:06:00,ATM+3,CALL,88.15,88.75,87.1,87.2,167025,2200275,8.97,26050,25893.1
2025-10-21 14:06:00,ATM+3,PUT,198.05,200,196.6,200,15450,293475,9.66,26050,25893.1
2025-10-21 14:06:00,ATM+4,CALL,69.5,69.9,68.5,68.65,190275,5987250,8.88,26100,25893.1
2025-10-21 14:06:00,ATM+4,PUT,229.4,231.7,228.05,231.7,15450,453000,9.65,26100,25893.1
2025-10-21 14:06:00,ATM+5,CALL,54.2,54.8,53.6,53.65,113550,2120625,8.85,26150,25893.1
2025-10-21 14:06:00,ATM+5,PUT,263.95,266,262.65,266,1350,80850,9.62,26150,25893.1
2025-10-21 14:06:00,ATM+6,CALL,41.7,42,40.9,41.15,243600,6626775,8.81,26200,25893.1
2025-10-21 14:06:00,ATM+6,PUT,302.05,304,300,303.5,4125,406950,9.68,26200,25893.1
2025-10-21 14:06:00,ATM+7,CALL,31.45,31.75,31.05,31.1,124725,1737975,8.78,26250,25893.1
2025-10-21 14:06:00,ATM+7,PUT,343,343,343,343,825,24225,9.71,26250,25893.1
2025-10-21 14:06:00,ATM+8,CALL,23.25,23.55,22.9,23,187350,5502675,8.74,26300,25893.1
2025-10-21 14:06:00,ATM+8,PUT,382.1,385,382,383.2,1350,139050,9.62,26300,25893.1
2025-10-21 14:06:00,ATM+9,CALL,17.25,17.55,16.95,17.05,77850,1757925,8.76,26350,25893.1
2025-10-21 14:06:00,ATM+9,PUT,427.25,427.25,427.25,427.25,75,8850,9.83,26350,25893.1
2025-10-21 14:06:00,ATM+10,CALL,12.55,12.75,12.2,12.3,144525,5727525,8.76,26400,25893.1
2025-10-21 14:06:00,ATM+10,PUT,470,470.05,470,470.05,225,144525,9.64,26400,25893.1
2025-10-21 14:07:00,ATM-10,CALL,555.45,556.3,555.45,556.3,300,1703250,9.51,25400,25895.6
2025-10-21 14:07:00,ATM-10,PUT,18.5,18.5,18,18.1,101550,4672575,11.34,25400,25895.6
2025-10-21 14:07:00,ATM-9,CALL,509.05,509.05,508.35,508.35,225,220350,9.22,25450,25895.6
2025-10-21 14:07:00,ATM-9,PUT,22.35,22.4,21.9,22.05,189675,2091825,11.17,25450,25895.6
2025-10-21 14:07:00,ATM-8,CALL,462.6,464.35,462.2,464.2,5550,4057350,9.71,25500,25895.6
2025-10-21 14:07:00,ATM-8,PUT,26.55,26.7,26,26.1,165000,9764550,10.89,25500,25895.6
2025-10-21 14:07:00,ATM-7,CALL,418.25,418.25,418.25,418.25,75,222750,9.27,25550,25895.6
2025-10-21 14:07:00,ATM-7,PUT,32.35,32.35,31.65,31.85,45600,1277325,10.72,25550,25895.6
2025-10-21 14:07:00,ATM-6,CALL,375.45,377.55,374.9,376.95,14775,1930500,9.47,25600,25895.6
2025-10-21 14:07:00,ATM-6,PUT,39.3,39.5,38.55,38.7,145725,5283900,10.53,25600,25895.6
2025-10-21 14:07:00,ATM-5,CALL,334.8,336,334.4,335.25,750,421725,9.4,25650,25895.6
2025-10-21 14:07:00,ATM-5,PUT,47.9,47.95,46.85,47.3,45150,1501725,10.36,25650,25895.6
2025-10-21 14:07:00,ATM-4,CALL,295.1,296.5,294.45,296.5,13875,2259525,9.53,25700,25895.6
2025-10-21 14:07:00,ATM-4,PUT,57.85,58.3,56.75,57.1,102525,6949725,10.2,25700,25895.6
2025-10-21 14:07:00,ATM-3,CALL,257.25,259,256.85,258.05,5550,669825,9.3,25750,25895.6
2025-10-21 14:07:00,ATM-3,PUT,70.45,70.95,69.25,69.75,47400,1489425,10.11,25750,25895.6
2025-10-21 14:07:00,ATM-2,CALL,222.1,223.45,222.05,222.4,65025,4770000,9.21,25800,25895.6
2025-10-21 14:07:00,ATM-2,PUT,85.5,85.75,84,84.55,181200,5427675,10.01,25800,25895.6
2025-10-21 14:07:00,ATM-1,CALL,190.4,191.4,189.9,190.9,65250,2470725,9.24,25850,25895.6
2025-10-21 14:07:00,ATM-1,PUT,102.7,103.15,101.25,101.85,151350,2938725,9.87,25850,25895.6
2025-10-21 14:07:00,ATM,CALL,160.15,161.15,159.9,160.6,221700,8680800,9.16,25900,25895.6
2025-10-21 14:07:00,ATM,PUT,122.45,122.85,120.65,121,271800,6250200,9.79,25900,25895.6
2025-10-21 14:07:00,ATM+1,CALL,132.6,133.65,132.45,133.15,106275,3828075,9.13,25950,25895.6
2025-10-21 14:07:00,ATM+1,PUT,144.9,145.35,143.35,143.8,75825,1805625,9.67,25950,25895.6
2025-10-21 14:07:00,ATM+2,CALL,108.65,109.5,108.45,109.05,214575,11914650,9.02,26000,25895.6
2025-10-21 14:07:00,ATM+2,PUT,171.15,171.3,169.2,170.05,69075,4138950,9.71,26000,25895.6
2025-10-21 14:07:00,ATM+3,CALL,87.6,88.15,87.15,87.65,68850,2200275,8.99,26050,25895.6
2025-10-21 14:07:00,ATM+3,PUT,200.1,200.55,198,198.5,10200,293475,9.65,26050,25895.6
2025-10-21 14:07:00,ATM+4,CALL,68.7,69.35,68.55,69.15,102600,5987250,8.87,26100,25895.6
2025-10-21 14:07:00,ATM+4,PUT,231.75,232,229.5,229.9,14175,453000,9.61,26100,25895.6
2025-10-21 14:07:00,ATM+5,CALL,53.9,54.3,53.7,54,50100,2120625,8.86,26150,25895.6
2025-10-21 14:07:00,ATM+5,PUT,264.2,265.3,264.2,264.4,1500,80850,9.61,26150,25895.6
2025-10-21 14:07:00,ATM+6,CALL,41.35,41.8,41.2,41.5,132900,6626775,8.79,26200,25895.6
2025-10-21 14:07:00,ATM+6,PUT,303.95,304.7,302,302,3075,406950,9.67,26200,25895.6
2025-10-21 14:07:00,ATM+7,CALL,31.2,31.55,31.05,31.2,71175,1737975,8.75,26250,25895.6
2025-10-21 14:07:00,ATM+7,PUT,343,343,343,343,0,24225,9.86,26250,25895.6
2025-10-21 14:07:00,ATM+8,CALL,23.1,23.35,22.95,23.1,175650,5502675,8.75,26300,25895.6
2025-10-21 14:07:00,ATM+8,PUT,385,385,384,384,1575,141150,9.77,26300,25895.6
2025-10-21 14:07:00,ATM+9,CALL,17.05,17.35,17,17.15,54900,1757925,8.77,26350,25895.6
2025-10-21 14:07:00,ATM+9,PUT,427.25,427.25,427.25,427.25,0,8850,10.02,26350,25895.6
2025-10-21 14:07:00,ATM+10,CALL,12.4,12.55,12.2,12.4,182775,5727525,8.77,26400,25895.6
2025-10-21 14:07:00,ATM+10,PUT,474.5,474.5,471.4,473,450,150225,10.13,26400,25895.6
2025-10-21 14:08:00,ATM-10,CALL,556.3,556.35,552.9,552.9,525,1703250,8.92,25400,25894.9
2025-10-21 14:08:00,ATM-10,PUT,18.1,18.6,17.9,18.3,150000,4672575,11.38,25400,25894.9
2025-10-21 14:08:00,ATM-9,CALL,509.8,509.8,509.8,509.8,225,220350,9.76,25450,25894.9
2025-10-21 14:08:00,ATM-9,PUT,21.95,22.6,21.85,22.3,123000,2091825,11.19,25450,25894.9
2025-10-21 14:08:00,ATM-8,CALL,464,464,459.65,460.1,3000,4057350,9,25500,25894.9
2025-10-21 14:08:00,ATM-8,PUT,26,26.75,25.9,26.45,186825,9764550,10.92,25500,25894.9
2025-10-21 14:08:00,ATM-7,CALL,418,418.05,414.6,417.95,750,222750,9.37,25550,25894.9
2025-10-21 14:08:00,ATM-7,PUT,31.6,32.55,31.55,32.3,49575,1277325,10.75,25550,25894.9
2025-10-21 14:08:00,ATM-6,CALL,377.1,377.15,372.35,374.55,5025,1930500,9.33,25600,25894.9
2025-10-21 14:08:00,ATM-6,PUT,38.75,39.55,38.35,39.3,150975,5283900,10.57,25600,25894.9
2025-10-21 14:08:00,ATM-5,CALL,335.9,336.05,331.85,334,5175,421725,9.39,25650,25894.9
2025-10-21 14:08:00,ATM-5,PUT,46.85,48.1,46.75,47.8,61350,1501725,10.41,25650,25894.9
2025-10-21 14:08:00,ATM-4,CALL,296.4,296.75,292,294.3,7950,2259525,9.33,25700,25894.9
2025-10-21 14:08:00,ATM-4,PUT,57,58.3,56.6,57.55,116100,6949725,10.22,25700,25894.9
2025-10-21 14:08:00,ATM-3,CALL,258.9,258.9,254.25,256.8,12750,669825,9.27,25750,25894.9
2025-10-21 14:08:00,ATM-3,PUT,69.3,71.1,69,70.4,53025,1489425,10.14,25750,25894.9
2025-10-21 14:08:00,ATM-2,CALL,223.05,223.25,219.1,221.5,102300,4770000,9.22,25800,25894.9
2025-10-21 14:08:00,ATM-2,PUT,84.65,85.95,83.85,85.55,231825,5427675,10.05,25800,25894.9
2025-10-21 14:08:00,ATM-1,CALL,191.05,191.2,187.2,189.55,173850,2470725,9.21,25850,25894.9
2025-10-21 14:08:00,ATM-1,PUT,101.35,103.5,101.15,103.15,208425,2938725,9.99,25850,25894.9
2025-10-21 14:08:00,ATM,CALL,161,161,157.5,159.35,437475,8680800,9.12,25900,25894.9
2025-10-21 14:08:00,ATM,PUT,120.55,123.05,120.4,122.5,322950,6250200,9.86,25900,25894.9
2025-10-21 14:08:00,ATM+1,CALL,133.2,133.35,130.2,132,193425,3828075,9.04,25950,25894.9
2025-10-21 14:08:00,ATM+1,PUT,143.5,145.85,143,144.85,94575,1805625,9.75,25950,25894.9
2025-10-21 14:08:00,ATM+2,CALL,109.2,109.45,106.75,108.15,373725,11914650,9,26000,25894.9
2025-10-21 14:08:00,ATM+2,PUT,169.3,172.05,169,171.45,107700,4138950,9.75,26000,25894.9
2025-10-21 14:08:00,ATM+3,CALL,87.85,88,85.75,86.95,148125,2200275,8.93,26050,25894.9
2025-10-21 14:08:00,ATM+3,PUT,198.4,201.5,197.7,199.4,15900,293475,9.65,26050,25894.9
2025-10-21 14:08:00,ATM+4,CALL,69.3,69.3,67.2,68.45,182325,5987250,8.85,26100,25894.9
2025-10-21 14:08:00,ATM+4,PUT,229.6,233,229,231.95,15300,453000,9.7,26100,25894.9
2025-10-21 14:08:00,ATM+5,CALL,54.35,54.35,52.55,53.45,113925,2120625,8.81,26150,25894.9
2025-10-21 14:08:00,ATM+5,PUT,264.05,268.1,264,266.3,1500,80850,9.69,26150,25894.9
2025-10-21 14:08:00,ATM+6,CALL,41.65,41.65,40.2,40.9,193725,6626775,8.77,26200,25894.9
2025-10-21 14:08:00,ATM+6,PUT,302.7,306.3,301.5,304.9,8325,406950,9.83,26200,25894.9
2025-10-21 14:08:00,ATM+7,CALL,31.35,31.4,30.35,30.85,103275,1737975,8.74,26250,25894.9
2025-10-21 14:08:00,ATM+7,PUT,344,344,344,344,300,24225,9.87,26250,25894.9
2025-10-21 14:08:00,ATM+8,CALL,23.2,23.2,22.4,22.85,193050,5502675,8.72,26300,25894.9
2025-10-21 14:08:00,ATM+8,PUT,384,388.2,384,386.55,1875,141150,10.05,26300,25894.9
2025-10-21 14:08:00,ATM+9,CALL,17.1,17.2,16.5,16.95,115050,1757925,8.74,26350,25894.9
2025-10-21 14:08:00,ATM+9,PUT,427.25,427.25,427.25,427.25,0,8850,9.87,26350,25894.9
2025-10-21 14:08:00,ATM+10,CALL,12.35,12.45,11.95,12.2,154350,5727525,8.73,26400,25894.9
2025-10-21 14:08:00,ATM+10,PUT,473,473,473,473,0,150225,10.15,26400,25894.9
2025-10-21 14:09:00,ATM-10,CALL,554.45,554.45,551.5,553.4,450,1702275,9.44,25400,25893.35
2025-10-21 14:09:00,ATM-10,PUT,18.35,18.35,18.05,18.3,93375,4751475,11.36,25400,25893.35
2025-10-21 14:09:00,ATM-9,CALL,507.9,507.9,506,506,300,220350,9.17,25450,25893.35
2025-10-21 14:09:00,ATM-9,PUT,22.25,22.35,21.9,22.25,65775,2210475,11.17,25450,25893.35
2025-10-21 14:09:00,ATM-8,CALL,461,462.1,460,461.4,3525,4056450,9.44,25500,25893.35
2025-10-21 14:09:00,ATM-8,PUT,26.45,26.55,26.05,26.45,189300,9764025,10.9,25500,25893.35
2025-10-21 14:09:00,ATM-7,CALL,417,417,417,417,75,222750,9.37,25550,25893.35
2025-10-21 14:09:00,ATM-7,PUT,32.3,32.35,31.65,32.15,27675,1280025,10.71,25550,25893.35
2025-10-21 14:09:00,ATM-6,CALL,375,375.65,372.65,374,11100,1926300,9.35,25600,25893.35
2025-10-21 14:09:00,ATM-6,PUT,39.2,39.25,38.55,39.25,135300,5375025,10.54,25600,25893.35
2025-10-21 14:09:00,ATM-5,CALL,333.3,333.35,332,333.2,1125,420825,9.37,25650,25893.35
2025-10-21 14:09:00,ATM-5,PUT,47.6,47.9,46.8,47.8,57075,1502175,10.38,25650,25893.35
2025-10-21 14:09:00,ATM-4,CALL,293.8,294.4,292.5,293.45,5775,2259825,9.31,25700,25893.35
2025-10-21 14:09:00,ATM-4,PUT,57.75,58,56.75,57.85,139200,6962850,10.23,25700,25893.35
2025-10-21 14:09:00,ATM-3,CALL,256,257,255,256.05,7275,671550,9.27,25750,25893.35
2025-10-21 14:09:00,ATM-3,PUT,70.45,70.7,69.2,70.45,62400,1502700,10.11,25750,25893.35
2025-10-21 14:09:00,ATM-2,CALL,221,221.55,219.8,220.35,58725,4799175,9.17,25800,25893.35
2025-10-21 14:09:00,ATM-2,PUT,85.25,85.8,84,85.5,194175,5454900,10.02,25800,25893.35
2025-10-21 14:09:00,ATM-1,CALL,189.15,189.7,188.15,188.85,83475,2474700,9.22,25850,25893.35
2025-10-21 14:09:00,ATM-1,PUT,102.75,103.45,101.3,103.2,187650,3000975,9.95,25850,25893.35
2025-10-21 14:09:00,ATM,CALL,159.35,159.35,158,158.6,282750,8730600,9.11,25900,25893.35
2025-10-21 14:09:00,ATM,PUT,122.4,122.8,120.85,122.5,310575,6318075,9.81,25900,25893.35
2025-10-21 14:09:00,ATM+1,CALL,132.15,132.15,130.7,131,136350,3824100,9.03,25950,25893.35
2025-10-21 14:09:00,ATM+1,PUT,144.9,145.7,143.55,145.7,75000,1824375,9.76,25950,25893.35
2025-10-21 14:09:00,ATM+2,CALL,108.3,108.3,107.05,107.6,203025,11975550,8.99,26000,25893.35
2025-10-21 14:09:00,ATM+2,PUT,171.4,172.05,169.5,171.95,96225,4163400,9.73,26000,25893.35
2025-10-21 14:09:00,ATM+3,CALL,87.05,87.05,85.95,86.35,115125,2207100,8.91,26050,25893.35
2025-10-21 14:09:00,ATM+3,PUT,200.5,201.05,198.7,200.4,4425,297000,9.67,26050,25893.35
2025-10-21 14:09:00,ATM+4,CALL,68.45,68.45,67.4,67.8,145950,5965800,8.83,26100,25893.35
2025-10-21 14:09:00,ATM+4,PUT,231.9,232.65,230.45,232.4,5025,452850,9.69,26100,25893.35
2025-10-21 14:09:00,ATM+5,CALL,53.45,53.5,52.85,53.15,81525,2153025,8.82,26150,25893.35
2025-10-21 14:09:00,ATM+5,PUT,266,266.9,265.45,266.9,1575,80025,9.68,26150,25893.35
2025-10-21 14:09:00,ATM+6,CALL,40.95,41.05,40.45,40.5,119850,6672600,8.76,26200,25893.35
2025-10-21 14:09:00,ATM+6,PUT,302.6,306.05,302.6,304.75,10050,403500,9.73,26200,25893.35
2025-10-21 14:09:00,ATM+7,CALL,30.95,30.95,30.5,30.65,52800,1762950,8.74,26250,25893.35
2025-10-21 14:09:00,ATM+7,PUT,344,344,344,344,0,24225,9.75,26250,25893.35
2025-10-21 14:09:00,ATM+8,CALL,22.9,22.9,22.45,22.45,152400,5491650,8.69,26300,25893.35
2025-10-21 14:09:00,ATM+8,PUT,385.65,387.45,383.75,385.95,4350,143475,9.92,26300,25893.35
2025-10-21 14:09:00,ATM+9,CALL,16.95,16.95,16.6,16.6,54750,1781775,8.69,26350,25893.35
2025-10-21 14:09:00,ATM+9,PUT,429.8,429.8,429.8,429.8,75,8925,10.05,26350,25893.35
2025-10-21 14:09:00,ATM+10,CALL,12.3,12.3,12,12,141075,5702025,8.7,26400,25893.35
2025-10-21 14:09:00,ATM+10,PUT,473,473,473,473,0,150225,10.05,26400,25893.35
2025-10-21 14:10:00,ATM-10,CALL,553.4,553.4,553.4,553.4,600,1702275,9.53,25400,25890.95
2025-10-21 14:10:00,ATM-10,PUT,18.3,18.3,17.4,17.9,172950,4751475,11.28,25400,25890.95
2025-10-21 14:10:00,ATM-9,CALL,506,506,506,506,0,220350,9.36,25450,25890.95
2025-10-21 14:10:00,ATM-9,PUT,22.25,22.25,21.35,21.85,174450,2210475,11.1,25450,25890.95
2025-10-21 14:10:00,ATM-8,CALL,460.05,463.9,458.65,459.3,4050,4056450,9.19,25500,25890.95
2025-10-21 14:10:00,ATM-8,PUT,26.4,26.4,25.25,26.05,298425,9764025,10.84,25500,25890.95
2025-10-21 14:10:00,ATM-7,CALL,418.45,418.45,415.4,415.4,300,222750,9.27,25550,25890.95
2025-10-21 14:10:00,ATM-7,PUT,32.2,32.2,30.9,31.9,102525,1280025,10.67,25550,25890.95
2025-10-21 14:10:00,ATM-6,CALL,374.2,375.9,371.4,372,14850,1926300,9.22,25600,25890.95
2025-10-21 14:10:00,ATM-6,PUT,39.1,39.15,37.6,38.95,232425,5375025,10.5,25600,25890.95
2025-10-21 14:10:00,ATM-5,CALL,333.25,334.5,330,331,2550,420825,9.24,25650,25890.95
2025-10-21 14:10:00,ATM-5,PUT,47.75,47.75,45.9,47.15,204825,1502175,10.31,25650,25890.95
2025-10-21 14:10:00,ATM-4,CALL,293.3,295.5,290.65,290.65,30600,2259825,9.13,25700,25890.95
2025-10-21 14:10:00,ATM-4,PUT,57.7,57.85,55.9,57.55,202800,6962850,10.18,25700,25890.95
2025-10-21 14:10:00,ATM-3,CALL,255.25,257.85,253.35,253.55,17175,671550,9.13,25750,25890.95
2025-10-21 14:10:00,ATM-3,PUT,70.4,70.55,68.8,70.2,110325,1502700,10.07,25750,25890.95
2025-10-21 14:10:00,ATM-2,CALL,220.75,222.6,218.4,218.45,116775,4799175,9.09,25800,25890.95
2025-10-21 14:10:00,ATM-2,PUT,85.05,85.65,83.3,85.15,262125,5454900,9.98,25800,25890.95
2025-10-21 14:10:00,ATM-1,CALL,188.85,190.95,187,187,153900,2474700,9.11,25850,25890.95
2025-10-21 14:10:00,ATM-1,PUT,102.95,103.35,100.35,102.9,274050,3000975,9.91,25850,25890.95
2025-10-21 14:10:00,ATM,CALL,158.65,160.05,157.1,157.15,423000,8730600,9.04,25900,25890.95
2025-10-21 14:10:00,ATM,PUT,122.45,123.05,120.2,122.15,566775,6318075,9.77,25900,25890.95
2025-10-21 14:10:00,ATM+1,CALL,131.05,132.8,129.45,129.45,220800,3824100,8.94,25950,25890.95
2025-10-21 14:10:00,ATM+1,PUT,145.25,146,142.6,145.25,140625,1824375,9.71,25950,25890.95
2025-10-21 14:10:00,ATM+2,CALL,107.35,108.8,105.85,106,444900,11975550,8.91,26000,25890.95
2025-10-21 14:10:00,ATM+2,PUT,171.85,172.2,168.75,171.1,164775,4163400,9.66,26000,25890.95
2025-10-21 14:10:00,ATM+3,CALL,86.1,87.45,84.75,84.75,166350,2207100,8.83,26050,25890.95
2025-10-21 14:10:00,ATM+3,PUT,200,201.45,198,200.8,23550,297000,9.67,26050,25890.95
2025-10-21 14:10:00,ATM+4,CALL,67.75,68.7,66.6,66.6,234075,5965800,8.75,26100,25890.95
2025-10-21 14:10:00,ATM+4,PUT,232.1,233.5,228.9,233,14550,452850,9.68,26100,25890.95
2025-10-21 14:10:00,ATM+5,CALL,53,53.8,51.85,51.85,139200,2153025,8.72,26150,25890.95
2025-10-21 14:10:00,ATM+5,PUT,266,268.35,264.35,267.75,2400,80025,9.69,26150,25890.95
2025-10-21 14:10:00,ATM+6,CALL,40.5,41.35,39.6,39.6,410700,6672600,8.69,26200,25890.95
2025-10-21 14:10:00,ATM+6,PUT,304.85,306,301,305.4,5100,403500,9.75,26200,25890.95
2025-10-21 14:10:00,ATM+7,CALL,30.55,31.1,29.85,29.95,121125,1762950,8.69,26250,25890.95
2025-10-21 14:10:00,ATM+7,PUT,343.85,345,342.3,345,1200,23850,9.82,26250,25890.95
2025-10-21 14:10:00,ATM+8,CALL,22.55,23,21.9,21.95,349875,5491650,8.64,26300,25890.95
2025-10-21 14:10:00,ATM+8,PUT,384.5,388,382.6,386.75,4200,143475,9.92,26300,25890.95
2025-10-21 14:10:00,ATM+9,CALL,16.6,17.1,16.1,16.25,158250,1781775,8.67,26350,25890.95
2025-10-21 14:10:00,ATM+9,PUT,431.15,432.2,430.3,430.3,1800,8925,10.04,26350,25890.95
2025-10-21 14:10:00,ATM+10,CALL,12.05,12.3,11.65,11.65,250125,5702025,8.66,26400,25890.95
2025-10-21 14:10:00,ATM+10,PUT,474.1,477.2,470.2,477.2,2475,150300,10.5,26400,25890.95
2025-10-21 14:11:00,ATM-10,CALL,549.1,554,549.1,554,1200,1702275,9.42,25400,25893.8
2025-10-21 14:11:00,ATM-10,PUT,17.85,18.1,17.5,17.7,125850,4751475,11.27,25400,25893.8
2025-10-21 14:11:00,ATM-9,CALL,505.65,506.65,505.65,506.65,150,220350,9.27,25450,25893.8
2025-10-21 14:11:00,ATM-9,PUT,21.75,22.05,21.4,21.65,81975,2210475,11.09,25450,25893.8
2025-10-21 14:11:00,ATM-8,CALL,459.6,463.1,457,461.2,16125,4056450,9.32,25500,25893.8
2025-10-21 14:11:00,ATM-8,PUT,25.8,26.25,25.5,25.9,194400,9764025,10.84,25500,25893.8
2025-10-21 14:11:00,ATM-7,CALL,417.95,417.95,415.15,415.15,825,222750,9.09,25550,25893.8
2025-10-21 14:11:00,ATM-7,PUT,31.65,32.05,31.15,31.45,99525,1280025,10.63,25550,25893.8
2025-10-21 14:11:00,ATM-6,CALL,372.8,374.85,370,372.95,24000,1926300,9.21,25600,25893.8
2025-10-21 14:11:00,ATM-6,PUT,38.25,39,37.85,38.5,178875,5375025,10.48,25600,25893.8
2025-10-21 14:11:00,ATM-5,CALL,332.25,333,328.9,332.15,2925,420825,9.26,25650,25893.8
2025-10-21 14:11:00,ATM-5,PUT,46.8,47.65,46.45,47,143775,1502175,10.32,25650,25893.8
2025-10-21 14:11:00,ATM-4,CALL,291.8,293.65,290,291.65,33600,2259825,9.13,25700,25893.8
2025-10-21 14:11:00,ATM-4,PUT,57.15,57.95,56.35,57.3,226800,6962850,10.18,25700,25893.8
2025-10-21 14:11:00,ATM-3,CALL,254.8,256.25,252.35,254.4,40575,671550,9.13,25750,25893.8
2025-10-21 14:11:00,ATM-3,PUT,69.5,70.75,68.7,69.65,139950,1502700,10.05,25750,25893.8
2025-10-21 14:11:00,ATM-2,CALL,219.4,221,217.05,218.8,171900,4799175,9.04,25800,25893.8
2025-10-21 14:11:00,ATM-2,PUT,84.45,85.7,83.45,84.9,307725,5454900,9.99,25800,25893.8
2025-10-21 14:11:00,ATM-1,CALL,187.85,189.3,185.5,187.5,189900,2474700,9.1,25850,25893.8
2025-10-21 14:11:00,ATM-1,PUT,102.35,103.45,101.2,102.15,259725,3000975,9.89,25850,25893.8
2025-10-21 14:11:00,ATM,CALL,157,158.8,155.4,157.75,603450,8730600,9.04,25900,25893.8
2025-10-21 14:11:00,ATM,PUT,121.5,123.1,120.45,121.7,563100,6318075,9.77,25900,25893.8
2025-10-21 14:11:00,ATM+1,CALL,130.5,131.4,128.85,130.05,274725,3824100,8.94,25950,25893.8
2025-10-21 14:11:00,ATM+1,PUT,143.95,145.95,142.95,145,144600,1824375,9.74,25950,25893.8
2025-10-21 14:11:00,ATM+2,CALL,106.35,107.25,104.9,106.3,761025,11975550,8.89,26000,25893.8
2025-10-21 14:11:00,ATM+2,PUT,170.8,172.45,169,171,200700,4163400,9.69,26000,25893.8
2025-10-21 14:11:00,ATM+3,CALL,85.1,86.35,84,85.05,227325,2207100,8.82,26050,25893.8
2025-10-21 14:11:00,ATM+3,PUT,198.95,201.4,197.9,200.35,25125,297000,9.69,26050,25893.8
2025-10-21 14:11:00,ATM+4,CALL,67,67.6,65.9,66.7,327300,5965800,8.73,26100,25893.8
2025-10-21 14:11:00,ATM+4,PUT,231.6,233.8,230,231.7,30300,452850,9.64,26100,25893.8
2025-10-21 14:11:00,ATM+5,CALL,52.35,52.8,51.25,51.85,219150,2153025,8.69,26150,25893.8
2025-10-21 14:11:00,ATM+5,PUT,265.75,269.15,265.2,266.15,15825,80025,9.62,26150,25893.8
2025-10-21 14:11:00,ATM+6,CALL,39.75,40.15,38.75,39.5,534150,6672600,8.66,26200,25893.8
2025-10-21 14:11:00,ATM+6,PUT,303.9,306.35,302,304.65,15375,403500,9.77,26200,25893.8
2025-10-21 14:11:00,ATM+7,CALL,29.8,30.2,28.95,29.8,236325,1762950,8.64,26250,25893.8
2025-10-21 14:11:00,ATM+7,PUT,343.6,347.9,342,344.3,3900,23850,9.84,26250,25893.8
2025-10-21 14:11:00,ATM+8,CALL,22.15,22.15,21.35,21.85,368325,5491650,8.6,26300,25893.8
2025-10-21 14:11:00,ATM+8,PUT,385.4,388.2,383.4,386,9750,143475,9.94,26300,25893.8
2025-10-21 14:11:00,ATM+9,CALL,16.2,16.4,15.8,16.05,193050,1781775,8.61,26350,25893.8
2025-10-21 14:11:00,ATM+9,PUT,434.3,434.3,428.15,428.15,2100,8925,9.92,26350,25893.8
2025-10-21 14:11:00,ATM+10,CALL,11.85,11.85,11.35,11.6,251850,5702025,8.63,26400,25893.8
2025-10-21 14:11:00,ATM+10,PUT,474.9,475,473,474.6,4125,150300,10.29,26400,25893.8
2025-10-21 14:12:00,ATM-10,CALL,553.4,555,553.4,555,900,1702350,8.63,25400,25898.2
2025-10-21 14:12:00,ATM-10,PUT,17.8,17.9,17.1,17.1,131700,4778700,11.24,25400,25898.2
2025-10-21 14:12:00,ATM-9,CALL,506.2,508.2,506.2,508.2,225,220350,8.78,25450,25898.2
2025-10-21 14:12:00,ATM-9,PUT,21.65,21.8,20.7,20.7,182250,2357475,11.01,25450,25898.2
2025-10-21 14:12:00,ATM-8,CALL,459.75,463.5,459.75,462.35,5250,4059675,8.88,25500,25898.2
2025-10-21 14:12:00,ATM-8,PUT,25.8,25.95,24.75,24.75,282000,9806550,10.77,25500,25898.2
2025-10-21 14:12:00,ATM-7,CALL,419.25,419.25,419.25,419.25,150,222375,9.16,25550,25898.2
2025-10-21 14:12:00,ATM-7,PUT,31.55,31.85,30.1,30.1,100725,1302075,10.55,25550,25898.2
2025-10-21 14:12:00,ATM-6,CALL,372.55,375.85,372,374.65,23250,1919400,9,25600,25898.2
2025-10-21 14:12:00,ATM-6,PUT,38.35,38.6,36.75,36.75,188175,5534550,10.39,25600,25898.2
2025-10-21 14:12:00,ATM-5,CALL,330.85,334.9,330.85,334.9,1500,423150,9.13,25650,25898.2
2025-10-21 14:12:00,ATM-5,PUT,46.85,47.2,44.8,44.8,138000,1576350,10.19,25650,25898.2
2025-10-21 14:12:00,ATM-4,CALL,291.9,295,291,295,10800,2256300,9.16,25700,25898.2
2025-10-21 14:12:00,ATM-4,PUT,57.2,57.5,54.95,54.95,237075,6979425,10.07,25700,25898.2
2025-10-21 14:12:00,ATM-3,CALL,254.55,256.95,253.6,256.5,15375,700200,9.04,25750,25898.2
2025-10-21 14:12:00,ATM-3,PUT,70.1,70.2,67.7,67.7,99750,1520625,10,25750,25898.2
2025-10-21 14:12:00,ATM-2,CALL,218.75,221.65,218,221.6,139275,4866450,9.01,25800,25898.2
2025-10-21 14:12:00,ATM-2,PUT,84.9,85.15,82,82,351750,5599650,9.9,25800,25898.2
2025-10-21 14:12:00,ATM-1,CALL,187.3,189.95,186.5,189.4,122025,2533200,9.04,25850,25898.2
2025-10-21 14:12:00,ATM-1,PUT,102.55,102.7,99.3,99.3,320400,3089625,9.81,25850,25898.2
2025-10-21 14:12:00,ATM,CALL,157.45,159.05,156.65,159.05,351900,8841675,8.98,25900,25898.2
2025-10-21 14:12:00,ATM,PUT,121.8,122.3,118.35,118.35,581025,6566550,9.68,25900,25898.2
2025-10-21 14:12:00,ATM+1,CALL,130.2,132.15,129.5,132.15,230775,3864900,8.94,25950,25898.2
2025-10-21 14:12:00,ATM+1,PUT,144.75,145,141.05,141.05,134100,1861275,9.64,25950,25898.2
2025-10-21 14:12:00,ATM+2,CALL,106.4,107.8,105.7,107.55,361950,12014850,8.86,26000,25898.2
2025-10-21 14:12:00,ATM+2,PUT,171,171.5,167.25,167.25,131925,4233225,9.6,26000,25898.2
2025-10-21 14:12:00,ATM+3,CALL,85.2,86.7,84.85,86.6,128175,2218500,8.79,26050,25898.2
2025-10-21 14:12:00,ATM+3,PUT,200.25,200.65,195.95,195.95,21450,305625,9.6,26050,25898.2
2025-10-21 14:12:00,ATM+4,CALL,66.65,67.85,66.1,67.75,162000,5948025,8.7,26100,25898.2
2025-10-21 14:12:00,ATM+4,PUT,232.2,232.3,228.25,229,18000,460650,9.69,26100,25898.2
2025-10-21 14:12:00,ATM+5,CALL,51.85,53.15,51.5,53.15,104100,2134050,8.72,26150,25898.2
2025-10-21 14:12:00,ATM+5,PUT,266.55,266.55,263.85,263.85,1800,79500,9.73,26150,25898.2
2025-10-21 14:12:00,ATM+6,CALL,39.45,40.5,39.05,40.4,234900,6750825,8.66,26200,25898.2
2025-10-21 14:12:00,ATM+6,PUT,304.5,304.6,300.35,300.5,6525,402975,9.73,26200,25898.2
2025-10-21 14:12:00,ATM+7,CALL,29.4,30.55,29.25,30.5,87750,1751400,8.64,26250,25898.2
2025-10-21 14:12:00,ATM+7,PUT,344.3,344.3,344.3,344.3,0,23850,10.14,26250,25898.2
2025-10-21 14:12:00,ATM+8,CALL,21.8,22.55,21.45,22.55,240525,5548650,8.61,26300,25898.2
2025-10-21 14:12:00,ATM+8,PUT,383.65,384.55,383.65,383.8,375,142725,10.07,26300,25898.2
2025-10-21 14:12:00,ATM+9,CALL,16,16.65,15.9,16.65,82875,1780275,8.64,26350,25898.2
2025-10-21 14:12:00,ATM+9,PUT,427.7,427.7,427.7,427.7,150,9675,10.37,26350,25898.2
2025-10-21 14:12:00,ATM+10,CALL,11.6,12.15,11.45,12.15,180900,5681700,8.67,26400,25898.2
2025-10-21 14:12:00,ATM+10,PUT,475,475,471.2,471.2,1575,157050,10.32,26400,25898.2
2025-10-21 14:13:00,ATM-10,CALL,557,558.5,555.65,555.65,825,1702350,9.41,25400,25897
2025-10-21 14:13:00,ATM-10,PUT,16.85,17.55,16.8,17.45,185100,4778700,11.26,25400,25897
2025-10-21 14:13:00,ATM-9,CALL,508.2,508.2,508.2,508.2,0,220350,9.25,25450,25897
2025-10-21 14:13:00,ATM-9,PUT,20.65,21.4,20.45,21.25,87300,2357475,11.06,25450,25897
2025-10-21 14:13:00,ATM-8,CALL,464,465.75,462.55,462.55,10650,4059675,9.27,25500,25897
2025-10-21 14:13:00,ATM-8,PUT,24.45,25.55,24.35,25.45,275625,9806550,10.81,25500,25897
2025-10-21 14:13:00,ATM-7,CALL,421.65,421.65,418.9,418.9,225,222375,9.39,25550,25897
2025-10-21 14:13:00,ATM-7,PUT,29.8,31.05,29.7,31,133125,1302075,10.62,25550,25897
2025-10-21 14:13:00,ATM-6,CALL,376.4,378.1,373.8,374.75,16350,1919400,9.24,25600,25897
2025-10-21 14:13:00,ATM-6,PUT,36.5,37.85,36.3,37.85,219075,5534550,10.45,25600,25897
2025-10-21 14:13:00,ATM-5,CALL,335.3,336,332.45,332.45,11700,423150,9.13,25650,25897
2025-10-21 14:13:00,ATM-5,PUT,44.75,46.2,44.25,46.1,196500,1576350,10.28,25650,25897
2025-10-21 14:13:00,ATM-4,CALL,295.5,296.55,293.8,293.9,32250,2256300,9.22,25700,25897
2025-10-21 14:13:00,ATM-4,PUT,54.75,56.35,54.1,56.15,228900,6979425,10.13,25700,25897
2025-10-21 14:13:00,ATM-3,CALL,258,258.8,255.5,255.85,35925,700200,9.13,25750,25897
2025-10-21 14:13:00,ATM-3,PUT,66.65,68.9,66.5,68.65,184275,1520625,10.02,25750,25897
2025-10-21 14:13:00,ATM-2,CALL,221.7,222.95,220.1,220.7,167025,4866450,9.1,25800,25897
2025-10-21 14:13:00,ATM-2,PUT,81.85,83.8,80.9,83.4,504150,5599650,9.93,25800,25897
2025-10-21 14:13:00,ATM-1,CALL,190,191.1,188.4,188.9,205350,2533200,9.11,25850,25897
2025-10-21 14:13:00,ATM-1,PUT,98.7,101.2,98.3,100.95,460800,3089625,9.86,25850,25897
2025-10-21 14:13:00,ATM,CALL,159.35,160.5,158.45,158.8,545175,8841675,9.04,25900,25897
2025-10-21 14:13:00,ATM,PUT,117.7,120.75,117.3,120.35,827175,6566550,9.74,25900,25897
2025-10-21 14:13:00,ATM+1,CALL,132.5,133.45,131.5,131.5,321750,3864900,8.98,25950,25897
2025-10-21 14:13:00,ATM+1,PUT,140.15,143.45,139.9,143.45,249750,1861275,9.7,25950,25897
2025-10-21 14:13:00,ATM+2,CALL,107.7,108.65,107.25,107.25,646275,12014850,8.91,26000,25897
2025-10-21 14:13:00,ATM+2,PUT,166.25,169.8,165.5,169.7,230625,4233225,9.68,26000,25897
2025-10-21 14:13:00,ATM+3,CALL,86.65,87.95,86.5,86.5,225225,2218500,8.87,26050,25897
2025-10-21 14:13:00,ATM+3,PUT,195,198.7,194.4,198.45,29475,305625,9.64,26050,25897
2025-10-21 14:13:00,ATM+4,CALL,68.3,69.25,67.8,67.85,336075,5948025,8.78,26100,25897
2025-10-21 14:13:00,ATM+4,PUT,227.05,230.7,226.25,230,36000,460650,9.61,26100,25897
2025-10-21 14:13:00,ATM+5,CALL,53.1,54,53.05,53.1,218325,2134050,8.76,26150,25897
2025-10-21 14:13:00,ATM+5,PUT,261.4,265.1,260.6,265.1,9900,79500,9.65,26150,25897
2025-10-21 14:13:00,ATM+6,CALL,40.6,41.35,40.35,40.35,355275,6750825,8.69,26200,25897
2025-10-21 14:13:00,ATM+6,PUT,299.35,303,298.45,303,10725,402975,9.75,26200,25897
2025-10-21 14:13:00,ATM+7,CALL,30.65,31.35,30.55,30.6,153000,1751400,8.69,26250,25897
2025-10-21 14:13:00,ATM+7,PUT,340,341.85,338.4,341.85,1200,25575,9.74,26250,25897
2025-10-21 14:13:00,ATM+8,CALL,22.7,23.2,22.6,22.65,240975,5548650,8.67,26300,25897
2025-10-21 14:13:00,ATM+8,PUT,381,384,380.05,384,2250,142725,9.89,26300,25897
2025-10-21 14:13:00,ATM+9,CALL,16.75,17.25,16.7,16.75,178425,1780275,8.68,26350,25897
2025-10-21 14:13:00,ATM+9,PUT,425.95,429,425.95,429,150,9675,10.2,26350,25897
2025-10-21 14:13:00,ATM+10,CALL,12.15,12.5,12.1,12.2,246000,5681700,8.7,26400,25897
2025-10-21 14:13:00,ATM+10,PUT,469,471.05,469,471.05,1425,157050,10.02,26400,25897
2025-10-21 14:14:00,ATM-10,CALL,553.65,553.65,553.65,553.65,150,1702350,8.58,25400,25896.9
2025-10-21 14:14:00,ATM-10,PUT,17.4,17.4,16.9,16.95,123075,4778700,11.19,25400,25896.9
2025-10-21 14:14:00,ATM-9,CALL,508.2,508.2,508.2,508.2,0,220350,9.04,25450,25896.9
2025-10-21 14:14:00,ATM-9,PUT,21.35,21.35,20.65,20.65,72900,2357475,10.99,25450,25896.9
2025-10-21 14:14:00,ATM-8,CALL,462.25,462.65,460,462,5175,4059675,9.02,25500,25896.9
2025-10-21 14:14:00,ATM-8,PUT,25.35,25.45,24.7,24.7,173550,9806550,10.73,25500,25896.9
2025-10-21 14:14:00,ATM-7,CALL,416.15,416.15,416.1,416.1,450,222375,8.87,25550,25896.9
2025-10-21 14:14:00,ATM-7,PUT,30.9,31.1,30.15,30.2,70200,1302075,10.54,25550,25896.9
2025-10-21 14:14:00,ATM-6,CALL,374.65,374.8,373.3,374.55,1875,1919400,9.11,25600,25896.9
2025-10-21 14:14:00,ATM-6,PUT,37.8,38,36.9,37,112275,5534550,10.38,25600,25896.9
2025-10-21 14:14:00,ATM-5,CALL,333.45,333.45,333,333,450,423150,9.11,25650,25896.9
2025-10-21 14:14:00,ATM-5,PUT,46,46.4,45.35,45.35,53250,1576350,10.23,25650,25896.9
2025-10-21 14:14:00,ATM-4,CALL,293.75,293.95,292.6,292.75,23850,2256300,9.03,25700,25896.9
2025-10-21 14:14:00,ATM-4,PUT,56.15,56.7,55.6,55.6,102300,6979425,10.1,25700,25896.9
2025-10-21 14:14:00,ATM-3,CALL,256.2,256.7,254.8,255.4,8175,700200,9.03,25750,25896.9
2025-10-21 14:14:00,ATM-3,PUT,68.7,69.35,67.85,68.1,68250,1520625,10,25750,25896.9
2025-10-21 14:14:00,ATM-2,CALL,220.05,221,219.6,219.85,60750,4866450,8.98,25800,25896.9
2025-10-21 14:14:00,ATM-2,PUT,83.55,84.25,82.7,82.85,191700,5599650,9.91,25800,25896.9
2025-10-21 14:14:00,ATM-1,CALL,189.2,189.6,188.1,188.6,84300,2533200,9.04,25850,25896.9
2025-10-21 14:14:00,ATM-1,PUT,101,101.75,100.1,100.1,181200,3089625,9.83,25850,25896.9
2025-10-21 14:14:00,ATM,CALL,158.4,159.3,157.7,158.2,247125,8841675,8.95,25900,25896.9
2025-10-21 14:14:00,ATM,PUT,120.55,121.25,119.5,119.5,288225,6566550,9.71,25900,25896.9
2025-10-21 14:14:00,ATM+1,CALL,131.95,132.2,130.7,131,128700,3864900,8.91,25950,25896.9
2025-10-21 14:14:00,ATM+1,PUT,143.1,144.1,142.2,142.45,96150,1861275,9.66,25950,25896.9
2025-10-21 14:14:00,ATM+2,CALL,107.4,107.8,106.65,107.15,204225,12014850,8.87,26000,25896.9
2025-10-21 14:14:00,ATM+2,PUT,169.5,170.2,168.65,168.65,74550,4233225,9.64,26000,25896.9
2025-10-21 14:14:00,ATM+3,CALL,86.55,86.8,86.4,86.55,67650,2218500,8.84,26050,25896.9
2025-10-21 14:14:00,ATM+3,PUT,198.75,199,197.6,198.75,10125,305625,9.7,26050,25896.9
2025-10-21 14:14:00,ATM+4,CALL,67.8,68.35,67.35,67.5,100875,5948025,8.72,26100,25896.9
2025-10-21 14:14:00,ATM+4,PUT,229.8,231.8,229.5,229.5,8775,460650,9.61,26100,25896.9
2025-10-21 14:14:00,ATM+5,CALL,53.05,53.4,52.6,52.6,79575,2134050,8.69,26150,25896.9
2025-10-21 14:14:00,ATM+5,PUT,265.1,266.65,264.75,264.75,6375,79500,9.69,26150,25896.9
2025-10-21 14:14:00,ATM+6,CALL,40.5,40.8,40.1,40.1,168975,6750825,8.66,26200,25896.9
2025-10-21 14:14:00,ATM+6,PUT,302,303.95,302,302,7125,402975,9.73,26200,25896.9
2025-10-21 14:14:00,ATM+7,CALL,30.5,30.7,30.2,30.2,79050,1751400,8.64,26250,25896.9
2025-10-21 14:14:00,ATM+7,PUT,343.2,343.2,341.2,341.2,375,25575,9.76,26250,25896.9
2025-10-21 14:14:00,ATM+8,CALL,22.55,22.75,22.25,22.35,159150,5548650,8.61,26300,25896.9
2025-10-21 14:14:00,ATM+8,PUT,384.55,384.55,383.15,383.65,1050,142725,9.94,26300,25896.9
2025-10-21 14:14:00,ATM+9,CALL,16.75,16.9,16.5,16.55,75975,1780275,8.64,26350,25896.9
2025-10-21 14:14:00,ATM+9,PUT,429,429,429,429,0,9675,10.31,26350,25896.9
2025-10-21 14:14:00,ATM+10,CALL,12.15,12.25,12,12,147750,5681700,8.66,26400,25896.9
2025-10-21 14:14:00,ATM+10,PUT,471.05,471.05,471.05,471.05,0,157050,10.15,26400,25896.9
2025-10-21 14:15:00,ATM-10,CALL,557.25,557.9,553.35,553.35,450,1702350,8.84,25400,25895.7
2025-10-21 14:15:00,ATM-10,PUT,16.9,17.15,16.4,17.05,108675,4753950,11.18,25400,25895.7
2025-10-21 14:15:00,ATM-9,CALL,509.3,510.35,506.6,506.6,750,220050,8.94,25450,25895.7
2025-10-21 14:15:00,ATM-9,PUT,20.7,21.1,20.05,20.8,84900,2332200,10.99,25450,25895.7
2025-10-21 14:15:00,ATM-8,CALL,462.05,465,460,460.1,6600,4055850,8.88,25500,25895.7
2025-10-21 14:15:00,ATM-8,PUT,24.7,25.2,24.05,24.95,273075,9750600,10.74,25500,25895.7
2025-10-21 14:15:00,ATM-7,CALL,419.55,419.55,416.45,416.45,300,222225,9.07,25550,25895.7
2025-10-21 14:15:00,ATM-7,PUT,30.3,31,29.4,30.55,99975,1300425,10.56,25550,25895.7
2025-10-21 14:15:00,ATM-6,CALL,375.1,377.25,372.3,372.8,5775,1915650,9.03,25600,25895.7
2025-10-21 14:15:00,ATM-6,PUT,37,37.95,35.95,37.45,150750,5540475,10.4,25600,25895.7
2025-10-21 14:15:00,ATM-5,CALL,335,336,331.2,331.3,1500,418275,9.03,25650,25895.7
2025-10-21 14:15:00,ATM-5,PUT,45.4,46.25,44.05,45.85,89400,1587825,10.25,25650,25895.7
2025-10-21 14:15:00,ATM-4,CALL,294.45,295.4,291.5,291.75,13500,2267700,9.03,25700,25895.7
2025-10-21 14:15:00,ATM-4,PUT,55.05,56.6,54,56.1,207150,6949875,10.11,25700,25895.7
2025-10-21 14:15:00,ATM-3,CALL,257.95,258,253.65,254.75,17025,699225,9.06,25750,25895.7
2025-10-21 14:15:00,ATM-3,PUT,67.85,69.3,66.25,68.6,100875,1490775,10.02,25750,25895.7
2025-10-21 14:15:00,ATM-2,CALL,219.7,222.45,218.65,219.8,138825,4907700,9.03,25800,25895.7
2025-10-21 14:15:00,ATM-2,PUT,82.95,84.15,81.05,83.5,321675,5583375,9.93,25800,25895.7
2025-10-21 14:15:00,ATM-1,CALL,188.55,190.7,187.4,187.9,167475,2534100,9.04,25850,25895.7
2025-10-21 14:15:00,ATM-1,PUT,100.4,101.7,98.3,100.8,315375,3043425,9.84,25850,25895.7
2025-10-21 14:15:00,ATM,CALL,158.3,160.35,157.15,158,584400,8960325,9,25900,25895.7
2025-10-21 14:15:00,ATM,PUT,119.2,121.65,117.4,120.45,523275,6544950,9.75,25900,25895.7
2025-10-21 14:15:00,ATM+1,CALL,130.95,133.05,130.05,131.3,338175,3894900,8.97,25950,25895.7
2025-10-21 14:15:00,ATM+1,PUT,142.25,144.75,140,143.6,190950,1899150,9.7,25950,25895.7
2025-10-21 14:15:00,ATM+2,CALL,106.95,108.9,106.3,107,468600,11988975,8.9,26000,25895.7
2025-10-21 14:15:00,ATM+2,PUT,168.45,171.2,166,169.7,165975,4236300,9.67,26000,25895.7
2025-10-21 14:15:00,ATM+3,CALL,86.05,87.85,85.6,85.75,207900,2226150,8.82,26050,25895.7
2025-10-21 14:15:00,ATM+3,PUT,197.6,199.75,195.7,199.3,26925,312825,9.69,26050,25895.7
2025-10-21 14:15:00,ATM+4,CALL,67.35,69.3,67.2,67.75,280575,5957250,8.77,26100,25895.7
2025-10-21 14:15:00,ATM+4,PUT,227.15,232,226.8,231.15,20700,457275,9.69,26100,25895.7
2025-10-21 14:15:00,ATM+5,CALL,52.65,54.2,52.55,53.1,165450,2127150,8.77,26150,25895.7
2025-10-21 14:15:00,ATM+5,PUT,262.45,266.95,261.9,266.35,4050,82575,9.74,26150,25895.7
2025-10-21 14:15:00,ATM+6,CALL,40.2,41.35,40.1,40.55,339900,6823125,8.72,26200,25895.7
2025-10-21 14:15:00,ATM+6,PUT,299.9,304.5,298.9,303.65,8175,404025,9.79,26200,25895.7
2025-10-21 14:15:00,ATM+7,CALL,30.1,31.35,30.1,30.65,126225,1761150,8.7,26250,25895.7
2025-10-21 14:15:00,ATM+7,PUT,341.2,341.2,341.2,341.2,0,25575,9.67,26250,25895.7
2025-10-21 14:15:00,ATM+8,CALL,22.35,23.3,22.35,22.6,263025,5553075,8.67,26300,25895.7
2025-10-21 14:15:00,ATM+8,PUT,381.75,384.6,380.6,384.6,900,144525,9.94,26300,25895.7
2025-10-21 14:15:00,ATM+9,CALL,16.6,17.35,16.55,16.75,105975,1831725,8.69,26350,25895.7
2025-10-21 14:15:00,ATM+9,PUT,429,429,429,429,0,9675,10.19,26350,25895.7
2025-10-21 14:15:00,ATM+10,CALL,11.9,12.65,11.9,12.2,240075,5686275,8.72,26400,25895.7
2025-10-21 14:15:00,ATM+10,PUT,472.65,472.65,470.15,470.15,150,157050,9.87,26400,25895.7
2025-10-21 14:16:00,ATM-10,CALL,556,557.85,555.05,555.05,375,1702275,0,25400,25904.95
2025-10-21 14:16:00,ATM-10,PUT,16.95,16.95,16.1,16.35,152850,4753950,11.2,25400,25904.95
2025-10-21 14:16:00,ATM-9,CALL,510.45,511.95,510.45,511.25,225,220050,8.02,25450,25904.95
2025-10-21 14:16:00,ATM-9,PUT,20.7,20.8,19.75,20.05,80100,2332200,11.01,25450,25904.95
2025-10-21 14:16:00,ATM-8,CALL,460.6,464.95,460.6,464.7,4500,4055850,8.21,25500,25904.95
2025-10-21 14:16:00,ATM-8,PUT,24.85,24.9,23.75,24.05,309375,9750600,10.77,25500,25904.95
2025-10-21 14:16:00,ATM-7,CALL,419.2,420.65,418.2,418.7,525,222225,8.21,25550,25904.95
2025-10-21 14:16:00,ATM-7,PUT,30.5,30.5,29.15,29.65,75300,1300425,10.61,25550,25904.95
2025-10-21 14:16:00,ATM-6,CALL,375,377.95,375,376.15,2925,1915650,8.51,25600,25904.95
2025-10-21 14:16:00,ATM-6,PUT,37.2,37.35,35.9,36.25,129150,5540475,10.44,25600,25904.95
2025-10-21 14:16:00,ATM-5,CALL,332.25,336.5,332.25,334.5,2325,418275,8.61,25650,25904.95
2025-10-21 14:16:00,ATM-5,PUT,45.6,45.65,44,44.4,96525,1587825,10.29,25650,25904.95
2025-10-21 14:16:00,ATM-4,CALL,295.4,296,294.2,295.55,20400,2267700,8.76,25700,25904.95
2025-10-21 14:16:00,ATM-4,PUT,55.85,55.85,53.9,54.75,155025,6949875,10.19,25700,25904.95
2025-10-21 14:16:00,ATM-3,CALL,255.4,258.9,255.4,256.7,16125,699225,8.69,25750,25904.95
2025-10-21 14:16:00,ATM-3,PUT,68.6,68.6,66.25,67.35,101025,1490775,10.11,25750,25904.95
2025-10-21 14:16:00,ATM-2,CALL,219.7,223,219.7,221.4,135075,4907700,8.7,25800,25904.95
2025-10-21 14:16:00,ATM-2,PUT,83.3,83.45,81.05,81.9,277125,5583375,10.02,25800,25904.95
2025-10-21 14:16:00,ATM-1,CALL,188.15,191.45,188.15,190,173475,2534100,8.81,25850,25904.95
2025-10-21 14:16:00,ATM-1,PUT,100.9,100.9,98.35,99.75,234000,3043425,10.01,25850,25904.95
2025-10-21 14:16:00,ATM,CALL,158.65,161.3,158.65,160.35,700725,8960325,8.82,25900,25904.95
2025-10-21 14:16:00,ATM,PUT,120.55,120.55,117.8,119.25,436725,6544950,9.93,25900,25904.95
2025-10-21 14:16:00,ATM+1,CALL,131.7,133.9,131.6,133.45,383850,3894900,8.82,25950,25904.95
2025-10-21 14:16:00,ATM+1,PUT,143.5,143.5,140.2,141.8,131100,1899150,9.86,25950,25904.95
2025-10-21 14:16:00,ATM+2,CALL,107.25,109.5,107.25,109,563550,11988975,8.77,26000,25904.95
2025-10-21 14:16:00,ATM+2,PUT,169.7,169.7,166.6,167.95,112125,4236300,9.87,26000,25904.95
2025-10-21 14:16:00,ATM+3,CALL,86.55,88.6,86.4,88.15,246975,2226150,8.76,26050,25904.95
2025-10-21 14:16:00,ATM+3,PUT,198.75,198.9,195.7,196.15,23025,312825,9.84,26050,25904.95
2025-10-21 14:16:00,ATM+4,CALL,67.85,70.05,67.85,69.45,306675,5957250,8.69,26100,25904.95
2025-10-21 14:16:00,ATM+4,PUT,230.65,230.85,227,228.5,19350,457275,9.91,26100,25904.95
2025-10-21 14:16:00,ATM+5,CALL,53.15,54.9,53.15,54.3,175200,2127150,8.67,26150,25904.95
2025-10-21 14:16:00,ATM+5,PUT,265.55,265.85,261.3,264.05,2700,82575,10.04,26150,25904.95
2025-10-21 14:16:00,ATM+6,CALL,40.45,42.1,40.45,41.65,331575,6823125,8.64,26200,25904.95
2025-10-21 14:16:00,ATM+6,PUT,303.1,303.1,299,300.6,9600,404025,10.08,26200,25904.95
2025-10-21 14:16:00,ATM+7,CALL,30.7,32.15,30.7,31.8,136050,1761150,8.66,26250,25904.95
2025-10-21 14:16:00,ATM+7,PUT,340.2,340.55,339.2,339.2,1275,26250,10.11,26250,25904.95
2025-10-21 14:16:00,ATM+8,CALL,22.75,23.95,22.75,23.65,303450,5553075,8.64,26300,25904.95
2025-10-21 14:16:00,ATM+8,PUT,383.85,383.85,380.9,381.8,2250,144525,10.38,26300,25904.95
2025-10-21 14:16:00,ATM+9,CALL,16.9,17.85,16.9,17.75,121950,1831725,8.69,26350,25904.95
2025-10-21 14:16:00,ATM+9,PUT,429,429,429,429,0,9675,11.01,26350,25904.95
2025-10-21 14:16:00,ATM+10,CALL,12.25,13,12.25,13,219900,5686275,8.73,26400,25904.95
2025-10-21 14:16:00,ATM+10,PUT,472,472,469.25,470,825,157800,10.86,26400,25904.95
2025-10-21 14:17:00,ATM-10,CALL,555.1,557.4,555.1,556.8,375,1702275,8.35,25400,25900.9
2025-10-21 14:17:00,ATM-10,PUT,16.35,16.7,16.2,16.65,66675,4753950,11.2,25400,25900.9
2025-10-21 14:17:00,ATM-9,CALL,511,511,510.05,510.05,150,220050,8.61,25450,25900.9
2025-10-21 14:17:00,ATM-9,PUT,20.15,20.45,19.8,20.45,50175,2332200,11.02,25450,25900.9
2025-10-21 14:17:00,ATM-8,CALL,463.95,464,461.5,463,5250,4055850,8.52,25500,25900.9
2025-10-21 14:17:00,ATM-8,PUT,24.15,24.4,23.75,24.4,155025,9750600,10.76,25500,25900.9
2025-10-21 14:17:00,ATM-7,CALL,417.6,417.6,417.6,417.6,150,222225,8.55,25550,25900.9
2025-10-21 14:17:00,ATM-7,PUT,29.7,30.15,29.15,30,80925,1300425,10.59,25550,25900.9
2025-10-21 14:17:00,ATM-6,CALL,376.35,376.35,373.6,374.25,9750,1915650,8.66,25600,25900.9
2025-10-21 14:17:00,ATM-6,PUT,36.4,36.9,35.85,36.7,102750,5540475,10.42,25600,25900.9
2025-10-21 14:17:00,ATM-5,CALL,335,335,332.65,332.65,1575,418275,8.73,25650,25900.9
2025-10-21 14:17:00,ATM-5,PUT,44.7,45.15,43.95,45.15,78150,1587825,10.29,25650,25900.9
2025-10-21 14:17:00,ATM-4,CALL,294.75,295.5,292.8,292.9,16425,2267700,8.77,25700,25900.9
2025-10-21 14:17:00,ATM-4,PUT,54.7,55.45,54.2,55.45,105825,6949875,10.17,25700,25900.9
2025-10-21 14:17:00,ATM-3,CALL,257.7,257.85,256.05,256.7,7275,699225,8.91,25750,25900.9
2025-10-21 14:17:00,ATM-3,PUT,67.15,68,66.65,67.95,146325,1490775,10.08,25750,25900.9
2025-10-21 14:17:00,ATM-2,CALL,221.95,222.4,219.8,219.8,72375,4907700,8.78,25800,25900.9
2025-10-21 14:17:00,ATM-2,PUT,82.15,82.95,81.05,82.7,165825,5583375,10,25800,25900.9
2025-10-21 14:17:00,ATM-1,CALL,190.05,190.8,188.35,188.35,100200,2534100,8.85,25850,25900.9
2025-10-21 14:17:00,ATM-1,PUT,99.5,100.4,98.6,100.15,165300,3043425,9.94,25850,25900.9
2025-10-21 14:17:00,ATM,CALL,160.1,160.3,158,158,333525,8960325,8.79,25900,25900.9
2025-10-21 14:17:00,ATM,PUT,119.3,120.05,118.2,120.05,336225,6544950,9.87,25900,25900.9
2025-10-21 14:17:00,ATM+1,CALL,133.25,133.5,131.65,131.65,228750,3894900,8.82,25950,25900.9
2025-10-21 14:17:00,ATM+1,PUT,141.85,143.1,141.15,142.9,136350,1899150,9.83,25950,25900.9
2025-10-21 14:17:00,ATM+2,CALL,109.15,109.25,107.9,107.9,297150,11988975,8.79,26000,25900.9
2025-10-21 14:17:00,ATM+2,PUT,168.4,169.35,167.15,169.35,88650,4236300,9.84,26000,25900.9
2025-10-21 14:17:00,ATM+3,CALL,88,88.4,87,87,141900,2226150,8.77,26050,25900.9
2025-10-21 14:17:00,ATM+3,PUT,197.6,198.3,196.55,198.3,10200,312825,9.84,26050,25900.9
2025-10-21 14:17:00,ATM+4,CALL,69.4,69.7,68.3,68.3,209625,5957250,8.69,26100,25900.9
2025-10-21 14:17:00,ATM+4,PUT,229.5,231,227.85,231,14775,457275,9.93,26100,25900.9
2025-10-21 14:17:00,ATM+5,CALL,54.5,54.7,53.6,53.6,100425,2127150,8.69,26150,25900.9
2025-10-21 14:17:00,ATM+5,PUT,264,265.2,263.25,265.2,2325,82575,9.94,26150,25900.9
2025-10-21 14:17:00,ATM+6,CALL,41.8,41.95,41.05,41.05,221625,6823125,8.66,26200,25900.9
2025-10-21 14:17:00,ATM+6,PUT,301.5,303,300,303,9000,404025,10.07,26200,25900.9
2025-10-21 14:17:00,ATM+7,CALL,31.8,31.95,31.2,31.2,107550,1761150,8.67,26250,25900.9
2025-10-21 14:17:00,ATM+7,PUT,339.2,339.2,339.2,339.2,0,26250,9.86,26250,25900.9
2025-10-21 14:17:00,ATM+8,CALL,23.65,23.85,23.25,23.25,178575,5553075,8.66,26300,25900.9
2025-10-21 14:17:00,ATM+8,PUT,383.2,384,381.2,384,900,144525,10.32,26300,25900.9
2025-10-21 14:17:00,ATM+9,CALL,17.75,17.8,17.3,17.3,67875,1831725,8.69,26350,25900.9
2025-10-21 14:17:00,ATM+9,PUT,429,429,429,429,0,9675,10.7,26350,25900.9
2025-10-21 14:17:00,ATM+10,CALL,12.95,13.05,12.65,12.65,187125,5686275,8.72,26400,25900.9
2025-10-21 14:17:00,ATM+10,PUT,469.6,469.6,469.6,469.6,75,157800,10.42,26400,25900.9
2025-10-21 14:18:00,ATM-10,CALL,552.45,555.45,552.45,555.45,150,1701900,7.61,25400,25900.2
2025-10-21 14:18:00,ATM-10,PUT,16.65,17.1,16.65,16.75,75600,4767450,11.22,25400,25900.2
2025-10-21 14:18:00,ATM-9,CALL,510.05,510.05,510.05,510.05,0,220050,8.51,25450,25900.2
2025-10-21 14:18:00,ATM-9,PUT,20.35,21,20.35,20.6,118575,2377350,11.05,25450,25900.2
2025-10-21 14:18:00,ATM-8,CALL,460.85,462.1,459.6,461.35,2700,4050600,8.1,25500,25900.2
2025-10-21 14:18:00,ATM-8,PUT,24.5,25.15,24.4,24.5,218925,9782325,10.78,25500,25900.2
2025-10-21 14:18:00,ATM-7,CALL,415,418.2,415,418.2,600,222225,8.59,25550,25900.2
2025-10-21 14:18:00,ATM-7,PUT,29.95,30.8,29.8,30,59175,1290225,10.6,25550,25900.2
2025-10-21 14:18:00,ATM-6,CALL,373.75,375,371.75,374.4,4575,1912575,8.63,25600,25900.2
2025-10-21 14:18:00,ATM-6,PUT,36.95,37.55,36.75,37.05,91125,5555550,10.47,25600,25900.2
2025-10-21 14:18:00,ATM-5,CALL,331,333.45,330.85,332.9,1650,417225,8.72,25650,25900.2
2025-10-21 14:18:00,ATM-5,PUT,45,45.85,45,45.2,61800,1598400,10.3,25650,25900.2
2025-10-21 14:18:00,ATM-4,CALL,292.55,294,290.9,294,13575,2261850,8.84,25700,25900.2
2025-10-21 14:18:00,ATM-4,PUT,55.15,56.3,55.15,55.4,152400,6928350,10.18,25700,25900.2
2025-10-21 14:18:00,ATM-3,CALL,255.05,256.65,253.65,256.2,12225,701025,8.84,25750,25900.2
2025-10-21 14:18:00,ATM-3,PUT,67.65,69.2,67.65,67.9,59550,1459425,10.09,25750,25900.2
2025-10-21 14:18:00,ATM-2,CALL,220.45,221,218.2,220.85,83550,4898550,8.83,25800,25900.2
2025-10-21 14:18:00,ATM-2,PUT,82.75,84,82.5,83.05,227250,5546400,10.04,25800,25900.2
2025-10-21 14:18:00,ATM-1,CALL,188,189.75,187.1,189.2,101850,2523300,8.9,25850,25900.2
2025-10-21 14:18:00,ATM-1,PUT,100.2,101.7,99.9,100.3,171600,2977500,9.96,25850,25900.2
2025-10-21 14:18:00,ATM,CALL,158.45,159.45,156.8,159.45,446325,8874000,8.88,25900,25900.2
2025-10-21 14:18:00,ATM,PUT,119.85,121.5,119.6,119.95,389700,6598350,9.87,25900,25900.2
2025-10-21 14:18:00,ATM+1,CALL,131.6,132.4,130.45,131.95,207600,3915975,8.82,25950,25900.2
2025-10-21 14:18:00,ATM+1,PUT,143.1,144.5,142.4,143.1,115500,1950900,9.86,25950,25900.2
2025-10-21 14:18:00,ATM+2,CALL,107,108.1,106.35,107.8,338550,11926725,8.78,26000,25900.2
2025-10-21 14:18:00,ATM+2,PUT,168.9,170.5,168.35,168.8,117750,4214100,9.82,26000,25900.2
2025-10-21 14:18:00,ATM+3,CALL,86.75,87.25,85.55,87.05,120150,2228700,8.76,26050,25900.2
2025-10-21 14:18:00,ATM+3,PUT,198.05,200.8,197.7,197.95,18375,314625,9.84,26050,25900.2
2025-10-21 14:18:00,ATM+4,CALL,68.2,68.7,67.25,68.7,192225,5965425,8.7,26100,25900.2
2025-10-21 14:18:00,ATM+4,PUT,230,232.5,229.3,230.05,19050,454125,9.87,26100,25900.2
2025-10-21 14:18:00,ATM+5,CALL,53.55,53.85,52.75,53.6,90225,2111550,8.68,26150,25900.2
2025-10-21 14:18:00,ATM+5,PUT,267,267.3,264.9,265.05,3225,81900,9.95,26150,25900.2
2025-10-21 14:18:00,ATM+6,CALL,41.05,41.15,40.25,41,175275,6800775,8.64,26200,25900.2
2025-10-21 14:18:00,ATM+6,PUT,302.7,304.85,301.85,302.1,5700,404175,10.02,26200,25900.2
2025-10-21 14:18:00,ATM+7,CALL,31.2,31.2,30.55,31.15,91725,1776525,8.64,26250,25900.2
2025-10-21 14:18:00,ATM+7,PUT,344,344,341.2,341.2,900,26475,10.09,26250,25900.2
2025-10-21 14:18:00,ATM+8,CALL,23.25,23.25,22.7,23,156750,5585700,8.61,26300,25900.2
2025-10-21 14:18:00,ATM+8,PUT,385,386.8,385,386.5,1125,144525,10.61,26300,25900.2
2025-10-21 14:18:00,ATM+9,CALL,17.35,17.35,16.85,17.1,81000,1828725,8.66,26350,25900.2
2025-10-21 14:18:00,ATM+9,PUT,429,429,429,429,0,9675,10.74,26350,25900.2
2025-10-21 14:18:00,ATM+10,CALL,12.55,12.55,12.15,12.35,207000,5743125,8.66,26400,25900.2
2025-10-21 14:18:00,ATM+10,PUT,478.25,478.25,472,472,1275,158175,10.78,26400,25900.2
2025-10-21 14:19:00,ATM-10,CALL,555.4,555.4,553.5,553.5,450,1701900,8.7,25400,25895.85
2025-10-21 14:19:00,ATM-10,PUT,16.85,17.35,16.6,17.25,82500,4767450,11.22,25400,25895.85
2025-10-21 14:19:00,ATM-9,CALL,507.95,507.95,507.95,507.95,225,219975,9.11,25450,25895.85
2025-10-21 14:19:00,ATM-9,PUT,20.4,21.25,20.4,21.1,71700,2377350,11.05,25450,25895.85
2025-10-21 14:19:00,ATM-8,CALL,462.2,462.2,460,460,1050,4050600,8.83,25500,25895.85
2025-10-21 14:19:00,ATM-8,PUT,24.6,25.45,24.25,25.35,311775,9782325,10.8,25500,25895.85
2025-10-21 14:19:00,ATM-7,CALL,416.15,416.15,415.05,415.05,450,222225,8.85,25550,25895.85
2025-10-21 14:19:00,ATM-7,PUT,30,31.1,29.85,30.85,47850,1290225,10.61,25550,25895.85
2025-10-21 14:19:00,ATM-6,CALL,374.75,375.05,372.55,372.65,4275,1912575,8.94,25600,25895.85
2025-10-21 14:19:00,ATM-6,PUT,36.8,37.8,36.6,37.75,79725,5555550,10.45,25600,25895.85
2025-10-21 14:19:00,ATM-5,CALL,334.05,335.5,331.75,331.75,5400,417225,9.03,25650,25895.85
2025-10-21 14:19:00,ATM-5,PUT,45.1,46.4,44.95,46.3,49275,1598400,10.31,25650,25895.85
2025-10-21 14:19:00,ATM-4,CALL,294.65,294.65,291.95,291.95,6075,2261850,9.01,25700,25895.85
2025-10-21 14:19:00,ATM-4,PUT,55.7,56.65,55.05,56.35,114075,6928350,10.16,25700,25895.85
2025-10-21 14:19:00,ATM-3,CALL,256.6,257.5,254.7,255.25,14550,701025,9.06,25750,25895.85
2025-10-21 14:19:00,ATM-3,PUT,68.4,69.4,67.7,69.05,56250,1459425,10.07,25750,25895.85
2025-10-21 14:19:00,ATM-2,CALL,221,221.6,219,219.4,52800,4898550,8.98,25800,25895.85
2025-10-21 14:19:00,ATM-2,PUT,82.8,84.05,82.3,83.85,204150,5546400,9.96,25800,25895.85
2025-10-21 14:19:00,ATM-1,CALL,189,190,187.4,187.85,79875,2523300,9.02,25850,25895.85
2025-10-21 14:19:00,ATM-1,PUT,100.8,101.8,99.45,101.6,130875,2977500,9.92,25850,25895.85
2025-10-21 14:19:00,ATM,CALL,159.3,159.75,157.5,158.05,305625,8874000,8.98,25900,25895.85
2025-10-21 14:19:00,ATM,PUT,119.85,121.95,119.3,121.5,333975,6598350,9.84,25900,25895.85
2025-10-21 14:19:00,ATM+1,CALL,132.3,132.8,130.85,131.3,188025,3915975,8.94,25950,25895.85
2025-10-21 14:19:00,ATM+1,PUT,142.65,144.75,142.2,144.1,95325,1950900,9.75,25950,25895.85
2025-10-21 14:19:00,ATM+2,CALL,108.2,108.45,106.6,106.95,254400,11926725,8.87,26000,25895.85
2025-10-21 14:19:00,ATM+2,PUT,168.8,170.95,168.25,170.7,72750,4214100,9.77,26000,25895.85
2025-10-21 14:19:00,ATM+3,CALL,86.95,87.65,86,86,87900,2228700,8.84,26050,25895.85
2025-10-21 14:19:00,ATM+3,PUT,197.8,200.05,197.4,200.05,9375,314625,9.77,26050,25895.85
2025-10-21 14:19:00,ATM+4,CALL,68.35,68.9,67.55,67.95,178575,5965425,8.78,26100,25895.85
2025-10-21 14:19:00,ATM+4,PUT,229.6,231.95,229.5,231.85,9900,454125,9.77,26100,25895.85
2025-10-21 14:19:00,ATM+5,CALL,53.65,54.1,52.8,53.25,98100,2111550,8.77,26150,25895.85
2025-10-21 14:19:00,ATM+5,PUT,264.5,267.35,264.5,266.8,1800,81900,9.79,26150,25895.85
2025-10-21 14:19:00,ATM+6,CALL,40.9,41.4,40.3,40.55,183525,6800775,8.7,26200,25895.85
2025-10-21 14:19:00,ATM+6,PUT,302.75,304.75,302.7,304.75,3450,404175,9.93,26200,25895.85
2025-10-21 14:19:00,ATM+7,CALL,31.2,31.45,30.35,30.7,62325,1776525,8.7,26250,25895.85
2025-10-21 14:19:00,ATM+7,PUT,342.55,344.8,342.55,344.8,150,26475,10.05,26250,25895.85
2025-10-21 14:19:00,ATM+8,CALL,23.1,23.3,22.55,22.65,185550,5585700,8.67,26300,25895.85
2025-10-21 14:19:00,ATM+8,PUT,382.45,385.6,382.45,385.6,1425,144900,10.07,26300,25895.85
2025-10-21 14:19:00,ATM+9,CALL,17.1,17.3,16.65,16.75,46800,1828725,8.69,26350,25895.85
2025-10-21 14:19:00,ATM+9,PUT,429,429,429,429,0,9675,10.22,26350,25895.85
2025-10-21 14:19:00,ATM+10,CALL,12.3,12.5,12.05,12.1,153000,5743125,8.69,26400,25895.85
2025-10-21 14:19:00,ATM+10,PUT,472,472,472,472,0,158175,10.16,26400,25895.85
2025-10-21 14:20:00,ATM-10,CALL,553.5,553.5,553.5,553.5,0,1701900,9.3,25400,25894.4
2025-10-21 14:20:00,ATM-10,PUT,17.35,17.6,17,17.2,161250,4767450,11.19,25400,25894.4
2025-10-21 14:20:00,ATM-9,CALL,505.8,508.2,505.8,508.2,225,219975,9.56,25450,25894.4
2025-10-21 14:20:00,ATM-9,PUT,21.2,21.55,20.85,21.1,54600,2377350,11.01,25450,25894.4
2025-10-21 14:20:00,ATM-8,CALL,459.45,461,459.45,461,6450,4050600,9.28,25500,25894.4
2025-10-21 14:20:00,ATM-8,PUT,25.4,25.7,24.9,25.1,247575,9782325,10.74,25500,25894.4
2025-10-21 14:20:00,ATM-7,CALL,416.05,416.05,416.05,416.05,75,222225,9.22,25550,25894.4
2025-10-21 14:20:00,ATM-7,PUT,30.95,31.35,30.45,30.65,58275,1290225,10.55,25550,25894.4
2025-10-21 14:20:00,ATM-6,CALL,373.05,373.55,372.65,372.85,1950,1912575,9.19,25600,25894.4
2025-10-21 14:20:00,ATM-6,PUT,37.95,38.15,37.2,37.55,148425,5555550,10.38,25600,25894.4
2025-10-21 14:20:00,ATM-5,CALL,331.45,334.4,331.45,332.45,4125,417225,9.28,25650,25894.4
2025-10-21 14:20:00,ATM-5,PUT,46.45,46.7,45.55,45.9,57675,1598400,10.23,25650,25894.4
2025-10-21 14:20:00,ATM-4,CALL,292,293,291.75,292.1,8775,2261850,9.18,25700,25894.4
2025-10-21 14:20:00,ATM-4,PUT,56.6,56.95,55.75,56.25,192975,6928350,10.1,25700,25894.4
2025-10-21 14:20:00,ATM-3,CALL,255.2,256.25,254.7,255.45,3300,701025,9.21,25750,25894.4
2025-10-21 14:20:00,ATM-3,PUT,69.4,69.65,68.25,69.15,79875,1459425,10.02,25750,25894.4
2025-10-21 14:20:00,ATM-2,CALL,219.6,220,219.05,219.5,84750,4898550,9.1,25800,25894.4
2025-10-21 14:20:00,ATM-2,PUT,83.95,84.35,82.9,83.75,256425,5546400,9.91,25800,25894.4
2025-10-21 14:20:00,ATM-1,CALL,187.9,188.7,187.65,187.8,69975,2523300,9.12,25850,25894.4
2025-10-21 14:20:00,ATM-1,PUT,101.8,102,100.4,101.05,199200,2977500,9.82,25850,25894.4
2025-10-21 14:20:00,ATM,CALL,158.15,158.5,158,158.45,218100,8874000,9.1,25900,25894.4
2025-10-21 14:20:00,ATM,PUT,121.75,121.95,120.4,121.2,333750,6598350,9.75,25900,25894.4
2025-10-21 14:20:00,ATM+1,CALL,130.9,131.65,130.9,131.15,117675,3915975,9.02,25950,25894.4
2025-10-21 14:20:00,ATM+1,PUT,144.8,144.95,143.25,143.85,114600,1950900,9.67,25950,25894.4
2025-10-21 14:20:00,ATM+2,CALL,107.15,107.7,106.8,107.3,173850,11926725,8.97,26000,25894.4
2025-10-21 14:20:00,ATM+2,PUT,170.8,171,169.3,170.5,83475,4214100,9.67,26000,25894.4
2025-10-21 14:20:00,ATM+3,CALL,86.35,86.95,86.2,86.8,111825,2228700,8.94,26050,25894.4
2025-10-21 14:20:00,ATM+3,PUT,200.1,200.55,198.9,199.25,13575,314625,9.62,26050,25894.4
2025-10-21 14:20:00,ATM+4,CALL,67.85,68.5,67.7,68.2,109125,5965425,8.84,26100,25894.4
2025-10-21 14:20:00,ATM+4,PUT,231.2,232.25,230.3,231.55,11700,454125,9.64,26100,25894.4
2025-10-21 14:20:00,ATM+5,CALL,53,53.7,52.9,53.2,95100,2111550,8.81,26150,25894.4
2025-10-21 14:20:00,ATM+5,PUT,267.55,267.55,266.55,267.2,1200,81900,9.71,26150,25894.4
2025-10-21 14:20:00,ATM+6,CALL,40.7,41.1,40.45,40.75,153150,6800775,8.77,26200,25894.4
2025-10-21 14:20:00,ATM+6,PUT,305,305,303.3,304.5,4800,404175,9.76,26200,25894.4
2025-10-21 14:20:00,ATM+7,CALL,30.75,31.1,30.55,30.8,57450,1776525,8.75,26250,25894.4
2025-10-21 14:20:00,ATM+7,PUT,344.7,344.7,344,344,150,26475,9.83,26250,25894.4
2025-10-21 14:20:00,ATM+8,CALL,22.5,23,22.5,22.75,119850,5585700,8.72,26300,25894.4
2025-10-21 14:20:00,ATM+8,PUT,384.7,384.7,384.7,384.7,450,144900,9.81,26300,25894.4
2025-10-21 14:20:00,ATM+9,CALL,16.8,17.1,16.7,16.95,46950,1828725,8.75,26350,25894.4
2025-10-21 14:20:00,ATM+9,PUT,430.65,430.65,430.65,430.65,75,9600,10.23,26350,25894.4
2025-10-21 14:20:00,ATM+10,CALL,12.1,12.3,12.05,12.05,163350,5743125,8.72,26400,25894.4
2025-10-21 14:20:00,ATM+10,PUT,474.2,474.2,474.2,474.2,75,158175,10.24,26400,25894.4
2025-10-21 14:21:00,ATM-10,CALL,551.2,551.95,548,548,2175,1701900,9.32,25400,25889.45
2025-10-21 14:21:00,ATM-10,PUT,17.3,18.25,17.2,18.25,160350,4856475,11.27,25400,25889.45
2025-10-21 14:21:00,ATM-9,CALL,508.2,508.2,508.2,508.2,0,219975,10.48,25450,25889.45
2025-10-21 14:21:00,ATM-9,PUT,21.1,22.4,21,22.3,81375,2400900,11.09,25450,25889.45
2025-10-21 14:21:00,ATM-8,CALL,459.95,460,453.15,453.15,11475,4049250,8.87,25500,25889.45
2025-10-21 14:21:00,ATM-8,PUT,25.2,26.65,25.05,26.6,219675,9905625,10.83,25500,25889.45
2025-10-21 14:21:00,ATM-7,CALL,416.05,416.05,411.15,411.15,525,222225,9.26,25550,25889.45
2025-10-21 14:21:00,ATM-7,PUT,31.05,32.6,30.75,32.55,112050,1337175,10.66,25550,25889.45
2025-10-21 14:21:00,ATM-6,CALL,372.8,372.8,366.3,367.7,10050,1911900,9.18,25600,25889.45
2025-10-21 14:21:00,ATM-6,PUT,37.6,39.45,37.45,39.4,128250,5594325,10.46,25600,25889.45
2025-10-21 14:21:00,ATM-5,CALL,331.45,333.3,325.45,326.65,20925,424650,9.19,25650,25889.45
2025-10-21 14:21:00,ATM-5,PUT,46.35,48.3,45.95,48.05,132900,1608675,10.31,25650,25889.45
2025-10-21 14:21:00,ATM-4,CALL,291.8,292.15,285.65,286.3,55875,2256075,9.07,25700,25889.45
2025-10-21 14:21:00,ATM-4,PUT,56.6,58.85,56.15,58.75,288675,6892425,10.18,25700,25889.45
2025-10-21 14:21:00,ATM-3,CALL,255.1,255.1,248.9,249.45,35625,697875,9.07,25750,25889.45
2025-10-21 14:21:00,ATM-3,PUT,69.2,71.95,68.9,71.95,171750,1466400,10.11,25750,25889.45
2025-10-21 14:21:00,ATM-2,CALL,218.85,219.35,214.05,214.15,255975,4881825,9,25800,25889.45
2025-10-21 14:21:00,ATM-2,PUT,83.95,87.2,83.7,87.2,492600,5520150,10.01,25800,25889.45
2025-10-21 14:21:00,ATM-1,CALL,187.5,187.85,182.7,182.95,298425,2434800,9.03,25850,25889.45
2025-10-21 14:21:00,ATM-1,PUT,101.5,105.2,101.45,105.2,542700,2937450,9.95,25850,25889.45
2025-10-21 14:21:00,ATM,CALL,157.6,158.05,153.45,153.65,1025850,8698200,8.99,25900,25889.45
2025-10-21 14:21:00,ATM,PUT,121.25,125.7,121.25,125.4,1015800,6600150,9.86,25900,25889.45
2025-10-21 14:21:00,ATM+1,CALL,130.9,131.15,127.05,127.6,438825,3858825,8.97,25950,25889.45
2025-10-21 14:21:00,ATM+1,PUT,144.5,148.85,144.2,148.5,255000,1945275,9.77,25950,25889.45
2025-10-21 14:21:00,ATM+2,CALL,107,107.2,103.8,104.3,756450,11844075,8.94,26000,25889.45
2025-10-21 14:21:00,ATM+2,PUT,170.45,175.7,170.45,175.7,274800,4192575,9.8,26000,25889.45
2025-10-21 14:21:00,ATM+3,CALL,86.25,86.65,83.7,84.2,256125,2184825,8.92,26050,25889.45
2025-10-21 14:21:00,ATM+3,PUT,200.35,205.35,199.85,205.3,38325,311475,9.79,26050,25889.45
2025-10-21 14:21:00,ATM+4,CALL,68.1,68.3,65.65,65.7,385200,5998350,8.79,26100,25889.45
2025-10-21 14:21:00,ATM+4,PUT,232,238,231.8,237.95,34350,451650,9.82,26100,25889.45
2025-10-21 14:21:00,ATM+5,CALL,53.3,53.35,51.15,51.3,226950,2021625,8.79,26150,25889.45
2025-10-21 14:21:00,ATM+5,PUT,267.4,273.3,267.2,273.3,4800,84300,9.86,26150,25889.45
2025-10-21 14:21:00,ATM+6,CALL,40.7,40.85,39.05,39.05,560025,6681600,8.74,26200,25889.45
2025-10-21 14:21:00,ATM+6,PUT,305.35,311.3,304.5,310.15,17550,406125,9.86,26200,25889.45
2025-10-21 14:21:00,ATM+7,CALL,30.6,30.8,29.35,29.35,190575,1810350,8.7,26250,25889.45
2025-10-21 14:21:00,ATM+7,PUT,345.5,349.85,345.5,349.85,525,26250,9.93,26250,25889.45
2025-10-21 14:21:00,ATM+8,CALL,22.65,22.7,21.55,21.6,304800,5548125,8.68,26300,25889.45
2025-10-21 14:21:00,ATM+8,PUT,386.05,391.15,386.05,391.15,11250,141750,9.96,26300,25889.45
2025-10-21 14:21:00,ATM+9,CALL,16.75,16.9,15.95,15.95,150150,1847175,8.69,26350,25889.45
2025-10-21 14:21:00,ATM+9,PUT,432.4,436,432.4,436,150,9600,10.26,26350,25889.45
2025-10-21 14:21:00,ATM+10,CALL,12.05,12.15,11.4,11.45,272400,5841225,8.69,26400,25889.45
2025-10-21 14:21:00,ATM+10,PUT,475.4,483.8,475.4,483.8,525,158175,10.83,26400,25889.45
2025-10-21 14:22:00,ATM-10,CALL,546.25,546.25,543.55,546,975,1701450,8.79,25400,25886.75
2025-10-21 14:22:00,ATM-10,PUT,18.35,18.65,18.25,18.5,285300,4856475,11.31,25400,25886.75
2025-10-21 14:22:00,ATM-9,CALL,499.85,499.85,499.85,499.85,75,219900,9.01,25450,25886.75
2025-10-21 14:22:00,ATM-9,PUT,22.35,22.85,22.25,22.8,93075,2400900,11.16,25450,25886.75
2025-10-21 14:22:00,ATM-8,CALL,453,453.2,449.45,453.15,14100,4049250,8.87,25500,25886.75
2025-10-21 14:22:00,ATM-8,PUT,26.65,27.2,26.65,27.05,398325,9905625,10.89,25500,25886.75
2025-10-21 14:22:00,ATM-7,CALL,408.85,410.45,408.85,410,375,222450,9.1,25550,25886.75
2025-10-21 14:22:00,ATM-7,PUT,32.65,33.3,32.45,33.05,118725,1337175,10.72,25550,25886.75
2025-10-21 14:22:00,ATM-6,CALL,365.25,367,363.9,366.4,13350,1911900,9.03,25600,25886.75
2025-10-21 14:22:00,ATM-6,PUT,39.6,40.25,39.55,40.2,285750,5594325,10.55,25600,25886.75
2025-10-21 14:22:00,ATM-5,CALL,325.6,326,321.85,325.6,2625,424650,9.08,25650,25886.75
2025-10-21 14:22:00,ATM-5,PUT,48.8,49.35,48.55,49.2,169575,1608675,10.41,25650,25886.75
2025-10-21 14:22:00,ATM-4,CALL,285.15,287.8,283.7,286.7,42750,2256075,9.11,25700,25886.75
2025-10-21 14:22:00,ATM-4,PUT,58.9,60.15,58.9,59.95,448125,6892425,10.29,25700,25886.75
2025-10-21 14:22:00,ATM-3,CALL,248.2,251,246.75,249.3,35625,697875,9.06,25750,25886.75
2025-10-21 14:22:00,ATM-3,PUT,71.8,73.35,71.8,72.95,274800,1466400,10.18,25750,25886.75
2025-10-21 14:22:00,ATM-2,CALL,214.6,216,211.85,214.5,221250,4881825,9.03,25800,25886.75
2025-10-21 14:22:00,ATM-2,PUT,87.2,88.8,87.2,88.6,636150,5520150,10.11,25800,25886.75
2025-10-21 14:22:00,ATM-1,CALL,182.25,184.05,181,183.4,234825,2434800,9.06,25850,25886.75
2025-10-21 14:22:00,ATM-1,PUT,105.7,106.75,105.6,106.45,735825,2937450,10.04,25850,25886.75
2025-10-21 14:22:00,ATM,CALL,153.75,154.75,150.75,153.8,854475,8698200,9,25900,25886.75
2025-10-21 14:22:00,ATM,PUT,125.8,127.15,125.65,126.45,1237200,6600150,9.93,25900,25886.75
2025-10-21 14:22:00,ATM+1,CALL,127.4,128,124.75,126.9,465375,3858825,8.93,25950,25886.75
2025-10-21 14:22:00,ATM+1,PUT,149,150.75,149,150,345300,1945275,9.87,25950,25886.75
2025-10-21 14:22:00,ATM+2,CALL,104.1,104.7,101.7,103.55,782175,11844075,8.89,26000,25886.75
2025-10-21 14:22:00,ATM+2,PUT,175.8,177.6,175.5,176.4,313800,4192575,9.85,26000,25886.75
2025-10-21 14:22:00,ATM+3,CALL,83.85,84.5,82.65,83.35,234600,2184825,8.86,26050,25886.75
2025-10-21 14:22:00,ATM+3,PUT,205.25,207.65,205,206.2,43575,311475,9.86,26050,25886.75
2025-10-21 14:22:00,ATM+4,CALL,65.7,66.35,64.3,65.25,409425,5998350,8.77,26100,25886.75
2025-10-21 14:22:00,ATM+4,PUT,237.35,240.3,237.3,238.35,37800,451650,9.85,26100,25886.75
2025-10-21 14:22:00,ATM+5,CALL,51.3,51.6,50.05,50.6,226875,2021625,8.73,26150,25886.75
2025-10-21 14:22:00,ATM+5,PUT,273.65,275.45,273.25,273.7,4725,84300,9.91,26150,25886.75
2025-10-21 14:22:00,ATM+6,CALL,39.05,39.35,38.2,38.8,366375,6681600,8.7,26200,25886.75
2025-10-21 14:22:00,ATM+6,PUT,311.55,314.05,310.2,310.2,20475,406125,9.86,26200,25886.75
2025-10-21 14:22:00,ATM+7,CALL,29.3,29.55,28.75,28.9,177975,1810350,8.66,26250,25886.75
2025-10-21 14:22:00,ATM+7,PUT,351.9,353.7,351.9,353.55,1425,26250,10.28,26250,25886.75
2025-10-21 14:22:00,ATM+8,CALL,21.6,21.75,21.1,21.15,217050,5548125,8.61,26300,25886.75
2025-10-21 14:22:00,ATM+8,PUT,392.2,395,392.2,393.25,2250,141750,10.19,26300,25886.75
2025-10-21 14:22:00,ATM+9,CALL,15.95,16,15.65,15.7,157500,1847175,8.66,26350,25886.75
2025-10-21 14:22:00,ATM+9,PUT,438.2,438.2,438.2,438.2,75,9600,10.52,26350,25886.75
2025-10-21 14:22:00,ATM+10,CALL,11.35,11.5,11.25,11.3,234000,5841225,8.67,26400,25886.75
2025-10-21 14:22:00,ATM+10,PUT,484.8,484.8,483.75,483.75,225,158250,10.82,26400,25886.75
2025-10-21 14:23:00,ATM-10,CALL,543.25,547.85,543.25,547.85,7725,1701450,8.69,25400,25890.3
2025-10-21 14:23:00,ATM-10,PUT,18.6,19.2,18.3,18.45,295650,4856475,11.34,25400,25890.3
2025-10-21 14:23:00,ATM-9,CALL,498.25,502.75,498,502.75,3225,219900,9.17,25450,25890.3
2025-10-21 14:23:00,ATM-9,PUT,22.5,23.5,22.5,22.6,210525,2400900,11.17,25450,25890.3
2025-10-21 14:23:00,ATM-8,CALL,454.4,456.1,452,455.55,21975,4049250,8.97,25500,25890.3
2025-10-21 14:23:00,ATM-8,PUT,26.85,27.7,26.8,26.9,430200,9905625,10.91,25500,25890.3
2025-10-21 14:23:00,ATM-7,CALL,408.8,410.7,407.35,410.7,525,222450,8.92,25550,25890.3
2025-10-21 14:23:00,ATM-7,PUT,32.8,33.95,32.65,32.75,229125,1337175,10.73,25550,25890.3
2025-10-21 14:23:00,ATM-6,CALL,366.6,369.7,365,369.7,8400,1911900,9.22,25600,25890.3
2025-10-21 14:23:00,ATM-6,PUT,39.6,41,39.4,39.4,283200,5594325,10.51,25600,25890.3
2025-10-21 14:23:00,ATM-5,CALL,326.95,328.85,324.75,327.65,9900,424650,9.1,25650,25890.3
2025-10-21 14:23:00,ATM-5,PUT,48.55,50.1,48.15,48.15,112650,1608675,10.36,25650,25890.3
2025-10-21 14:23:00,ATM-4,CALL,287.7,289.75,285.35,288.75,38025,2256075,9.15,25700,25890.3
2025-10-21 14:23:00,ATM-4,PUT,59.05,60.85,58.6,58.6,264825,6892425,10.22,25700,25890.3
2025-10-21 14:23:00,ATM-3,CALL,249.8,252.2,248.85,252.2,31575,697875,9.18,25750,25890.3
2025-10-21 14:23:00,ATM-3,PUT,72.25,74.1,71.35,71.6,220125,1466400,10.13,25750,25890.3
2025-10-21 14:23:00,ATM-2,CALL,215.5,216.6,213.25,216.45,156825,4881825,9.06,25800,25890.3
2025-10-21 14:23:00,ATM-2,PUT,87.65,89.4,86.3,86.35,485925,5520150,10.01,25800,25890.3
2025-10-21 14:23:00,ATM-1,CALL,183.55,185.45,182.2,185.4,147450,2434800,9.11,25850,25890.3
2025-10-21 14:23:00,ATM-1,PUT,105.55,107.35,104,104,508125,2937450,9.93,25850,25890.3
2025-10-21 14:23:00,ATM,CALL,153.95,155.1,152.8,155.1,478500,8698200,9.01,25900,25890.3
2025-10-21 14:23:00,ATM,PUT,125.8,127.4,124.05,124.05,783825,6600150,9.84,25900,25890.3
2025-10-21 14:23:00,ATM+1,CALL,127.95,128.7,126.35,128.4,204975,3858825,8.94,25950,25890.3
2025-10-21 14:23:00,ATM+1,PUT,148.6,150.95,146.8,146.8,207750,1945275,9.74,25950,25890.3
2025-10-21 14:23:00,ATM+2,CALL,104.15,104.9,102.95,104.85,476925,11844075,8.91,26000,25890.3
2025-10-21 14:23:00,ATM+2,PUT,175.05,177.45,173.1,173.45,182400,4192575,9.73,26000,25890.3
2025-10-21 14:23:00,ATM+3,CALL,83.9,84.55,82.7,84.3,153150,2184825,8.87,26050,25890.3
2025-10-21 14:23:00,ATM+3,PUT,205.25,207.3,202.45,202.45,26625,311475,9.69,26050,25890.3
2025-10-21 14:23:00,ATM+4,CALL,65.6,66.4,64.65,66.4,274275,5998350,8.79,26100,25890.3
2025-10-21 14:23:00,ATM+4,PUT,236.75,239.2,234.65,234.65,36975,451650,9.69,26100,25890.3
2025-10-21 14:23:00,ATM+5,CALL,51.2,51.8,50.15,51.6,154950,2021625,8.76,26150,25890.3
2025-10-21 14:23:00,ATM+5,PUT,273.25,275,270.25,270.25,2700,84300,9.76,26150,25890.3
2025-10-21 14:23:00,ATM+6,CALL,38.95,39.5,38.15,39.5,286650,6681600,8.73,26200,25890.3
2025-10-21 14:23:00,ATM+6,PUT,309.8,313.1,307.8,307.8,13800,406125,9.81,26200,25890.3
2025-10-21 14:23:00,ATM+7,CALL,29.1,29.95,28.55,29.95,235875,1810350,8.73,26250,25890.3
2025-10-21 14:23:00,ATM+7,PUT,353.25,353.25,350,350,525,26250,10.11,26250,25890.3
2025-10-21 14:23:00,ATM+8,CALL,21.35,22.15,20.95,22.1,312825,5548125,8.69,26300,25890.3
2025-10-21 14:23:00,ATM+8,PUT,393.95,395,390.9,390.9,1050,141750,10.15,26300,25890.3
2025-10-21 14:23:00,ATM+9,CALL,15.75,16.45,15.45,16.45,191775,1847175,8.74,26350,25890.3
2025-10-21 14:23:00,ATM+9,PUT,437.8,439.65,435,435.2,450,9525,10.38,26350,25890.3
2025-10-21 14:23:00,ATM+10,CALL,11.3,11.85,11.15,11.8,219375,5841225,8.73,26400,25890.3
2025-10-21 14:23:00,ATM+10,PUT,482.6,485,480,480,225,158250,10.59,26400,25890.3
2025-10-21 14:24:00,ATM-10,CALL,544.7,544.7,540,540,600,1701450,7.76,25400,25886.35
2025-10-21 14:24:00,ATM-10,PUT,18.5,18.95,18.4,18.4,146850,5046975,11.25,25400,25886.35
2025-10-21 14:24:00,ATM-9,CALL,501.45,501.45,494.9,499.65,1425,219000,9.51,25450,25886.35
2025-10-21 14:24:00,ATM-9,PUT,22.55,23.15,22.5,22.55,88350,2430000,11.08,25450,25886.35
2025-10-21 14:24:00,ATM-8,CALL,455.75,456.05,447.75,452.35,13275,4041525,9.19,25500,25886.35
2025-10-21 14:24:00,ATM-8,PUT,26.8,27.55,26.8,26.8,223050,9976725,10.81,25500,25886.35
2025-10-21 14:24:00,ATM-7,CALL,411.9,411.9,405.2,405.95,375,222525,8.91,25550,25886.35
2025-10-21 14:24:00,ATM-7,PUT,32.6,33.55,32.55,32.8,97500,1378725,10.63,25550,25886.35
2025-10-21 14:24:00,ATM-6,CALL,369.8,369.95,361.3,364.75,7350,1906725,9.13,25600,25886.35
2025-10-21 14:24:00,ATM-6,PUT,39.4,40.6,39.4,39.7,186975,5644500,10.44,25600,25886.35
2025-10-21 14:24:00,ATM-5,CALL,328.25,328.25,320.55,323.45,3750,424950,9.11,25650,25886.35
2025-10-21 14:24:00,ATM-5,PUT,48.1,49.65,48.1,48.5,109950,1638975,10.29,25650,25886.35
2025-10-21 14:24:00,ATM-4,CALL,289.3,289.3,280.8,286.25,51750,2277450,9.27,25700,25886.35
2025-10-21 14:24:00,ATM-4,PUT,58.6,60.3,58.6,59.05,251400,6961200,10.15,25700,25886.35
2025-10-21 14:24:00,ATM-3,CALL,252.25,252.25,243.5,248.85,30525,703050,9.19,25750,25886.35
2025-10-21 14:24:00,ATM-3,PUT,71.35,73.6,71.35,71.9,188550,1517175,10.02,25750,25886.35
2025-10-21 14:24:00,ATM-2,CALL,216.4,216.45,209.15,213.9,267900,4901925,9.13,25800,25886.35
2025-10-21 14:24:00,ATM-2,PUT,86.6,89.25,86.25,87.55,499650,5545725,9.95,25800,25886.35
2025-10-21 14:24:00,ATM-1,CALL,185.1,185.55,178.05,183,283275,2488500,9.17,25850,25886.35
2025-10-21 14:24:00,ATM-1,PUT,104.05,107.45,103.95,105.6,499275,3048675,9.89,25850,25886.35
2025-10-21 14:24:00,ATM,CALL,155.5,155.5,148.5,153,1094925,8710425,9.06,25900,25886.35
2025-10-21 14:24:00,ATM,PUT,123.9,127.5,123.9,125.25,1001400,6671850,9.75,25900,25886.35
2025-10-21 14:24:00,ATM+1,CALL,128.45,128.45,122.45,126.3,501000,3898350,8.99,25950,25886.35
2025-10-21 14:24:00,ATM+1,PUT,146.9,151,146.9,148.65,299925,1994400,9.69,25950,25886.35
2025-10-21 14:24:00,ATM+2,CALL,104.75,104.75,99.5,102.65,816675,11795400,8.91,26000,25886.35
2025-10-21 14:24:00,ATM+2,PUT,173.4,178.35,173.4,175.7,214875,4130100,9.68,26000,25886.35
2025-10-21 14:24:00,ATM+3,CALL,84.55,84.55,80.05,83.15,272850,2197275,8.93,26050,25886.35
2025-10-21 14:24:00,ATM+3,PUT,202.6,208.25,202.6,204.5,19950,299250,9.61,26050,25886.35
2025-10-21 14:24:00,ATM+4,CALL,66.4,66.4,62.5,65,368025,5959275,8.82,26100,25886.35
2025-10-21 14:24:00,ATM+4,PUT,235.2,240.85,235,237.5,31350,459225,9.64,26100,25886.35
2025-10-21 14:24:00,ATM+5,CALL,51.75,51.75,48.55,50.7,209850,1971600,8.79,26150,25886.35
2025-10-21 14:24:00,ATM+5,PUT,271.25,276.85,271.25,273,12225,89475,9.68,26150,25886.35
2025-10-21 14:24:00,ATM+6,CALL,39.45,39.55,37.1,38.55,332625,6663300,8.75,26200,25886.35
2025-10-21 14:24:00,ATM+6,PUT,307.35,315,307.35,310.8,12525,413550,9.71,26200,25886.35
2025-10-21 14:24:00,ATM+7,CALL,29.95,30,28.05,29.3,186525,1753875,8.76,26250,25886.35
2025-10-21 14:24:00,ATM+7,PUT,350,355.65,349.25,351.6,525,26250,9.86,26250,25886.35
2025-10-21 14:24:00,ATM+8,CALL,22.05,22.05,20.7,21.65,225375,5561625,8.74,26300,25886.35
2025-10-21 14:24:00,ATM+8,PUT,390.5,398.4,390.5,397,1350,141750,10.33,26300,25886.35
2025-10-21 14:24:00,ATM+9,CALL,16.45,16.45,15.5,16.15,113025,1860225,8.78,26350,25886.35
2025-10-21 14:24:00,ATM+9,PUT,437.6,443.1,437.6,443.1,300,9525,10.8,26350,25886.35
2025-10-21 14:24:00,ATM+10,CALL,11.8,11.8,11.25,11.7,180300,5829825,8.79,26400,25886.35
2025-10-21 14:24:00,ATM+10,PUT,480.1,488.8,480.1,488.8,375,158250,11.13,26400,25886.35
2025-10-21 14:25:00,ATM-10,CALL,542.8,545,542.6,543.65,7575,1701300,9.02,25400,25884.95
2025-10-21 14:25:00,ATM-10,PUT,18.5,18.6,18.2,18.5,125400,5046975,11.27,25400,25884.95
2025-10-21 14:25:00,ATM-9,CALL,498.65,499.8,497.8,499.8,1425,219000,9.59,25450,25884.95
2025-10-21 14:25:00,ATM-9,PUT,22.65,22.8,22.3,22.5,51450,2430000,11.07,25450,25884.95
2025-10-21 14:25:00,ATM-8,CALL,451.25,453.75,450.85,452.65,3975,4041525,9.28,25500,25884.95
2025-10-21 14:25:00,ATM-8,PUT,27.1,27.2,26.7,27.05,153075,9976725,10.84,25500,25884.95
2025-10-21 14:25:00,ATM-7,CALL,405.95,405.95,405.95,405.95,0,222525,8.94,25550,25884.95
2025-10-21 14:25:00,ATM-7,PUT,33.05,33.2,32.65,33.05,51525,1378725,10.66,25550,25884.95
2025-10-21 14:25:00,ATM-6,CALL,365.5,366.7,365,366.2,3825,1906725,9.33,25600,25884.95
2025-10-21 14:25:00,ATM-6,PUT,40,40.2,39.6,40.15,86625,5644500,10.48,25600,25884.95
2025-10-21 14:25:00,ATM-5,CALL,325,325,324.4,324.9,2250,424950,9.27,25650,25884.95
2025-10-21 14:25:00,ATM-5,PUT,48.95,49.3,48.55,48.8,97500,1638975,10.31,25650,25884.95
2025-10-21 14:25:00,ATM-4,CALL,285.85,286.45,285.05,285.25,12600,2277450,9.19,25700,25884.95
2025-10-21 14:25:00,ATM-4,PUT,59.8,59.95,59.05,59.95,122250,6961200,10.2,25700,25884.95
2025-10-21 14:25:00,ATM-3,CALL,248.75,249.95,248,248.95,8250,703050,9.22,25750,25884.95
2025-10-21 14:25:00,ATM-3,PUT,72.25,73,72,73,87525,1517175,10.11,25750,25884.95
2025-10-21 14:25:00,ATM-2,CALL,213.85,214.8,213.05,213.05,90825,4901925,9.08,25800,25884.95
2025-10-21 14:25:00,ATM-2,PUT,88,88.9,87.45,88.9,225450,5545725,10.05,25800,25884.95
2025-10-21 14:25:00,ATM-1,CALL,182.8,183.55,182,182,114675,2488500,9.11,25850,25884.95
2025-10-21 14:25:00,ATM-1,PUT,106.55,106.75,105.4,106.65,230775,3048675,9.95,25850,25884.95
2025-10-21 14:25:00,ATM,CALL,152.6,153.5,152.05,152.6,382950,8710425,9.04,25900,25884.95
2025-10-21 14:25:00,ATM,PUT,126.25,126.5,125.05,126.35,468225,6671850,9.82,25900,25884.95
2025-10-21 14:25:00,ATM+1,CALL,126.15,126.85,125.35,125.55,167625,3898350,8.94,25950,25884.95
2025-10-21 14:25:00,ATM+1,PUT,149.15,149.9,148.5,149.9,94725,1994400,9.76,25950,25884.95
2025-10-21 14:25:00,ATM+2,CALL,103,103.25,102,102.75,312375,11795400,8.93,26000,25884.95
2025-10-21 14:25:00,ATM+2,PUT,175.2,176.7,175,175.9,130725,4130100,9.68,26000,25884.95
2025-10-21 14:25:00,ATM+3,CALL,82.95,83,82,82.1,99300,2197275,8.86,26050,25884.95
2025-10-21 14:25:00,ATM+3,PUT,205.85,206.45,204.25,206,11250,299250,9.7,26050,25884.95
2025-10-21 14:25:00,ATM+4,CALL,65,65.1,64.1,64.45,189375,5959275,8.79,26100,25884.95
2025-10-21 14:25:00,ATM+4,PUT,237.85,239,236.75,239,18225,459225,9.74,26100,25884.95
2025-10-21 14:25:00,ATM+5,CALL,50.45,50.8,49.8,50,117825,1971600,8.75,26150,25884.95
2025-10-21 14:25:00,ATM+5,PUT,274,274,273.2,273.9,900,89475,9.73,26150,25884.95
2025-10-21 14:25:00,ATM+6,CALL,38.6,38.8,38,38.25,115725,6663300,8.73,26200,25884.95
2025-10-21 14:25:00,ATM+6,PUT,312.2,312.25,310.35,312.25,9675,413550,9.83,26200,25884.95
2025-10-21 14:25:00,ATM+7,CALL,29.15,29.25,28.75,28.85,44025,1753875,8.72,26250,25884.95
2025-10-21 14:25:00,ATM+7,PUT,351.6,351.6,351.6,351.6,0,26250,9.84,26250,25884.95
2025-10-21 14:25:00,ATM+8,CALL,21.55,21.7,21.2,21.35,135900,5561625,8.69,26300,25884.95
2025-10-21 14:25:00,ATM+8,PUT,394.9,394.9,392.8,394.3,375,141075,10.02,26300,25884.95
2025-10-21 14:25:00,ATM+9,CALL,16.05,16.2,15.85,16.05,36750,1860225,8.77,26350,25884.95
2025-10-21 14:25:00,ATM+9,PUT,439.65,439.65,439.65,439.65,75,9225,10.36,26350,25884.95
2025-10-21 14:25:00,ATM+10,CALL,11.7,11.75,11.45,11.5,98850,5829825,8.75,26400,25884.95
2025-10-21 14:25:00,ATM+10,PUT,485.3,485.3,484.8,484.8,825,157800,10.58,26400,25884.95
2025-10-21 14:26:00,ATM-10,CALL,542.2,542.4,542,542.3,450,1701300,8.64,25400,25884.2
2025-10-21 14:26:00,ATM-10,PUT,18.45,18.5,17.9,18.05,114225,5046975,11.19,25400,25884.2
2025-10-21 14:26:00,ATM-9,CALL,498.2,498.5,495.3,496.65,1425,219000,8.99,25450,25884.2
2025-10-21 14:26:00,ATM-9,PUT,22.6,22.7,22.05,22.25,45075,2430000,11.03,25450,25884.2
2025-10-21 14:26:00,ATM-8,CALL,449.8,451.5,448.75,450.2,6225,4041525,8.89,25500,25884.2
2025-10-21 14:26:00,ATM-8,PUT,27.05,27.2,26.4,26.75,201225,9976725,10.8,25500,25884.2
2025-10-21 14:26:00,ATM-7,CALL,405.95,405.95,405.95,405.95,0,222525,8.94,25550,25884.2
2025-10-21 14:26:00,ATM-7,PUT,33,33.2,32.35,32.55,51150,1378725,10.61,25550,25884.2
2025-10-21 14:26:00,ATM-6,CALL,365.75,365.75,363.4,364,1875,1906725,9.08,25600,25884.2
2025-10-21 14:26:00,ATM-6,PUT,40,40.35,39.45,39.7,181200,5644500,10.43,25600,25884.2
2025-10-21 14:26:00,ATM-5,CALL,324,325.3,322.45,325,3300,424950,9.28,25650,25884.2
2025-10-21 14:26:00,ATM-5,PUT,49.15,49.45,48.45,48.5,96600,1638975,10.28,25650,25884.2
2025-10-21 14:26:00,ATM-4,CALL,285.95,285.95,283.25,284.5,20400,2277450,9.13,25700,25884.2
2025-10-21 14:26:00,ATM-4,PUT,59.8,60.1,58.85,59.15,191325,6961200,10.15,25700,25884.2
2025-10-21 14:26:00,ATM-3,CALL,248.5,248.6,246.1,247.3,11250,703050,9.09,25750,25884.2
2025-10-21 14:26:00,ATM-3,PUT,72.9,73.45,72,72.25,82350,1517175,10.05,25750,25884.2
2025-10-21 14:26:00,ATM-2,CALL,213.85,214.05,211.6,213,85800,4901925,9.08,25800,25884.2
2025-10-21 14:26:00,ATM-2,PUT,88.5,88.95,87.5,87.95,272925,5545725,9.99,25800,25884.2
2025-10-21 14:26:00,ATM-1,CALL,182.2,182.9,180.3,181.6,99225,2488500,9.08,25850,25884.2
2025-10-21 14:26:00,ATM-1,PUT,106.35,107.2,105.5,105.6,299400,3048675,9.87,25850,25884.2
2025-10-21 14:26:00,ATM,CALL,152.5,152.75,150.75,151.95,394350,8710425,9,25900,25884.2
2025-10-21 14:26:00,ATM,PUT,126.4,127.1,125.5,126.05,554550,6671850,9.8,25900,25884.2
2025-10-21 14:26:00,ATM+1,CALL,125.8,126.2,124.3,125.25,217275,3898350,8.93,25950,25884.2
2025-10-21 14:26:00,ATM+1,PUT,149.7,150.9,149,149.45,139125,1994400,9.73,25950,25884.2
2025-10-21 14:26:00,ATM+2,CALL,102.35,102.8,101.2,102.25,357675,11795400,8.9,26000,25884.2
2025-10-21 14:26:00,ATM+2,PUT,176.5,177.8,175.75,176,135900,4130100,9.69,26000,25884.2
2025-10-21 14:26:00,ATM+3,CALL,82.5,82.75,81.1,81.75,133050,2197275,8.83,26050,25884.2
2025-10-21 14:26:00,ATM+3,PUT,205.9,207.55,205.2,205.5,27450,299250,9.66,26050,25884.2
2025-10-21 14:26:00,ATM+4,CALL,64.55,64.6,63.4,64.2,145500,5959275,8.77,26100,25884.2
2025-10-21 14:26:00,ATM+4,PUT,238.3,240,237.35,238,27525,459225,9.66,26100,25884.2
2025-10-21 14:26:00,ATM+5,CALL,50,50.3,49.35,49.8,86025,1971600,8.74,26150,25884.2
2025-10-21 14:26:00,ATM+5,PUT,273.75,275.75,273.75,273.8,1800,89475,9.71,26150,25884.2
2025-10-21 14:26:00,ATM+6,CALL,38.3,38.4,37.5,38.1,199725,6663300,8.72,26200,25884.2
2025-10-21 14:26:00,ATM+6,PUT,311.75,314,311,312.15,8100,413550,9.82,26200,25884.2
2025-10-21 14:26:00,ATM+7,CALL,28.9,29.1,28.4,28.75,64200,1753875,8.7,26250,25884.2
2025-10-21 14:26:00,ATM+7,PUT,353.2,354.4,352.35,352.35,1200,25350,9.91,26250,25884.2
2025-10-21 14:26:00,ATM+8,CALL,21.35,21.5,21,21.2,150825,5561625,8.68,26300,25884.2
2025-10-21 14:26:00,ATM+8,PUT,393.9,397,393.9,395,5325,141075,10.09,26300,25884.2
2025-10-21 14:26:00,ATM+9,CALL,15.9,16.05,15.6,15.8,48525,1860225,8.73,26350,25884.2
2025-10-21 14:26:00,ATM+9,PUT,439.65,439.65,439.65,439.65,0,9225,10.36,26350,25884.2
2025-10-21 14:26:00,ATM+10,CALL,11.5,11.65,11.3,11.45,102000,5829825,8.74,26400,25884.2
2025-10-21 14:26:00,ATM+10,PUT,485.3,486.75,485.05,486.75,600,157800,10.84,26400,25884.2
2025-10-21 14:27:00,ATM-10,CALL,546,549,546,549,375,1701000,9.86,25400,25887.15
2025-10-21 14:27:00,ATM-10,PUT,18,18.2,17.3,17.45,118575,5070600,11.12,25400,25887.15
2025-10-21 14:27:00,ATM-9,CALL,500.95,503.85,500.95,503.85,750,216900,10.01,25450,25887.15
2025-10-21 14:27:00,ATM-9,PUT,22.15,22.35,21.2,21.45,70200,2406000,10.95,25450,25887.15
2025-10-21 14:27:00,ATM-8,CALL,450.9,456.9,450.9,456.75,4650,4043775,9.66,25500,25887.15
2025-10-21 14:27:00,ATM-8,PUT,26.6,26.8,25.4,25.6,295575,10002975,10.68,25500,25887.15
2025-10-21 14:27:00,ATM-7,CALL,408.55,413,407.6,413,1425,221625,9.67,25550,25887.15
2025-10-21 14:27:00,ATM-7,PUT,32.45,32.65,31.05,31.1,111075,1387500,10.48,25550,25887.15
2025-10-21 14:27:00,ATM-6,CALL,364.45,369.85,364.15,369.85,5400,1906950,9.56,25600,25887.15
2025-10-21 14:27:00,ATM-6,PUT,39.55,39.8,37.7,38,168975,5706825,10.3,25600,25887.15
2025-10-21 14:27:00,ATM-5,CALL,324.5,328.3,323.6,327.8,7200,426375,9.42,25650,25887.15
2025-10-21 14:27:00,ATM-5,PUT,48.45,48.65,46.05,46.45,146925,1625625,10.13,25650,25887.15
2025-10-21 14:27:00,ATM-4,CALL,285.95,288.85,284.45,288.35,29625,2278575,9.35,25700,25887.15
2025-10-21 14:27:00,ATM-4,PUT,58.9,59.3,56.2,56.4,298575,6984900,9.95,25700,25887.15
2025-10-21 14:27:00,ATM-3,CALL,248.6,251.6,247.5,251.15,15675,706350,9.3,25750,25887.15
2025-10-21 14:27:00,ATM-3,PUT,71.85,72.35,68.6,69,199425,1503825,9.84,25750,25887.15
2025-10-21 14:27:00,ATM-2,CALL,213.9,216,212.6,215.6,138150,4917975,9.18,25800,25887.15
2025-10-21 14:27:00,ATM-2,PUT,87.65,88,83.45,84.1,464775,5566275,9.75,25800,25887.15
2025-10-21 14:27:00,ATM-1,CALL,182,184.35,181.4,183.75,151800,2530575,9.15,25850,25887.15
2025-10-21 14:27:00,ATM-1,PUT,105.65,106.35,101.25,101.6,510900,3112875,9.66,25850,25887.15
2025-10-21 14:27:00,ATM,CALL,152.05,154.15,151.5,154,494175,8776125,9.07,25900,25887.15
2025-10-21 14:27:00,ATM,PUT,125.3,126.05,120.75,121.1,839850,6617175,9.52,25900,25887.15
2025-10-21 14:27:00,ATM+1,CALL,125.75,127.35,124.95,127,236775,3896325,8.98,25950,25887.15
2025-10-21 14:27:00,ATM+1,PUT,149,149.4,143.95,144.65,239175,1963125,9.47,25950,25887.15
2025-10-21 14:27:00,ATM+2,CALL,102.3,103.95,101.7,103.7,391725,11772450,8.94,26000,25887.15
2025-10-21 14:27:00,ATM+2,PUT,175.75,176.15,170.5,170.55,187575,4133325,9.39,26000,25887.15
2025-10-21 14:27:00,ATM+3,CALL,82.1,83.45,81.45,83.2,163200,2226225,8.89,26050,25887.15
2025-10-21 14:27:00,ATM+3,PUT,204.75,205.9,199.5,199.9,42600,314400,9.35,26050,25887.15
2025-10-21 14:27:00,ATM+4,CALL,64.35,65.25,63.65,65.15,189225,5957550,8.79,26100,25887.15
2025-10-21 14:27:00,ATM+4,PUT,237,238,231.6,232.6,34800,464100,9.35,26100,25887.15
2025-10-21 14:27:00,ATM+5,CALL,50.15,50.9,49.35,50.8,99375,1950525,8.78,26150,25887.15
2025-10-21 14:27:00,ATM+5,PUT,270.45,270.45,268.2,268.2,1575,89550,9.37,26150,25887.15
2025-10-21 14:27:00,ATM+6,CALL,38.15,38.8,37.65,38.7,195075,6680625,8.74,26200,25887.15
2025-10-21 14:27:00,ATM+6,PUT,311.1,312.15,305.05,306.15,9750,412275,9.42,26200,25887.15
2025-10-21 14:27:00,ATM+7,CALL,28.85,29.3,28.35,29.1,116700,1778550,8.7,26250,25887.15
2025-10-21 14:27:00,ATM+7,PUT,352.2,352.2,344.05,346.7,1500,25725,9.51,26250,25887.15
2025-10-21 14:27:00,ATM+8,CALL,21.2,21.65,20.95,21.5,206175,5556825,8.69,26300,25887.15
2025-10-21 14:27:00,ATM+8,PUT,394.45,394.45,389.85,390,1425,141075,9.71,26300,25887.15
2025-10-21 14:27:00,ATM+9,CALL,15.8,16.1,15.55,16.05,58950,1848900,8.74,26350,25887.15
2025-10-21 14:27:00,ATM+9,PUT,435,435,435,435,75,9225,9.99,26350,25887.15
2025-10-21 14:27:00,ATM+10,CALL,11.4,11.65,11.25,11.55,127950,5858475,8.74,26400,25887.15
2025-10-21 14:27:00,ATM+10,PUT,486.75,486.75,486.75,486.75,0,157800,11.04,26400,25887.15
2025-10-21 14:28:00,ATM-10,CALL,547.1,547.1,539.45,539.45,600,1701000,8.35,25400,25883.2
2025-10-21 14:28:00,ATM-10,PUT,17.45,18.5,17.45,18.35,95850,5070600,11.21,25400,25883.2
2025-10-21 14:28:00,ATM-9,CALL,503.2,503.2,495.35,495.35,2100,216900,9.1,25450,25883.2
2025-10-21 14:28:00,ATM-9,PUT,21.45,22.7,21.45,22.5,42675,2406000,11.04,25450,25883.2
2025-10-21 14:28:00,ATM-8,CALL,455.7,455.7,448,449.85,6375,4043775,9.13,25500,25883.2
2025-10-21 14:28:00,ATM-8,PUT,25.45,27.15,25.45,26.95,191175,10002975,10.79,25500,25883.2
2025-10-21 14:28:00,ATM-7,CALL,410.95,410.95,405,405.35,600,221625,9.11,25550,25883.2
2025-10-21 14:28:00,ATM-7,PUT,31.15,33.1,31.15,32.8,63825,1387500,10.6,25550,25883.2
2025-10-21 14:28:00,ATM-6,CALL,368.75,368.75,361.05,363.1,5550,1906950,9.17,25600,25883.2
2025-10-21 14:28:00,ATM-6,PUT,37.75,40.15,37.75,39.85,116850,5706825,10.41,25600,25883.2
2025-10-21 14:28:00,ATM-5,CALL,328.05,328.05,320,321.6,3750,426375,9.11,25650,25883.2
2025-10-21 14:28:00,ATM-5,PUT,46.45,49.15,46.45,48.8,84825,1625625,10.27,25650,25883.2
2025-10-21 14:28:00,ATM-4,CALL,288.65,288.65,281.25,283.5,42450,2278575,9.18,25700,25883.2
2025-10-21 14:28:00,ATM-4,PUT,56.75,59.85,56.75,59.4,244950,6984900,10.13,25700,25883.2
2025-10-21 14:28:00,ATM-3,CALL,250.6,250.6,244.15,245.5,22800,706350,9.06,25750,25883.2
2025-10-21 14:28:00,ATM-3,PUT,69.5,72.9,69.5,72.3,125400,1503825,10.01,25750,25883.2
2025-10-21 14:28:00,ATM-2,CALL,215.15,215.2,210,211.35,175200,4917975,9.06,25800,25883.2
2025-10-21 14:28:00,ATM-2,PUT,84.3,88.6,84.3,87.65,484425,5566275,9.91,25800,25883.2
2025-10-21 14:28:00,ATM-1,CALL,183.9,183.95,178.25,179.85,230700,2530575,9.03,25850,25883.2
2025-10-21 14:28:00,ATM-1,PUT,101.5,106.7,101.5,106.25,442200,3112875,9.87,25850,25883.2
2025-10-21 14:28:00,ATM,CALL,153.8,153.8,148.8,150.45,715425,8776125,8.97,25900,25883.2
2025-10-21 14:28:00,ATM,PUT,122,127,122,126.1,822450,6617175,9.74,25900,25883.2
2025-10-21 14:28:00,ATM+1,CALL,127.15,127.4,122.3,123.65,342450,3896325,8.88,25950,25883.2
2025-10-21 14:28:00,ATM+1,PUT,145.2,150.85,145.2,149.15,184500,1963125,9.64,25950,25883.2
2025-10-21 14:28:00,ATM+2,CALL,103.45,103.45,99.25,100.4,662175,11772450,8.83,26000,25883.2
2025-10-21 14:28:00,ATM+2,PUT,171.35,177.7,171.35,176.4,218250,4133325,9.64,26000,25883.2
2025-10-21 14:28:00,ATM+3,CALL,83.15,83.15,79.15,80.05,286200,2226225,8.76,26050,25883.2
2025-10-21 14:28:00,ATM+3,PUT,200,207.6,200,206,27150,314400,9.61,26050,25883.2
2025-10-21 14:28:00,ATM+4,CALL,64.9,64.9,61.75,62.65,340350,5957550,8.69,26100,25883.2
2025-10-21 14:28:00,ATM+4,PUT,232.6,240,232.6,238.8,32250,464100,9.61,26100,25883.2
2025-10-21 14:28:00,ATM+5,CALL,50.5,50.6,47.8,48.55,156600,1950525,8.67,26150,25883.2
2025-10-21 14:28:00,ATM+5,PUT,267.75,276.4,267.75,275.6,1125,89550,9.76,26150,25883.2
2025-10-21 14:28:00,ATM+6,CALL,38.7,38.7,36.4,36.85,298725,6680625,8.64,26200,25883.2
2025-10-21 14:28:00,ATM+6,PUT,305.3,314,305.3,313.25,10725,412275,9.75,26200,25883.2
2025-10-21 14:28:00,ATM+7,CALL,29.2,29.2,27.4,27.9,161475,1778550,8.64,26250,25883.2
2025-10-21 14:28:00,ATM+7,PUT,352.6,353.45,352.6,353.2,375,25725,9.84,26250,25883.2
2025-10-21 14:28:00,ATM+8,CALL,21.4,21.45,20.15,20.45,258975,5556825,8.61,26300,25883.2
2025-10-21 14:28:00,ATM+8,PUT,395,397.4,395,397.4,225,136275,10.13,26300,25883.2
2025-10-21 14:28:00,ATM+9,CALL,15.9,15.9,15,15.15,118950,1848900,8.66,26350,25883.2
2025-10-21 14:28:00,ATM+9,PUT,435,435,435,435,0,9225,9.56,26350,25883.2
2025-10-21 14:28:00,ATM+10,CALL,11.6,11.6,10.8,10.95,250950,5858475,8.68,26400,25883.2
2025-10-21 14:28:00,ATM+10,PUT,486.8,486.8,486.8,486.8,825,158400,10.62,26400,25883.2
2025-10-21 14:29:00,ATM-10,CALL,583.3,583.3,582.35,583.3,1050,157650,9.76,25350,25874.75
2025-10-21 14:29:00,ATM-10,PUT,15.5,15.85,15.5,15.75,50625,1003650,11.4,25350,25874.75
2025-10-21 14:29:00,ATM-9,CALL,540.35,540.45,536,536,1950,1701000,9.66,25400,25874.75
2025-10-21 14:29:00,ATM-9,PUT,22.5,22.5,22.5,22.5,0,2406000,11.04,25400,25874.75
2025-10-21 14:29:00,ATM-8,CALL,496.7,496.7,490.8,491.7,2775,216900,9.94,25450,25874.75
2025-10-21 14:29:00,ATM-8,PUT,22.45,22.95,22.45,22.7,50025,2406000,10.92,25450,25874.75
2025-10-21 14:29:00,ATM-7,CALL,450.1,450.1,444.05,445,9375,4043775,9.62,25500,25874.75
2025-10-21 14:29:00,ATM-7,PUT,26.8,27.4,26.8,27.2,235875,10002975,10.67,25500,25874.75
2025-10-21 14:29:00,ATM-6,CALL,403,403,403,403,525,221625,9.8,25550,25874.75
2025-10-21 14:29:00,ATM-6,PUT,39.85,39.85,39.85,39.85,0,5706825,10.41,25550,25874.75
2025-10-21 14:29:00,ATM-5,CALL,362.45,362.6,357.95,358.65,8700,1906950,9.51,25600,25874.75
2025-10-21 14:29:00,ATM-5,PUT,39.85,40.55,39.8,40.05,244500,5706825,10.26,25600,25874.75
2025-10-21 14:29:00,ATM-4,CALL,283.5,283.5,283.5,283.5,0,2278575,9.18,25650,25874.75
2025-10-21 14:29:00,ATM-4,PUT,48.65,49.4,48.65,49.25,105600,1625625,10.13,25650,25874.75
2025-10-21 14:29:00,ATM-3,CALL,283.45,284,278,278.2,56700,2278575,9.32,25700,25874.75
2025-10-21 14:29:00,ATM-3,PUT,59.25,60.3,59.2,59.95,314700,6984900,9.96,25700,25874.75
2025-10-21 14:29:00,ATM-2,CALL,246.65,246.65,241.1,241.4,17550,706350,9.25,25750,25874.75
2025-10-21 14:29:00,ATM-2,PUT,72.65,73.35,72.4,73.35,182250,1503825,9.87,25750,25874.75
2025-10-21 14:29:00,ATM-1,CALL,179.85,179.85,179.85,179.85,0,2530575,9.03,25800,25874.75
2025-10-21 14:29:00,ATM-1,PUT,87.8,89.25,87.8,89,482775,5566275,9.77,25800,25874.75
2025-10-21 14:29:00,ATM,CALL,150.45,150.45,150.45,150.45,0,8776125,8.97,25900,25883.2
2025-10-21 14:29:00,ATM,PUT,126.1,126.1,126.1,126.1,0,6617175,9.74,25900,25883.2
2025-10-21 14:29:00,ATM+1,CALL,150,150,146.05,146.05,779250,8776125,9.01,25900,25874.75
2025-10-21 14:29:00,ATM+1,PUT,149.15,149.15,149.15,149.15,0,1963125,9.64,25900,25874.75
2025-10-21 14:29:00,ATM+2,CALL,100.4,100.4,100.4,100.4,0,11772450,8.83,25950,25874.75
2025-10-21 14:29:00,ATM+2,PUT,149.45,151.5,149.35,151.35,215550,1963125,9.47,25950,25874.75
2025-10-21 14:29:00,ATM+3,CALL,100.65,100.65,97,97,725325,11772450,8.86,26000,25874.75
2025-10-21 14:29:00,ATM+3,PUT,175.8,178.5,175.8,178.5,172425,4133325,9.43,26000,25874.75
2025-10-21 14:29:00,ATM+4,CALL,80.35,80.35,77.15,77.25,252225,2226225,8.79,26050,25874.75
2025-10-21 14:29:00,ATM+4,PUT,205.45,208.7,205.45,208.7,21525,314400,9.4,26050,25874.75
2025-10-21 14:29:00,ATM+5,CALL,62.75,62.75,59.85,60,395175,5957550,8.7,26100,25874.75
2025-10-21 14:29:00,ATM+5,PUT,238.45,241.1,238,240.8,32175,464100,9.3,26100,25874.75
2025-10-21 14:29:00,ATM+6,CALL,48.35,48.35,46.4,46.45,214500,1950525,8.69,26150,25874.75
2025-10-21 14:29:00,ATM+6,PUT,313.25,313.25,313.25,313.25,0,412275,9.75,26150,25874.75
2025-10-21 14:29:00,ATM+7,CALL,36.9,37.05,35.3,35.4,384975,6680625,8.68,26200,25874.75
2025-10-21 14:29:00,ATM+7,PUT,312.2,315.85,312.2,315.5,24600,412275,9.36,26200,25874.75
2025-10-21 14:29:00,ATM+8,CALL,27.85,27.85,26.5,26.5,235425,1778550,8.66,26250,25874.75
2025-10-21 14:29:00,ATM+8,PUT,355,357,354.4,357,1500,25725,9.49,26250,25874.75
2025-10-21 14:29:00,ATM+9,CALL,20.4,20.4,19.5,19.55,350550,5556825,8.66,26300,25874.75
2025-10-21 14:29:00,ATM+9,PUT,395.15,400,395.15,400,1650,136275,9.61,26300,25874.75
2025-10-21 14:29:00,ATM+10,CALL,10.95,10.95,10.95,10.95,0,5858475,8.68,26350,25874.75
2025-10-21 14:29:00,ATM+10,PUT,443.95,444,443.95,444,150,9300,9.7,26350,25874.75
2025-10-21 14:30:00,ATM-10,CALL,576.95,576.95,574.3,575.35,7575,157650,10.97,25350,25859.8
2025-10-21 14:30:00,ATM-10,PUT,15.7,15.85,15.5,15.8,122700,992850,11.2,25350,25859.8
2025-10-21 14:30:00,ATM-9,CALL,536,536,529.75,529.75,1200,1699500,10.93,25400,25859.8
2025-10-21 14:30:00,ATM-9,PUT,18.65,18.75,18.4,18.7,145500,5102700,10.91,25400,25859.8
2025-10-21 14:30:00,ATM-8,CALL,490,490,483.85,483.85,225,216900,10.71,25450,25859.8
2025-10-21 14:30:00,ATM-8,PUT,22.75,23,22.5,22.85,126825,2436675,10.71,25450,25859.8
2025-10-21 14:30:00,ATM-7,CALL,443.05,444.15,437.45,437.65,13050,4044300,10.34,25500,25859.8
2025-10-21 14:30:00,ATM-7,PUT,27.15,27.45,26.9,27.45,384900,9992025,10.45,25500,25859.8
2025-10-21 14:30:00,ATM-6,CALL,400,400.4,395.8,397.9,825,221625,10.6,25550,25859.8
2025-10-21 14:30:00,ATM-6,PUT,33.25,33.6,32.85,33.4,174825,1367700,10.24,25550,25859.8
2025-10-21 14:30:00,ATM-5,CALL,357.05,357.05,350.9,350.9,12150,1906275,9.94,25600,25859.8
2025-10-21 14:30:00,ATM-5,PUT,40.15,41,40.1,40.9,265275,5777550,10.07,25600,25859.8
2025-10-21 14:30:00,ATM-4,CALL,315.95,316.35,311.45,311.85,10200,430650,9.94,25650,25859.8
2025-10-21 14:30:00,ATM-4,PUT,49.25,50.3,49.2,49.9,199200,1616625,9.89,25650,25859.8
2025-10-21 14:30:00,ATM-3,CALL,277.7,277.9,272.6,273.55,82275,2292075,9.82,25700,25859.8
2025-10-21 14:30:00,ATM-3,PUT,60.1,61.3,59.8,61.1,405975,6940800,9.75,25700,25859.8
2025-10-21 14:30:00,ATM-2,CALL,240.9,241,235.3,236.35,51300,708450,9.62,25750,25859.8
2025-10-21 14:30:00,ATM-2,PUT,73.55,75,73.25,74.7,299925,1507950,9.62,25750,25859.8
2025-10-21 14:30:00,ATM-1,CALL,206.2,206.55,201.2,201.2,294450,4953225,9.43,25800,25859.8
2025-10-21 14:30:00,ATM-1,PUT,89.3,91.15,88.95,90.9,813900,5621700,9.52,25800,25859.8
2025-10-21 14:30:00,ATM,CALL,174.9,175.3,170.4,170.85,380625,2571450,9.39,25850,25859.8
2025-10-21 14:30:00,ATM,PUT,107.35,109.6,107.05,109.2,1037700,3117300,9.4,25850,25859.8
2025-10-21 14:30:00,ATM+1,CALL,145.6,145.7,141.3,141.3,1162050,8599200,9.21,25900,25859.8
2025-10-21 14:30:00,ATM+1,PUT,127.9,130.4,127.45,130.4,1773225,6555675,9.27,25900,25859.8
2025-10-21 14:30:00,ATM+2,CALL,119.15,119.3,115.6,115.9,547275,3830850,9.12,25950,25859.8
2025-10-21 14:30:00,ATM+2,PUT,151.9,154.9,151.4,154.15,416400,1892925,9.13,25950,25859.8
2025-10-21 14:30:00,ATM+3,CALL,96.7,96.85,93.35,93.4,989775,11739225,9.02,26000,25859.8
2025-10-21 14:30:00,ATM+3,PUT,179.25,182.15,178.4,182.15,435825,4063350,9.08,26000,25859.8
2025-10-21 14:30:00,ATM+4,CALL,76.8,77.15,73.9,74.25,303300,2171550,8.94,26050,25859.8
2025-10-21 14:30:00,ATM+4,PUT,208.9,212.8,208.8,211.95,60075,289875,8.94,26050,25859.8
2025-10-21 14:30:00,ATM+5,CALL,59.75,60,57.2,57.4,543225,5884125,8.84,26100,25859.8
2025-10-21 14:30:00,ATM+5,PUT,242.2,246.25,242.2,245.9,49050,454725,8.9,26100,25859.8
2025-10-21 14:30:00,ATM+6,CALL,46.35,46.5,44.1,44.1,259200,1925625,8.79,26150,25859.8
2025-10-21 14:30:00,ATM+6,PUT,278.95,283.35,278.2,281.75,13050,85500,8.79,26150,25859.8
2025-10-21 14:30:00,ATM+7,CALL,35.15,35.3,33.35,33.45,589725,6750525,8.76,26200,25859.8
2025-10-21 14:30:00,ATM+7,PUT,317,322,316.4,320.9,25725,395100,8.76,26200,25859.8
2025-10-21 14:30:00,ATM+8,CALL,26.45,26.65,24.9,25,301350,1761375,8.75,26250,25859.8
2025-10-21 14:30:00,ATM+8,PUT,357.6,364.3,357.6,364.3,975,24300,8.97,26250,25859.8
2025-10-21 14:30:00,ATM+9,CALL,19.55,19.65,18.2,18.25,383100,5505300,8.72,26300,25859.8
2025-10-21 14:30:00,ATM+9,PUT,402.2,409.8,402.05,406.35,6300,137550,8.83,26300,25859.8
2025-10-21 14:30:00,ATM+10,CALL,14.55,14.75,13.45,13.45,231525,1841100,8.75,26350,25859.8
2025-10-21 14:30:00,ATM+10,PUT,449.1,450.05,447.9,450.05,450,9300,8.66,26350,25859.8
2025-10-21 14:31:00,ATM-10,CALL,575.35,575.35,575.35,575.35,0,157650,12.07,25350,25852.2
2025-10-21 14:31:00,ATM-10,PUT,15.8,15.8,15.25,15.6,87075,992850,11.06,25350,25852.2
2025-10-21 14:31:00,ATM-9,CALL,534.8,535,534.8,535,150,1699500,12.55,25400,25852.2
2025-10-21 14:31:00,ATM-9,PUT,18.7,18.75,17.9,18.5,290700,5102700,10.76,25400,25852.2
2025-10-21 14:31:00,ATM-8,CALL,484.15,489.95,484.15,489.95,150,213000,12.25,25450,25852.2
2025-10-21 14:31:00,ATM-8,PUT,22.95,22.95,21.95,22.6,125100,2436675,10.56,25450,25852.2
2025-10-21 14:31:00,ATM-7,CALL,437.05,445,437.05,442.65,9525,4044300,11.63,25500,25852.2
2025-10-21 14:31:00,ATM-7,PUT,27.35,27.5,26.35,27.35,508725,9992025,10.32,25500,25852.2
2025-10-21 14:31:00,ATM-6,CALL,398,400.05,396.45,397.9,450,220950,11.21,25550,25852.2
2025-10-21 14:31:00,ATM-6,PUT,33.35,33.45,31.9,33.2,148275,1367700,10.09,25550,25852.2
2025-10-21 14:31:00,ATM-5,CALL,351,358.05,350.8,354.75,8775,1906275,10.85,25600,25852.2
2025-10-21 14:31:00,ATM-5,PUT,40.65,40.8,39,40.4,327450,5777550,9.87,25600,25852.2
2025-10-21 14:31:00,ATM-4,CALL,310.8,318,310.8,315.15,3750,430650,10.69,25650,25852.2
2025-10-21 14:31:00,ATM-4,PUT,50,50,48.1,49.7,197700,1616625,9.74,25650,25852.2
2025-10-21 14:31:00,ATM-3,CALL,272.55,278.05,272,275.65,46725,2292075,10.41,25700,25852.2
2025-10-21 14:31:00,ATM-3,PUT,61.25,61.25,58.5,60.35,530550,6940800,9.52,25700,25852.2
2025-10-21 14:31:00,ATM-2,CALL,236.05,241.5,235.65,239,33375,708450,10.14,25750,25852.2
2025-10-21 14:31:00,ATM-2,PUT,74.6,74.9,71.65,73.7,284400,1507950,9.37,25750,25852.2
2025-10-21 14:31:00,ATM-1,CALL,201.4,206.5,201.4,204.75,278850,4953225,10,25800,25852.2
2025-10-21 14:31:00,ATM-1,PUT,90.65,90.9,87.25,89,705225,5621700,9.22,25800,25852.2
2025-10-21 14:31:00,ATM,CALL,171,175.5,170.55,172.6,362625,2571450,9.79,25850,25852.2
2025-10-21 14:31:00,ATM,PUT,109.4,109.45,105,108.2,810000,3117300,9.15,25850,25852.2
2025-10-21 14:31:00,ATM+1,CALL,142,145.35,141.05,143.25,904125,8599200,9.59,25900,25852.2
2025-10-21 14:31:00,ATM+1,PUT,129.95,129.95,124.6,127.95,1253925,6555675,8.87,25900,25852.2
2025-10-21 14:31:00,ATM+2,CALL,116.35,119.3,116.05,117.45,435675,3830850,9.44,25950,25852.2
2025-10-21 14:31:00,ATM+2,PUT,154.3,154.3,148.9,151.5,295200,1892925,8.72,25950,25852.2
2025-10-21 14:31:00,ATM+3,CALL,93.7,95.9,93.15,95.3,849675,11739225,9.36,26000,25852.2
2025-10-21 14:31:00,ATM+3,PUT,181.6,181.6,176.1,179.4,275850,4063350,8.57,26000,25852.2
2025-10-21 14:31:00,ATM+4,CALL,74.1,76.3,73.8,74.9,282900,2171550,9.18,26050,25852.2
2025-10-21 14:31:00,ATM+4,PUT,212.4,212.4,205.5,210.35,41625,289875,8.45,26050,25852.2
2025-10-21 14:31:00,ATM+5,CALL,57.6,59.1,57.1,57.95,460425,5884125,9.04,26100,25852.2
2025-10-21 14:31:00,ATM+5,PUT,246.15,246.15,238.5,242.4,62850,454725,8.19,26100,25852.2
2025-10-21 14:31:00,ATM+6,CALL,44.3,45.3,43.85,44.5,297000,1925625,8.98,26150,25852.2
2025-10-21 14:31:00,ATM+6,PUT,282.6,282.6,275.05,278.95,5850,85500,8.02,26150,25852.2
2025-10-21 14:31:00,ATM+7,CALL,33.55,34.4,33,33.15,641250,6750525,8.87,26200,25852.2
2025-10-21 14:31:00,ATM+7,PUT,321.5,321.5,313,318.35,24150,395100,7.85,26200,25852.2
2025-10-21 14:31:00,ATM+8,CALL,25.1,25.6,24.55,24.6,356400,1761375,8.81,26250,25852.2
2025-10-21 14:31:00,ATM+8,PUT,362.25,362.7,352.1,357.75,975,24300,7.31,26250,25852.2
2025-10-21 14:31:00,ATM+9,CALL,18.35,18.7,17.8,17.95,532725,5505300,8.79,26300,25852.2
2025-10-21 14:31:00,ATM+9,PUT,405.85,405.85,401.1,401.1,1350,137550,6.84,26300,25852.2
2025-10-21 14:31:00,ATM+10,CALL,13.6,13.85,13.15,13.15,287925,1841100,8.81,26350,25852.2
2025-10-21 14:31:00,ATM+10,PUT,448.55,448.55,447.6,447.6,225,9150,5.74,26350,25852.2
2025-10-21 14:32:00,ATM-10,CALL,575.35,575.35,575.35,575.35,0,157650,11.76,25350,25854.65
2025-10-21 14:32:00,ATM-10,PUT,15.6,15.6,15.2,15.45,61950,992850,11.06,25350,25854.65
2025-10-21 14:32:00,ATM-9,CALL,535.4,535.4,534,535.15,1650,1699500,12.33,25400,25854.65
2025-10-21 14:32:00,ATM-9,PUT,18.3,18.3,17.95,18.15,133800,5102700,10.74,25400,25854.65
2025-10-21 14:32:00,ATM-8,CALL,489.7,489.7,489.7,489.7,75,213000,12.01,25450,25854.65
2025-10-21 14:32:00,ATM-8,PUT,22.45,22.5,21.9,22.35,66300,2436675,10.56,25450,25854.65
2025-10-21 14:32:00,ATM-7,CALL,442.85,445.5,442.25,445.5,10875,4044300,11.74,25500,25854.65
2025-10-21 14:32:00,ATM-7,PUT,27.05,27.05,26.4,26.85,172125,9992025,10.3,25500,25854.65
2025-10-21 14:32:00,ATM-6,CALL,401.5,401.5,399.75,399.75,375,220950,11.22,25550,25854.65
2025-10-21 14:32:00,ATM-6,PUT,33,33,32.1,32.8,77625,1367700,10.09,25550,25854.65
2025-10-21 14:32:00,ATM-5,CALL,356.15,358.75,355.5,358,11250,1906275,10.99,25600,25854.65
2025-10-21 14:32:00,ATM-5,PUT,40.1,40.25,39.4,39.85,166950,5777550,9.86,25600,25854.65
2025-10-21 14:32:00,ATM-4,CALL,315.75,318.5,315.65,318,3750,430650,10.8,25650,25854.65
2025-10-21 14:32:00,ATM-4,PUT,49.25,49.25,48.05,49.05,115650,1616625,9.71,25650,25854.65
2025-10-21 14:32:00,ATM-3,CALL,276.75,279.25,276.3,279.25,44400,2292075,10.57,25700,25854.65
2025-10-21 14:32:00,ATM-3,PUT,60.1,60.1,58.65,59.7,191325,6940800,9.52,25700,25854.65
2025-10-21 14:32:00,ATM-2,CALL,239.75,242,239.7,241.8,19200,708450,10.3,25750,25854.65
2025-10-21 14:32:00,ATM-2,PUT,73.25,73.4,71.9,72.75,144300,1507950,9.36,25750,25854.65
2025-10-21 14:32:00,ATM-1,CALL,204.95,207.55,204.85,207.55,186075,4953225,10.11,25800,25854.65
2025-10-21 14:32:00,ATM-1,PUT,89,89,87.1,88.6,367050,5621700,9.22,25800,25854.65
2025-10-21 14:32:00,ATM,CALL,173.35,176,173.35,175.65,279675,2571450,9.92,25850,25854.65
2025-10-21 14:32:00,ATM,PUT,107.35,107.4,105.25,106.85,400050,3117300,9.09,25850,25854.65
2025-10-21 14:32:00,ATM+1,CALL,143.65,146.35,143.65,146.35,713925,8599200,9.73,25900,25854.65
2025-10-21 14:32:00,ATM+1,PUT,127.2,127.55,125.4,126.95,620550,6555675,8.88,25900,25854.65
2025-10-21 14:32:00,ATM+2,CALL,117.8,120.1,117.8,120.1,308625,3830850,9.56,25950,25854.65
2025-10-21 14:32:00,ATM+2,PUT,151.1,151.6,149,150.25,145950,1892925,8.68,25950,25854.65
2025-10-21 14:32:00,ATM+3,CALL,95,97.25,94.9,97.25,623175,11739225,9.43,26000,25854.65
2025-10-21 14:32:00,ATM+3,PUT,178.35,178.7,175.8,177.35,196050,4063350,8.52,26000,25854.65
2025-10-21 14:32:00,ATM+4,CALL,75,77.3,75,77.2,185550,2171550,9.3,26050,25854.65
2025-10-21 14:32:00,ATM+4,PUT,208.4,208.9,206,207,22125,289875,8.32,26050,25854.65
2025-10-21 14:32:00,ATM+5,CALL,58.05,59.85,57.9,59.8,282375,5884125,9.13,26100,25854.65
2025-10-21 14:32:00,ATM+5,PUT,240.9,241.9,238.9,240,21150,454725,8.11,26100,25854.65
2025-10-21 14:32:00,ATM+6,CALL,44.4,45.9,44.4,45.9,149400,1925625,9.04,26150,25854.65
2025-10-21 14:32:00,ATM+6,PUT,278.5,278.5,274.05,276,4575,85500,7.91,26150,25854.65
2025-10-21 14:32:00,ATM+7,CALL,33.4,34.5,33.3,34.45,305850,6750525,8.95,26200,25854.65
2025-10-21 14:32:00,ATM+7,PUT,317.1,317.1,313.05,314.05,5400,395100,7.57,26200,25854.65
2025-10-21 14:32:00,ATM+8,CALL,24.8,25.55,24.8,25.45,219975,1761375,8.89,26250,25854.65
2025-10-21 14:32:00,ATM+8,PUT,354.8,356.5,354.8,356.05,225,24300,7.36,26250,25854.65
2025-10-21 14:32:00,ATM+9,CALL,17.95,18.45,17.95,18.45,300975,5505300,8.83,26300,25854.65
2025-10-21 14:32:00,ATM+9,PUT,399.2,400.7,397.85,400.2,825,137550,7.09,26300,25854.65
2025-10-21 14:32:00,ATM+10,CALL,13.25,13.6,13.1,13.6,195450,1841100,8.86,26350,25854.65
2025-10-21 14:32:00,ATM+10,PUT,444.7,444.7,444.7,444.7,75,9150,5.46,26350,25854.65
2025-10-21 14:33:00,ATM-10,CALL,575.35,575.35,575.35,575.35,0,157650,9.31,25350,25868.05
2025-10-21 14:33:00,ATM-10,PUT,15.5,15.5,14.05,14.05,99075,975375,11,25350,25868.05
2025-10-21 14:33:00,ATM-9,CALL,535.45,545,535.45,545,3075,1701450,12.12,25400,25868.05
2025-10-21 14:33:00,ATM-9,PUT,18.3,18.3,16.5,16.9,282075,5209500,10.74,25400,25868.05
2025-10-21 14:33:00,ATM-8,CALL,489.7,489.7,489.7,489.7,0,213000,10.53,25450,25868.05
2025-10-21 14:33:00,ATM-8,PUT,22.4,22.5,20.3,20.7,105150,2422575,10.53,25450,25868.05
2025-10-21 14:33:00,ATM-7,CALL,443.95,453.1,443.15,451.35,14400,4048425,11.17,25500,25868.05
2025-10-21 14:33:00,ATM-7,PUT,26.95,27,24.35,25,495150,9713325,10.28,25500,25868.05
2025-10-21 14:33:00,ATM-6,CALL,402.55,410.45,402.55,410.45,525,220800,11.22,25550,25868.05
2025-10-21 14:33:00,ATM-6,PUT,32.75,32.9,29.5,30.45,177900,1348725,10.05,25550,25868.05
2025-10-21 14:33:00,ATM-5,CALL,358.3,365,358.3,363.25,13800,1909125,10.52,25600,25868.05
2025-10-21 14:33:00,ATM-5,PUT,40.05,40.1,36.25,36.45,384300,5739150,9.77,25600,25868.05
2025-10-21 14:33:00,ATM-4,CALL,317.3,324.7,317.3,323.9,4800,431400,10.46,25650,25868.05
2025-10-21 14:33:00,ATM-4,PUT,48.9,49.1,44.45,45.75,216150,1574925,9.68,25650,25868.05
2025-10-21 14:33:00,ATM-3,CALL,278.6,285.6,277.45,283.15,43725,2302725,10.13,25700,25868.05
2025-10-21 14:33:00,ATM-3,PUT,59.85,59.85,54.6,56.05,462225,6875475,9.51,25700,25868.05
2025-10-21 14:33:00,ATM-2,CALL,241.9,247.8,241.2,247.8,42375,710175,10.09,25750,25868.05
2025-10-21 14:33:00,ATM-2,PUT,73,73.35,67.25,67.25,247875,1494225,9.25,25750,25868.05
2025-10-21 14:33:00,ATM-1,CALL,207.5,212.45,206.55,211.8,292350,4950450,9.83,25800,25868.05
2025-10-21 14:33:00,ATM-1,PUT,88.55,88.85,81.75,82.55,650700,5543850,9.13,25800,25868.05
2025-10-21 14:33:00,ATM,CALL,175.45,180.35,175.05,178.65,445725,2634000,9.61,25850,25868.05
2025-10-21 14:33:00,ATM,PUT,107.35,107.35,99.3,101.1,777975,2955525,9.07,25850,25868.05
2025-10-21 14:33:00,ATM+1,CALL,146.35,150.15,145.55,148.6,1084350,8521275,9.42,25900,25868.05
2025-10-21 14:33:00,ATM+1,PUT,126.75,127.5,119.2,121.5,1101525,6267900,8.93,25900,25868.05
2025-10-21 14:33:00,ATM+2,CALL,120.4,123.55,119.35,123.45,400575,3712800,9.37,25950,25868.05
2025-10-21 14:33:00,ATM+2,PUT,150.95,151.05,142.75,142.75,222075,1775100,8.64,25950,25868.05
2025-10-21 14:33:00,ATM+3,CALL,97.45,100.35,96.7,99.2,885600,11656500,9.19,26000,25868.05
2025-10-21 14:33:00,ATM+3,PUT,177.45,178.5,169.1,171.6,295875,4012125,8.68,26000,25868.05
2025-10-21 14:33:00,ATM+4,CALL,76.8,80,76.8,79.8,320850,2122275,9.16,26050,25868.05
2025-10-21 14:33:00,ATM+4,PUT,207.9,208.3,198.75,202,30900,278475,8.6,26050,25868.05
2025-10-21 14:33:00,ATM+5,CALL,59.65,62.2,59.15,62.1,422850,5839275,9.03,26100,25868.05
2025-10-21 14:33:00,ATM+5,PUT,240.75,241.4,231.3,235.05,33225,434175,8.49,26100,25868.05
2025-10-21 14:33:00,ATM+6,CALL,46.05,48.1,45.5,47.4,219225,1871925,8.91,26150,25868.05
2025-10-21 14:33:00,ATM+6,PUT,276.9,277.8,266.75,269.4,5700,84225,8.24,26150,25868.05
2025-10-21 14:33:00,ATM+7,CALL,34.45,36.4,34.2,35.85,429150,6756900,8.85,26200,25868.05
2025-10-21 14:33:00,ATM+7,PUT,315.3,315.55,304.65,307,20700,391500,8,26200,25868.05
2025-10-21 14:33:00,ATM+8,CALL,25.55,27,25.3,26.5,271350,1745175,8.78,26250,25868.05
2025-10-21 14:33:00,ATM+8,PUT,346.7,347.55,346.7,347.55,150,23850,7.77,26250,25868.05
2025-10-21 14:33:00,ATM+9,CALL,18.35,19.7,18.35,19.25,361800,5479050,8.73,26300,25868.05
2025-10-21 14:33:00,ATM+9,PUT,399.85,399.85,389,389,2100,136275,7.26,26300,25868.05
2025-10-21 14:33:00,ATM+10,CALL,13.55,14.45,13.55,14.2,200625,1893900,8.76,26350,25868.05
2025-10-21 14:33:00,ATM+10,PUT,433.6,433.6,433.6,433.6,75,9075,6.02,26350,25868.05
2025-10-21 14:34:00,ATM-10,CALL,575.35,575.35,575.35,575.35,0,157650,10.14,25350,25865.95
2025-10-21 14:34:00,ATM-10,PUT,14.45,15.1,14.45,14.95,141975,975375,11.11,25350,25865.95
2025-10-21 14:34:00,ATM-9,CALL,542,542,537.45,541.95,2475,1701450,12.13,25400,25865.95
2025-10-21 14:34:00,ATM-9,PUT,16.9,17.7,16.9,17.55,117600,5209500,10.79,25400,25865.95
2025-10-21 14:34:00,ATM-8,CALL,496.6,498.25,496.5,496.5,1350,212850,11.85,25450,25865.95
2025-10-21 14:34:00,ATM-8,PUT,20.95,21.9,20.95,21.7,54300,2422575,10.62,25450,25865.95
2025-10-21 14:34:00,ATM-7,CALL,450.2,451.55,447.45,448.1,7275,4048425,11.14,25500,25865.95
2025-10-21 14:34:00,ATM-7,PUT,25,26.2,25,26,230625,9713325,10.35,25500,25865.95
2025-10-21 14:34:00,ATM-6,CALL,406.55,406.55,403.85,403.85,525,220800,10.84,25550,25865.95
2025-10-21 14:34:00,ATM-6,PUT,30.85,31.95,30.55,31.5,115800,1348725,10.11,25550,25865.95
2025-10-21 14:34:00,ATM-5,CALL,364.05,364.05,360,361.95,6525,1909125,10.67,25600,25865.95
2025-10-21 14:34:00,ATM-5,PUT,37.35,38.9,37.35,38.45,227625,5739150,9.91,25600,25865.95
2025-10-21 14:34:00,ATM-4,CALL,322.4,323,319.35,319.35,2400,431400,10.3,25650,25865.95
2025-10-21 14:34:00,ATM-4,PUT,46.2,47.75,46.2,47.25,133950,1574925,9.74,25650,25865.95
2025-10-21 14:34:00,ATM-3,CALL,282.8,283.35,279.4,279.4,24975,2302725,10.04,25700,25865.95
2025-10-21 14:34:00,ATM-3,PUT,55.9,58.25,55.9,57.5,203250,6875475,9.55,25700,25865.95
2025-10-21 14:34:00,ATM-2,CALL,246.3,246.55,242.9,243,21975,710175,9.91,25750,25865.95
2025-10-21 14:34:00,ATM-2,PUT,68.8,70.9,68.8,70.7,198900,1494225,9.43,25750,25865.95
2025-10-21 14:34:00,ATM-1,CALL,210.05,211.3,207.75,208.6,233175,4950450,9.76,25800,25865.95
2025-10-21 14:34:00,ATM-1,PUT,83.8,86.55,83.8,85.55,396450,5543850,9.26,25800,25865.95
2025-10-21 14:34:00,ATM,CALL,178.55,179.45,176.5,176.7,268500,2634000,9.61,25850,25865.95
2025-10-21 14:34:00,ATM,PUT,101.2,104.4,101.2,103.85,328275,2955525,9.16,25850,25865.95
2025-10-21 14:34:00,ATM+1,CALL,149,149.45,146.95,147.25,650400,8521275,9.46,25900,25865.95
2025-10-21 14:34:00,ATM+1,PUT,121.6,124.8,121.6,123.8,620250,6267900,8.97,25900,25865.95
2025-10-21 14:34:00,ATM+2,CALL,122.65,123.15,121.05,121.05,337800,3712800,9.33,25950,25865.95
2025-10-21 14:34:00,ATM+2,PUT,144.95,148.6,144.95,148.55,149025,1775100,8.92,25950,25865.95
2025-10-21 14:34:00,ATM+3,CALL,99.3,99.9,97.9,98.1,598425,11656500,9.22,26000,25865.95
2025-10-21 14:34:00,ATM+3,PUT,172.6,175.8,172.3,175.3,144225,4012125,8.79,26000,25865.95
2025-10-21 14:34:00,ATM+4,CALL,78.95,79.65,77.9,78.5,215625,2122275,9.15,26050,25865.95
2025-10-21 14:34:00,ATM+4,PUT,201.55,205.75,200.85,202.65,13500,278475,8.46,26050,25865.95
2025-10-21 14:34:00,ATM+5,CALL,61.4,61.9,60.6,60.65,305325,5839275,8.99,26100,25865.95
2025-10-21 14:34:00,ATM+5,PUT,233.6,238.7,233.6,237.6,20475,434175,8.49,26100,25865.95
2025-10-21 14:34:00,ATM+6,CALL,47.2,47.75,46.45,46.6,170100,1871925,8.92,26150,25865.95
2025-10-21 14:34:00,ATM+6,PUT,270.4,274.6,270.4,271.05,1425,84225,8.14,26150,25865.95
2025-10-21 14:34:00,ATM+7,CALL,35.7,36.05,35.25,35.3,335100,6756900,8.86,26200,25865.95
2025-10-21 14:34:00,ATM+7,PUT,308.2,312.9,308.2,309.45,5850,391500,7.95,26200,25865.95
2025-10-21 14:34:00,ATM+8,CALL,26.5,26.75,26.05,26.05,188400,1745175,8.79,26250,25865.95
2025-10-21 14:34:00,ATM+8,PUT,350.3,350.65,350.3,350.65,150,23850,7.77,26250,25865.95
2025-10-21 14:34:00,ATM+9,CALL,19.2,19.45,18.85,18.85,309900,5479050,8.73,26300,25865.95
2025-10-21 14:34:00,ATM+9,PUT,391.25,394.4,391.25,393.85,1425,136275,7.53,26300,25865.95
2025-10-21 14:34:00,ATM+10,CALL,14.2,14.25,13.85,13.85,154875,1893900,8.75,26350,25865.95
2025-10-21 14:34:00,ATM+10,PUT,440.4,440.4,440.4,440.4,150,9075,7.6,26350,25865.95
2025-10-21 14:35:00,ATM-10,CALL,575.35,575.35,575.35,575.35,0,157650,12.64,25350,25847.95
2025-10-21 14:35:00,ATM-10,PUT,15.1,15.15,14.45,15.15,109275,975375,10.91,25350,25847.95
2025-10-21 14:35:00,ATM-9,CALL,540,540,531.2,531.8,2025,1701450,12.63,25400,25847.95
2025-10-21 14:35:00,ATM-9,PUT,17.75,18,16.75,18,313125,5209500,10.62,25400,25847.95
2025-10-21 14:35:00,ATM-8,CALL,494.5,494.5,489,489,7575,212850,12.55,25450,25847.95
2025-10-21 14:35:00,ATM-8,PUT,21.8,22.05,20.9,22.05,189300,2422575,10.41,25450,25847.95
2025-10-21 14:35:00,ATM-7,CALL,448.3,448.3,439.1,439.1,15975,4048425,11.64,25500,25847.95
2025-10-21 14:35:00,ATM-7,PUT,26.1,26.5,24.9,26.5,389775,9713325,10.14,25500,25847.95
2025-10-21 14:35:00,ATM-6,CALL,403.95,403.95,395.65,395.65,1650,220800,11.33,25550,25847.95
2025-10-21 14:35:00,ATM-6,PUT,31.9,32.05,30.35,31.8,160650,1348725,9.86,25550,25847.95
2025-10-21 14:35:00,ATM-5,CALL,361.1,361.35,352.05,352.1,17925,1909125,10.92,25600,25847.95
2025-10-21 14:35:00,ATM-5,PUT,38.75,39.25,37.15,39.25,302850,5739150,9.68,25600,25847.95
2025-10-21 14:35:00,ATM-4,CALL,319.85,319.95,310.95,311.4,26175,431400,10.65,25650,25847.95
2025-10-21 14:35:00,ATM-4,PUT,47.4,48.25,45.75,48.25,251250,1574925,9.5,25650,25847.95
2025-10-21 14:35:00,ATM-3,CALL,280.65,281,271,272.95,52500,2302725,10.44,25700,25847.95
2025-10-21 14:35:00,ATM-3,PUT,57.85,58.95,56.35,58.95,402150,6875475,9.31,25700,25847.95
2025-10-21 14:35:00,ATM-2,CALL,244.35,244.5,234,237.45,39975,710175,10.3,25750,25847.95
2025-10-21 14:35:00,ATM-2,PUT,71.15,71.95,69.3,71.45,261750,1494225,9.1,25750,25847.95
2025-10-21 14:35:00,ATM-1,CALL,208.5,209.25,199,203.1,360600,4950450,10.08,25800,25847.95
2025-10-21 14:35:00,ATM-1,PUT,86.25,87.8,84.6,87.8,574725,5543850,9,25800,25847.95
2025-10-21 14:35:00,ATM,CALL,177.05,178.05,168,170.8,550800,2634000,9.84,25850,25847.95
2025-10-21 14:35:00,ATM,PUT,104.55,106.25,103,106.2,680700,2955525,8.85,25850,25847.95
2025-10-21 14:35:00,ATM+1,CALL,148,148,138.55,141.25,1367475,8521275,9.61,25900,25847.95
2025-10-21 14:35:00,ATM+1,PUT,125.25,126.85,123.8,126.85,1021650,6267900,8.64,25900,25847.95
2025-10-21 14:35:00,ATM+2,CALL,121.15,122.5,113.7,116,691200,3712800,9.49,25950,25847.95
2025-10-21 14:35:00,ATM+2,PUT,148.5,151.15,148.2,150.25,286425,1775100,8.43,25950,25847.95
2025-10-21 14:35:00,ATM+3,CALL,99,99.45,91.45,93.55,1121625,11656500,9.35,26000,25847.95
2025-10-21 14:35:00,ATM+3,PUT,175.3,178.95,175.2,178.55,286725,4012125,8.32,26000,25847.95
2025-10-21 14:35:00,ATM+4,CALL,78.35,79.25,72.3,74.05,430575,2122275,9.22,26050,25847.95
2025-10-21 14:35:00,ATM+4,PUT,205.9,209.2,205.5,209.05,36450,278475,8.14,26050,25847.95
2025-10-21 14:35:00,ATM+5,CALL,61.5,61.5,55.6,57.35,645075,5839275,9.08,26100,25847.95
2025-10-21 14:35:00,ATM+5,PUT,239,242.6,238.3,242.15,43500,434175,7.89,26100,25847.95
2025-10-21 14:35:00,ATM+6,CALL,46.9,47.5,42.3,43.25,334575,1871925,8.94,26150,25847.95
2025-10-21 14:35:00,ATM+6,PUT,274.65,279.15,274.1,279.15,11475,84225,7.7,26150,25847.95
2025-10-21 14:35:00,ATM+7,CALL,35.5,35.75,31.7,32.5,745725,6756900,8.89,26200,25847.95
2025-10-21 14:35:00,ATM+7,PUT,312.9,318.45,312.15,317.75,14925,391500,7.34,26200,25847.95
2025-10-21 14:35:00,ATM+8,CALL,26.35,26.35,23.2,23.8,436500,1745175,8.81,26250,25847.95
2025-10-21 14:35:00,ATM+8,PUT,354,358.15,354,357.95,525,23850,6.81,26250,25847.95
2025-10-21 14:35:00,ATM+9,CALL,18.85,19.25,16.65,17.1,674850,5479050,8.74,26300,25847.95
2025-10-21 14:35:00,ATM+9,PUT,397,402.1,396.9,402.1,9075,136275,5.28,26300,25847.95
2025-10-21 14:35:00,ATM+10,CALL,14,14.1,12.1,12.5,394800,1893900,8.77,26350,25847.95
2025-10-21 14:35:00,ATM+10,PUT,444.6,445,444.6,445,150,9075,0,26350,25847.95
2025-10-21 14:36:00,ATM-10,CALL,575.35,575.35,575.35,575.35,0,157650,12.08,25350,25851.45
2025-10-21 14:36:00,ATM-10,PUT,15.25,15.6,15.15,15.35,90825,988800,11.01,25350,25851.45
2025-10-21 14:36:00,ATM-9,CALL,531.7,534.75,530.05,534.75,3900,1701450,12.53,25400,25851.45
2025-10-21 14:36:00,ATM-9,PUT,18.05,18.45,17.85,18.1,214950,5201325,10.7,25400,25851.45
2025-10-21 14:36:00,ATM-8,CALL,485.5,486.4,485.5,486.4,975,212850,11.84,25450,25851.45
2025-10-21 14:36:00,ATM-8,PUT,22.05,22.6,22,22.3,106575,2465625,10.52,25450,25851.45
2025-10-21 14:36:00,ATM-7,CALL,440.2,442.65,438.9,442.2,9675,4043100,11.58,25500,25851.45
2025-10-21 14:36:00,ATM-7,PUT,26.5,27.1,26.3,26.65,244275,9702300,10.23,25500,25851.45
2025-10-21 14:36:00,ATM-6,CALL,396.6,399,394.85,399,1575,219600,11.32,25550,25851.45
2025-10-21 14:36:00,ATM-6,PUT,32.1,32.9,32,32.3,77550,1308525,10,25550,25851.45
2025-10-21 14:36:00,ATM-5,CALL,352.3,356,352.3,355.3,10575,1908600,10.91,25600,25851.45
2025-10-21 14:36:00,ATM-5,PUT,39.4,40.1,39.15,39.55,235950,5777625,9.8,25600,25851.45
2025-10-21 14:36:00,ATM-4,CALL,312.95,314.95,312.25,314.95,3900,423450,10.68,25650,25851.45
2025-10-21 14:36:00,ATM-4,PUT,48.05,49.2,48,48.4,153225,1535475,9.61,25650,25851.45
2025-10-21 14:36:00,ATM-3,CALL,273.45,276.25,272.7,276.25,29775,2310075,10.46,25700,25851.45
2025-10-21 14:36:00,ATM-3,PUT,58.85,59.8,58.55,58.8,298125,6812025,9.4,25700,25851.45
2025-10-21 14:36:00,ATM-2,CALL,237.3,239.55,236.35,238.6,15000,712350,10.17,25750,25851.45
2025-10-21 14:36:00,ATM-2,PUT,72,73.15,71.6,71.85,205575,1429200,9.24,25750,25851.45
2025-10-21 14:36:00,ATM-1,CALL,202.3,204.6,201.85,204.2,138150,4974825,9.96,25800,25851.45
2025-10-21 14:36:00,ATM-1,PUT,87.85,88.65,87.1,87.4,438300,5473350,9.09,25800,25851.45
2025-10-21 14:36:00,ATM,CALL,171.4,173.35,170.75,172.95,204750,2662125,9.82,25850,25851.45
2025-10-21 14:36:00,ATM,PUT,106.05,107.4,105.3,105.45,401325,2850750,8.92,25850,25851.45
2025-10-21 14:36:00,ATM+1,CALL,141.85,143.5,141.75,143.5,459750,8280225,9.61,25900,25851.45
2025-10-21 14:36:00,ATM+1,PUT,126.65,127.85,125.4,125.4,595800,6051900,8.69,25900,25851.45
2025-10-21 14:36:00,ATM+2,CALL,116.45,118.45,116.15,118,206175,3586275,9.49,25950,25851.45
2025-10-21 14:36:00,ATM+2,PUT,151.1,152.55,150.05,150.3,166875,1637175,8.6,25950,25851.45
2025-10-21 14:36:00,ATM+3,CALL,93.85,95.7,93.85,95.4,469425,11627475,9.37,26000,25851.45
2025-10-21 14:36:00,ATM+3,PUT,178.5,180,177.25,177.55,158400,3992325,8.44,26000,25851.45
2025-10-21 14:36:00,ATM+4,CALL,74.35,75.95,74.35,75.85,157275,2029350,9.25,26050,25851.45
2025-10-21 14:36:00,ATM+4,PUT,209.35,210.65,207.55,207.55,17025,258975,8.25,26050,25851.45
2025-10-21 14:36:00,ATM+5,CALL,57.15,58.5,57,58.25,286800,5703150,9.07,26100,25851.45
2025-10-21 14:36:00,ATM+5,PUT,242.7,243.55,240.1,240.5,26250,420600,8.02,26100,25851.45
2025-10-21 14:36:00,ATM+6,CALL,43.7,44.75,43.55,44.6,168225,1836675,8.99,26150,25851.45
2025-10-21 14:36:00,ATM+6,PUT,278.15,280.6,276.45,276.45,2550,81000,7.77,26150,25851.45
2025-10-21 14:36:00,ATM+7,CALL,32.75,33.7,32.75,33.6,278325,6672000,8.92,26200,25851.45
2025-10-21 14:36:00,ATM+7,PUT,317.9,319.4,315.65,315.65,12750,389625,7.53,26200,25851.45
2025-10-21 14:36:00,ATM+8,CALL,24.1,24.75,23.9,24.7,117900,1677150,8.84,26250,25851.45
2025-10-21 14:36:00,ATM+8,PUT,358.9,360.6,357.5,359.25,3900,23925,7.53,26250,25851.45
2025-10-21 14:36:00,ATM+9,CALL,17.3,17.8,17.15,17.65,239625,5462925,8.75,26300,25851.45
2025-10-21 14:36:00,ATM+9,PUT,400.35,403.35,398.95,398.95,1650,136275,5.66,26300,25851.45
2025-10-21 14:36:00,ATM+10,CALL,12.55,12.95,12.55,12.95,113325,1870800,8.78,26350,25851.45
2025-10-21 14:36:00,ATM+10,PUT,447.9,448.95,447.9,448.95,675,9075,6.21,26350,25851.45
2025-10-21 14:37:00,ATM-10,CALL,575.35,575.35,575.35,575.35,0,157650,11.74,25350,25853.85
2025-10-21 14:37:00,ATM-10,PUT,15.4,15.5,15.1,15.2,34875,988800,11.02,25350,25853.85
2025-10-21 14:37:00,ATM-9,CALL,531.45,531.45,528.1,529.55,1050,1702575,11.55,25400,25853.85
2025-10-21 14:37:00,ATM-9,PUT,18.2,18.25,17.9,17.95,91500,5201325,10.72,25400,25853.85
2025-10-21 14:37:00,ATM-8,CALL,486.9,486.9,483,483,300,207975,11.17,25450,25853.85
2025-10-21 14:37:00,ATM-8,PUT,22.3,22.5,22,22.05,23175,2465625,10.52,25450,25853.85
2025-10-21 14:37:00,ATM-7,CALL,441.95,441.95,435,437.55,61500,4043100,10.84,25500,25853.85
2025-10-21 14:37:00,ATM-7,PUT,26.65,26.8,26.4,26.55,154800,9702300,10.26,25500,25853.85
2025-10-21 14:37:00,ATM-6,CALL,398.9,398.9,393.1,395.05,2475,219600,10.72,25550,25853.85
2025-10-21 14:37:00,ATM-6,PUT,32.35,32.55,32,32.2,55650,1308525,10.02,25550,25853.85
2025-10-21 14:37:00,ATM-5,CALL,355.95,356,350.5,352,6225,1908600,10.42,25600,25853.85
2025-10-21 14:37:00,ATM-5,PUT,39.6,39.75,39.2,39.55,112950,5777625,9.84,25600,25853.85
2025-10-21 14:37:00,ATM-4,CALL,315.35,315.8,309.2,311.4,89100,423450,10.22,25650,25853.85
2025-10-21 14:37:00,ATM-4,PUT,48.35,48.65,47.9,48.45,89475,1535475,9.66,25650,25853.85
2025-10-21 14:37:00,ATM-3,CALL,275.95,275.95,270.7,272.45,20550,2310075,10.02,25700,25853.85
2025-10-21 14:37:00,ATM-3,PUT,58.9,59.35,58.55,59.3,111750,6812025,9.49,25700,25853.85
2025-10-21 14:37:00,ATM-2,CALL,239.1,239.5,234.15,235.7,22800,712350,9.83,25750,25853.85
2025-10-21 14:37:00,ATM-2,PUT,71.95,72.75,71.65,72.45,80850,1429200,9.34,25750,25853.85
2025-10-21 14:37:00,ATM-1,CALL,204.4,204.5,199.75,201.25,169800,4974825,9.65,25800,25853.85
2025-10-21 14:37:00,ATM-1,PUT,87.7,88.3,87.05,88.05,216225,5473350,9.19,25800,25853.85
2025-10-21 14:37:00,ATM,CALL,172.45,173.4,169.6,170.05,212250,2662125,9.52,25850,25853.85
2025-10-21 14:37:00,ATM,PUT,105.65,106.7,105.3,106.7,276150,2850750,9.08,25850,25853.85
2025-10-21 14:37:00,ATM+1,CALL,142.65,142.75,139.8,140.9,535800,8280225,9.35,25900,25853.85
2025-10-21 14:37:00,ATM+1,PUT,126.25,127.25,125.45,127.2,369600,6051900,8.9,25900,25853.85
2025-10-21 14:37:00,ATM+2,CALL,117.9,117.95,114.35,116,235875,3586275,9.27,25950,25853.85
2025-10-21 14:37:00,ATM+2,PUT,150.4,152.1,150.05,151.9,87675,1637175,8.79,25950,25853.85
2025-10-21 14:37:00,ATM+3,CALL,95.25,95.45,92.45,93.25,474450,11627475,9.15,26000,25853.85
2025-10-21 14:37:00,ATM+3,PUT,177.7,180,177.5,179.7,76200,3992325,8.69,26000,25853.85
2025-10-21 14:37:00,ATM+4,CALL,75.6,75.8,73.05,73.9,147300,2029350,9.04,26050,25853.85
2025-10-21 14:37:00,ATM+4,PUT,207.85,210.5,207.75,209.85,8400,258975,8.55,26050,25853.85
2025-10-21 14:37:00,ATM+5,CALL,58.25,58.35,55.8,56.35,277650,5703150,8.87,26100,25853.85
2025-10-21 14:37:00,ATM+5,PUT,240.55,243.95,240.55,242.8,14025,420600,8.36,26100,25853.85
2025-10-21 14:37:00,ATM+6,CALL,44.5,44.6,42.65,43.3,111075,1836675,8.82,26150,25853.85
2025-10-21 14:37:00,ATM+6,PUT,277.85,280.15,277.45,279.05,1425,81000,8.21,26150,25853.85
2025-10-21 14:37:00,ATM+7,CALL,33.4,33.5,31.8,32.05,342375,6672000,8.72,26200,25853.85
2025-10-21 14:37:00,ATM+7,PUT,316.1,319.65,316.1,318.4,5250,389625,8.08,26200,25853.85
2025-10-21 14:37:00,ATM+8,CALL,24.6,24.65,23.45,23.7,123600,1677150,8.68,26250,25853.85
2025-10-21 14:37:00,ATM+8,PUT,358.45,360.95,357.55,360.95,3450,23925,8.06,26250,25853.85
2025-10-21 14:37:00,ATM+9,CALL,17.7,17.7,16.75,17.05,280500,5462925,8.63,26300,25853.85
2025-10-21 14:37:00,ATM+9,PUT,401.5,403.95,401.5,403.95,1050,138000,7.82,26300,25853.85
2025-10-21 14:37:00,ATM+10,CALL,12.9,12.9,12.15,12.45,167925,1870800,8.66,26350,25853.85
2025-10-21 14:37:00,ATM+10,PUT,449.35,449.35,449.35,449.35,75,9075,7.65,26350,25853.85
2025-10-21 14:38:00,ATM-10,CALL,580.15,580.15,571.75,571.75,450,155475,11.37,25350,25852.25
2025-10-21 14:38:00,ATM-10,PUT,15.1,15.5,15.1,15.3,53175,988800,11.02,25350,25852.25
2025-10-21 14:38:00,ATM-9,CALL,531.65,532.25,525,525,4125,1702575,11.09,25400,25852.25
2025-10-21 14:38:00,ATM-9,PUT,17.95,18.25,17.95,18.1,129075,5201325,10.72,25400,25852.25
2025-10-21 14:38:00,ATM-8,CALL,485.45,485.45,476.6,476.6,600,207975,10.48,25450,25852.25
2025-10-21 14:38:00,ATM-8,PUT,22.05,22.45,22,22.3,69675,2465625,10.53,25450,25852.25
2025-10-21 14:38:00,ATM-7,CALL,438,441.55,430.55,430.85,15375,4043100,10.19,25500,25852.25
2025-10-21 14:38:00,ATM-7,PUT,26.5,26.8,26.4,26.75,158850,9702300,10.26,25500,25852.25
2025-10-21 14:38:00,ATM-6,CALL,395.45,397.5,388.3,388.3,2625,219600,10.14,25550,25852.25
2025-10-21 14:38:00,ATM-6,PUT,32.15,32.7,32.15,32.6,64200,1308525,10.05,25550,25852.25
2025-10-21 14:38:00,ATM-5,CALL,352.9,354.05,343.85,346.75,9225,1908600,10.04,25600,25852.25
2025-10-21 14:38:00,ATM-5,PUT,39.6,40.15,39.45,40,149625,5777625,9.86,25600,25852.25
2025-10-21 14:38:00,ATM-4,CALL,312.05,312.95,304.4,304.4,6450,423450,9.71,25650,25852.25
2025-10-21 14:38:00,ATM-4,PUT,48.4,49.3,48.3,49.2,134925,1535475,9.7,25650,25852.25
2025-10-21 14:38:00,ATM-3,CALL,272.85,274.3,264.8,265.5,51900,2310075,9.55,25700,25852.25
2025-10-21 14:38:00,ATM-3,PUT,59.1,60.2,59.1,60.2,174750,6812025,9.52,25700,25852.25
2025-10-21 14:38:00,ATM-2,CALL,236.35,237,228.3,230.15,44325,712350,9.49,25750,25852.25
2025-10-21 14:38:00,ATM-2,PUT,72.6,74.05,72.35,73.65,155925,1429200,9.4,25750,25852.25
2025-10-21 14:38:00,ATM-1,CALL,201.85,203.35,194.1,195.85,281850,4974825,9.33,25800,25852.25
2025-10-21 14:38:00,ATM-1,PUT,88.15,89.5,87.75,89.15,360000,5473350,9.24,25800,25852.25
2025-10-21 14:38:00,ATM,CALL,170.95,171.85,162.5,164.35,297000,2662125,9.19,25850,25852.25
2025-10-21 14:38:00,ATM,PUT,106.35,108.25,106,108.25,349800,2850750,9.15,25850,25852.25
2025-10-21 14:38:00,ATM+1,CALL,141.05,141.95,134.45,135.25,752850,8280225,9.02,25900,25852.25
2025-10-21 14:38:00,ATM+1,PUT,126.55,129.25,126.4,129.2,580500,6051900,8.99,25900,25852.25
2025-10-21 14:38:00,ATM+2,CALL,115.75,116.9,110.15,111.9,339600,3586275,9.03,25950,25852.25
2025-10-21 14:38:00,ATM+2,PUT,151.6,154.45,150.95,154.15,145275,1637175,8.9,25950,25852.25
2025-10-21 14:38:00,ATM+3,CALL,93.75,94.15,88.55,89.5,810300,11627475,8.92,26000,25852.25
2025-10-21 14:38:00,ATM+3,PUT,179,182.75,178.1,182.4,191700,3992325,8.83,26000,25852.25
2025-10-21 14:38:00,ATM+4,CALL,74.15,74.25,69.6,70.6,245700,2029350,8.84,26050,25852.25
2025-10-21 14:38:00,ATM+4,PUT,209.45,214,208.7,212.95,13050,258975,8.7,26050,25852.25
2025-10-21 14:38:00,ATM+5,CALL,57,57.3,53.2,53.85,367425,5703150,8.69,26100,25852.25
2025-10-21 14:38:00,ATM+5,PUT,242.75,247.35,241.45,247,32175,420600,8.61,26100,25852.25
2025-10-21 14:38:00,ATM+6,CALL,43.55,43.65,40.4,41,182550,1836675,8.64,26150,25852.25
2025-10-21 14:38:00,ATM+6,PUT,279,285,277.8,284.4,6075,81000,8.59,26150,25852.25
2025-10-21 14:38:00,ATM+7,CALL,32.45,32.6,30.05,30.5,388950,6672000,8.59,26200,25852.25
2025-10-21 14:38:00,ATM+7,PUT,317.75,324,316.3,324,14025,389625,8.55,26200,25852.25
2025-10-21 14:38:00,ATM+8,CALL,23.9,24,22,22.35,234150,1677150,8.55,26250,25852.25
2025-10-21 14:38:00,ATM+8,PUT,358.4,365,358.4,365,1050,23925,8.41,26250,25852.25
2025-10-21 14:38:00,ATM+9,CALL,17.15,17.2,15.65,16.1,264525,5462925,8.52,26300,25852.25
2025-10-21 14:38:00,ATM+9,PUT,403.3,408.8,401.65,408.8,3600,138000,8.36,26300,25852.25
2025-10-21 14:38:00,ATM+10,CALL,12.5,12.5,11.4,11.55,192300,1870800,8.52,26350,25852.25
2025-10-21 14:38:00,ATM+10,PUT,452,452,452,452,75,9075,7.92,26350,25852.25
2025-10-21 14:39:00,ATM-10,CALL,573.55,573.55,556.7,556.7,525,155100,10.65,25350,25841.4
2025-10-21 14:39:00,ATM-10,PUT,15.35,15.9,15.25,15.9,93600,967950,10.95,25350,25841.4
2025-10-21 14:39:00,ATM-9,CALL,524.55,524.55,510,512.1,2400,1700250,10.76,25400,25841.4
2025-10-21 14:39:00,ATM-9,PUT,18.2,18.8,18.15,18.75,267450,5165175,10.63,25400,25841.4
2025-10-21 14:39:00,ATM-8,CALL,477,477,477,477,150,207975,11.85,25450,25841.4
2025-10-21 14:39:00,ATM-8,PUT,22.25,23.25,22.25,23.25,107625,2439000,10.47,25450,25841.4
2025-10-21 14:39:00,ATM-7,CALL,433.75,433.75,419.45,423,31725,4025250,10.47,25500,25841.4
2025-10-21 14:39:00,ATM-7,PUT,26.85,28,26.75,27.9,441600,9715950,10.19,25500,25841.4
2025-10-21 14:39:00,ATM-6,CALL,382.55,382.55,374.75,377.55,525,214950,10.05,25550,25841.4
2025-10-21 14:39:00,ATM-6,PUT,32.6,34.1,32.6,34.05,125625,1278750,9.99,25550,25841.4
2025-10-21 14:39:00,ATM-5,CALL,346.65,347.75,332.65,336.15,22425,1905675,9.93,25600,25841.4
2025-10-21 14:39:00,ATM-5,PUT,40.15,42,40,42,352875,5818200,9.82,25600,25841.4
2025-10-21 14:39:00,ATM-4,CALL,307.2,307.2,293.1,296.25,45225,389475,9.79,25650,25841.4
2025-10-21 14:39:00,ATM-4,PUT,49.25,51.6,49.25,51.6,220425,1491900,9.66,25650,25841.4
2025-10-21 14:39:00,ATM-3,CALL,268.1,268.8,254.9,258.55,93900,2315925,9.68,25700,25841.4
2025-10-21 14:39:00,ATM-3,PUT,60.3,63.3,60.3,63,494400,6720225,9.49,25700,25841.4
2025-10-21 14:39:00,ATM-2,CALL,231.1,231.55,216.05,222.15,42150,708825,9.49,25750,25841.4
2025-10-21 14:39:00,ATM-2,PUT,73.95,77.5,73.7,77.5,354375,1396500,9.39,25750,25841.4
2025-10-21 14:39:00,ATM-1,CALL,197.55,197.85,184.55,189.1,393300,4969650,9.37,25800,25841.4
2025-10-21 14:39:00,ATM-1,PUT,89.5,93.8,89.2,93.55,952800,5334825,9.22,25800,25841.4
2025-10-21 14:39:00,ATM,CALL,166.2,166.65,154.5,158,431850,2628300,9.22,25850,25841.4
2025-10-21 14:39:00,ATM,PUT,107.85,113.15,107.8,112.65,988575,2645775,9.09,25850,25841.4
2025-10-21 14:39:00,ATM+1,CALL,137.05,137.45,126.1,129.8,1271325,8018325,9.06,25900,25841.4
2025-10-21 14:39:00,ATM+1,PUT,128.95,134.9,128.85,134.5,1429350,5674650,8.94,25900,25841.4
2025-10-21 14:39:00,ATM+2,CALL,112.55,113.15,102.7,105.85,658425,3408300,8.99,25950,25841.4
2025-10-21 14:39:00,ATM+2,PUT,153.9,161.1,153.65,160.45,346500,1487175,8.87,25950,25841.4
2025-10-21 14:39:00,ATM+3,CALL,90.7,90.9,82.05,85.1,1134000,11562300,8.94,26000,25841.4
2025-10-21 14:39:00,ATM+3,PUT,182.1,190,181.85,189.1,382275,3901875,8.78,26000,25841.4
2025-10-21 14:39:00,ATM+4,CALL,71.5,71.7,64.2,66.55,378900,1910475,8.83,26050,25841.4
2025-10-21 14:39:00,ATM+4,PUT,213.1,221.55,212.6,220.85,38925,255225,8.69,26050,25841.4
2025-10-21 14:39:00,ATM+5,CALL,55,55,48.7,50.7,574875,5590125,8.69,26100,25841.4
2025-10-21 14:39:00,ATM+5,PUT,246.85,256.25,246.7,254.95,47850,409350,8.55,26100,25841.4
2025-10-21 14:39:00,ATM+6,CALL,41.75,41.95,36.95,38.4,333900,1775100,8.64,26150,25841.4
2025-10-21 14:39:00,ATM+6,PUT,283.5,292.35,283.5,291.1,3975,81000,8.34,26150,25841.4
2025-10-21 14:39:00,ATM+7,CALL,30.9,31.2,27.25,28.6,657000,6755475,8.61,26200,25841.4
2025-10-21 14:39:00,ATM+7,PUT,322,334.05,322,331.65,18300,378525,8.3,26200,25841.4
2025-10-21 14:39:00,ATM+8,CALL,22.7,22.95,20,20.9,267900,1736025,8.57,26250,25841.4
2025-10-21 14:39:00,ATM+8,PUT,367,375.25,367,375.25,975,23925,8.39,26250,25841.4
2025-10-21 14:39:00,ATM+9,CALL,16.05,16.25,14.25,14.95,378450,5498850,8.52,26300,25841.4
2025-10-21 14:39:00,ATM+9,PUT,406.65,419.2,406.65,418.15,2850,137550,8.15,26300,25841.4
2025-10-21 14:39:00,ATM+10,CALL,11.75,11.8,10.4,10.9,349650,1876425,8.58,26350,25841.4
2025-10-21 14:39:00,ATM+10,PUT,466.1,466.35,463,463,375,9075,7.88,26350,25841.4
2025-10-21 14:40:00,ATM-10,CALL,558.95,562.45,558.95,562.45,1050,155100,11.55,25350,25841.85
2025-10-21 14:40:00,ATM-10,PUT,15.9,16.05,15.7,15.8,56400,967950,10.94,25350,25841.85
2025-10-21 14:40:00,ATM-9,CALL,516,516,515.8,515.8,225,1700250,11.24,25400,25841.85
2025-10-21 14:40:00,ATM-9,PUT,19.05,19.05,18.6,18.8,173325,5165175,10.65,25400,25841.85
2025-10-21 14:40:00,ATM-8,CALL,465.3,469.25,465.3,469.25,300,208050,10.86,25450,25841.85
2025-10-21 14:40:00,ATM-8,PUT,23.3,23.4,23,23.3,81825,2439000,10.48,25450,25841.85
2025-10-21 14:40:00,ATM-7,CALL,422,425.65,420.35,420.35,13275,4025250,10.11,25500,25841.85
2025-10-21 14:40:00,ATM-7,PUT,28.25,28.25,27.75,27.9,311625,9715950,10.2,25500,25841.85
2025-10-21 14:40:00,ATM-6,CALL,379.15,381.65,378.15,378.15,750,214950,10.08,25550,25841.85
2025-10-21 14:40:00,ATM-6,PUT,34.4,34.65,34,34.3,84150,1278750,10.02,25550,25841.85
2025-10-21 14:40:00,ATM-5,CALL,335.65,339.6,334.05,337.3,9075,1905675,10.01,25600,25841.85
2025-10-21 14:40:00,ATM-5,PUT,42.4,42.4,41.55,42.2,274725,5818200,9.85,25600,25841.85
2025-10-21 14:40:00,ATM-4,CALL,296.5,299.7,295,295,6150,389475,9.66,25650,25841.85
2025-10-21 14:40:00,ATM-4,PUT,51.75,52,50.9,51.75,164550,1491900,9.68,25650,25841.85
2025-10-21 14:40:00,ATM-3,CALL,257,261.55,256.1,256.35,69975,2315925,9.48,25700,25841.85
2025-10-21 14:40:00,ATM-3,PUT,63.25,63.9,62.25,63.6,385650,6720225,9.55,25700,25841.85
2025-10-21 14:40:00,ATM-2,CALL,221.95,225.35,221,221,43950,708825,9.39,25750,25841.85
2025-10-21 14:40:00,ATM-2,PUT,77.85,78,76.55,78,245475,1396500,9.44,25750,25841.85
2025-10-21 14:40:00,ATM-1,CALL,188.5,191.85,187.4,187.4,283650,4969650,9.24,25800,25841.85
2025-10-21 14:40:00,ATM-1,PUT,93.75,94.7,92.65,94.7,759975,5334825,9.32,25800,25841.85
2025-10-21 14:40:00,ATM,CALL,158.4,161.4,157.85,157.85,281175,2628300,9.19,25850,25841.85
2025-10-21 14:40:00,ATM,PUT,113.75,113.85,111.75,113.25,617475,2645775,9.13,25850,25841.85
2025-10-21 14:40:00,ATM+1,CALL,129.65,132.8,129.65,130.1,709500,8018325,9.07,25900,25841.85
2025-10-21 14:40:00,ATM+1,PUT,136.05,136.5,133.35,135.15,955575,5674650,9,25900,25841.85
2025-10-21 14:40:00,ATM+2,CALL,105.75,108.8,105.55,105.55,455775,3408300,8.95,25950,25841.85
2025-10-21 14:40:00,ATM+2,PUT,161.45,162.9,158.8,162.05,345600,1487175,9,25950,25841.85
2025-10-21 14:40:00,ATM+3,CALL,84.75,87,84.05,84.4,880125,11562300,8.88,26000,25841.85
2025-10-21 14:40:00,ATM+3,PUT,189.4,191.5,187.05,191.5,284700,3901875,8.97,26000,25841.85
2025-10-21 14:40:00,ATM+4,CALL,66,68.45,65.7,65.7,213300,1910475,8.75,26050,25841.85
2025-10-21 14:40:00,ATM+4,PUT,221.1,223,218.1,222.95,24825,255225,8.87,26050,25841.85
2025-10-21 14:40:00,ATM+5,CALL,50.6,52.35,50.35,50.35,412875,5590125,8.66,26100,25841.85
2025-10-21 14:40:00,ATM+5,PUT,255.9,256.95,251.7,256.35,22425,409350,8.69,26100,25841.85
2025-10-21 14:40:00,ATM+6,CALL,38,39.75,38,38.15,300600,1775100,8.61,26150,25841.85
2025-10-21 14:40:00,ATM+6,PUT,289.35,295,289.35,295,3000,77625,8.74,26150,25841.85
2025-10-21 14:40:00,ATM+7,CALL,28.55,29.55,28.45,28.55,436125,6755475,8.59,26200,25841.85
2025-10-21 14:40:00,ATM+7,PUT,334,334,329.8,333.8,13725,378525,8.58,26200,25841.85
2025-10-21 14:40:00,ATM+8,CALL,20.9,21.65,20.85,20.85,168525,1736025,8.55,26250,25841.85
2025-10-21 14:40:00,ATM+8,PUT,375.9,375.9,373.05,373.05,675,25200,8.15,26250,25841.85
2025-10-21 14:40:00,ATM+9,CALL,14.85,15.45,14.75,14.8,247950,5498850,8.5,26300,25841.85
2025-10-21 14:40:00,ATM+9,PUT,419.2,419.2,415.35,417.25,3000,137550,8.06,26300,25841.85
2025-10-21 14:40:00,ATM+10,CALL,10.8,11.35,10.8,10.9,155925,1876425,8.57,26350,25841.85
2025-10-21 14:40:00,ATM+10,PUT,466.25,466.25,462,462,150,8850,7.48,26350,25841.85
2025-10-21 14:41:00,ATM-10,CALL,558.35,560,558.35,558.55,225,155100,10.83,25350,25843.25
2025-10-21 14:41:00,ATM-10,PUT,15.9,16,15.6,15.75,66900,967950,10.94,25350,25843.25
2025-10-21 14:41:00,ATM-9,CALL,510.8,513.2,510.8,512.95,6000,1700250,10.76,25400,25843.25
2025-10-21 14:41:00,ATM-9,PUT,18.8,18.8,18.45,18.5,213075,5165175,10.61,25400,25843.25
2025-10-21 14:41:00,ATM-8,CALL,467.3,467.3,467.3,467.3,450,208050,10.54,25450,25843.25
2025-10-21 14:41:00,ATM-8,PUT,23.25,23.25,22.8,23,56775,2439000,10.45,25450,25843.25
2025-10-21 14:41:00,ATM-7,CALL,419.35,422.75,419.25,421.1,21975,4025250,10.15,25500,25843.25
2025-10-21 14:41:00,ATM-7,PUT,28.05,28.05,27.4,27.75,309000,9715950,10.19,25500,25843.25
2025-10-21 14:41:00,ATM-6,CALL,374.55,379.75,374.55,376.8,525,214950,9.89,25550,25843.25
2025-10-21 14:41:00,ATM-6,PUT,34,34.25,33.5,34.05,64500,1278750,10,25550,25843.25
2025-10-21 14:41:00,ATM-5,CALL,333.85,336.95,333.85,335.15,10050,1905675,9.77,25600,25843.25
2025-10-21 14:41:00,ATM-5,PUT,42.25,42.25,41.15,41.35,382425,5818200,9.77,25600,25843.25
2025-10-21 14:41:00,ATM-4,CALL,294.2,296.85,294.15,295.65,3750,389475,9.68,25650,25843.25
2025-10-21 14:41:00,ATM-4,PUT,51.9,51.9,50.85,51.3,323925,1491900,9.65,25650,25843.25
2025-10-21 14:41:00,ATM-3,CALL,255.45,259.05,255.45,258,33225,2315925,9.58,25700,25843.25
2025-10-21 14:41:00,ATM-3,PUT,63.4,63.4,62.35,62.85,209100,6720225,9.5,25700,25843.25
2025-10-21 14:41:00,ATM-2,CALL,220,223.2,220,222.05,20925,708825,9.44,25750,25843.25
2025-10-21 14:41:00,ATM-2,PUT,77.95,77.95,76.6,77.25,122925,1396500,9.4,25750,25843.25
2025-10-21 14:41:00,ATM-1,CALL,186.5,189.65,186.5,188.1,147075,4969650,9.27,25800,25843.25
2025-10-21 14:41:00,ATM-1,PUT,94.8,94.8,93,93.5,445875,5334825,9.25,25800,25843.25
2025-10-21 14:41:00,ATM,CALL,156.6,159.4,156.6,158.45,216525,2628300,9.21,25850,25843.25
2025-10-21 14:41:00,ATM,PUT,114,114,112.45,113,411000,2645775,9.13,25850,25843.25
2025-10-21 14:41:00,ATM+1,CALL,129,130.85,129,129.55,497025,8018325,9.01,25900,25843.25
2025-10-21 14:41:00,ATM+1,PUT,135.65,135.65,134.05,134.9,616875,5674650,9,25900,25843.25
2025-10-21 14:41:00,ATM+2,CALL,105.05,107.35,105.05,106.5,265275,3408300,9.01,25950,25843.25
2025-10-21 14:41:00,ATM+2,PUT,162.4,163,160.4,161.7,191325,1487175,9,25950,25843.25
2025-10-21 14:41:00,ATM+3,CALL,84.25,85.9,84.2,85.1,499725,11562300,8.91,26000,25843.25
2025-10-21 14:41:00,ATM+3,PUT,191.35,191.75,188.95,190.35,194850,3901875,8.91,26000,25843.25
2025-10-21 14:41:00,ATM+4,CALL,66.1,67.55,66,66.9,158775,1910475,8.83,26050,25843.25
2025-10-21 14:41:00,ATM+4,PUT,222.95,223.25,220.2,221.95,11025,255225,8.82,26050,25843.25
2025-10-21 14:41:00,ATM+5,CALL,50.25,51.45,50.25,51.1,280725,5590125,8.72,26100,25843.25
2025-10-21 14:41:00,ATM+5,PUT,257.5,257.5,254.2,255.9,19425,409350,8.69,26100,25843.25
2025-10-21 14:41:00,ATM+6,CALL,38.05,39.05,38.05,38.65,122850,1775100,8.64,26150,25843.25
2025-10-21 14:41:00,ATM+6,PUT,292.15,294,292.1,293.95,1575,77625,8.68,26150,25843.25
2025-10-21 14:41:00,ATM+7,CALL,28.3,29.2,28.3,29,354375,6755475,8.63,26200,25843.25
2025-10-21 14:41:00,ATM+7,PUT,335.3,335.3,331.75,332.95,5025,378525,8.52,26200,25843.25
2025-10-21 14:41:00,ATM+8,CALL,20.75,21.35,20.75,21.2,103875,1736025,8.59,26250,25843.25
2025-10-21 14:41:00,ATM+8,PUT,376.5,376.5,374.4,376,225,25200,8.59,26250,25843.25
2025-10-21 14:41:00,ATM+9,CALL,14.9,15.35,14.9,15.2,299250,5498850,8.55,26300,25843.25
2025-10-21 14:41:00,ATM+9,PUT,419.6,419.6,418.9,418.9,825,137550,8.4,26300,25843.25
2025-10-21 14:41:00,ATM+10,CALL,10.95,11.3,10.95,11.25,129075,1876425,8.63,26350,25843.25
2025-10-21 14:41:00,ATM+10,PUT,466.3,466.3,466.3,466.3,75,8850,8.72,26350,25843.25
2025-10-21 14:42:00,ATM-10,CALL,555.5,555.5,555.5,555.5,75,155100,11.35,25350,25836.95
2025-10-21 14:42:00,ATM-10,PUT,15.65,16.6,15.65,16.55,92025,980400,10.97,25350,25836.95
2025-10-21 14:42:00,ATM-9,CALL,512.7,512.7,494.1,495.25,10425,1700250,8.68,25400,25836.95
2025-10-21 14:42:00,ATM-9,PUT,18.45,19.8,18.45,19.65,281475,5226525,10.68,25400,25836.95
2025-10-21 14:42:00,ATM-8,CALL,445.8,450.8,445.8,450.8,975,208050,8.99,25450,25836.95
2025-10-21 14:42:00,ATM-8,PUT,22.85,24.3,22.85,24.2,95475,2463825,10.5,25450,25836.95
2025-10-21 14:42:00,ATM-7,CALL,421.5,421.5,402.75,407.45,42225,4002225,9.16,25500,25836.95
2025-10-21 14:42:00,ATM-7,PUT,27.7,29.4,27.5,29.2,443850,9644100,10.25,25500,25836.95
2025-10-21 14:42:00,ATM-6,CALL,374.05,376.85,359.65,366.45,4875,213675,9.37,25550,25836.95
2025-10-21 14:42:00,ATM-6,PUT,33.7,36.05,33.7,35.85,199500,1249500,10.07,25550,25836.95
2025-10-21 14:42:00,ATM-5,CALL,335.6,335.6,316.8,322,22800,1906425,9.01,25600,25836.95
2025-10-21 14:42:00,ATM-5,PUT,41.45,44.1,41.2,43.8,464250,5914425,9.87,25600,25836.95
2025-10-21 14:42:00,ATM-4,CALL,294.75,295,277.7,283,9825,384975,9.02,25650,25836.95
2025-10-21 14:42:00,ATM-4,PUT,51.35,55,51.15,54.4,346350,1435275,9.77,25650,25836.95
2025-10-21 14:42:00,ATM-3,CALL,256.5,256.9,239.75,245.95,91650,2311425,9,25700,25836.95
2025-10-21 14:42:00,ATM-3,PUT,62.5,67,62.5,66.3,596925,6632100,9.61,25700,25836.95
2025-10-21 14:42:00,ATM-2,CALL,221.9,221.9,204.75,211.45,62550,700425,8.98,25750,25836.95
2025-10-21 14:42:00,ATM-2,PUT,77.15,82.3,77,81.55,418800,1258425,9.55,25750,25836.95
2025-10-21 14:42:00,ATM-1,CALL,188.05,188.45,171.8,178.8,485100,4913550,8.9,25800,25836.95
2025-10-21 14:42:00,ATM-1,PUT,93.9,99.85,93.55,99.15,1231275,5268150,9.46,25800,25836.95
2025-10-21 14:42:00,ATM,CALL,158.05,158.05,143.35,149.25,455775,2588625,8.84,25850,25836.95
2025-10-21 14:42:00,ATM,PUT,113,120.4,112.8,119.45,1098000,2353950,9.37,25850,25836.95
2025-10-21 14:42:00,ATM+1,CALL,129.3,129.75,116.8,122.5,1208400,7634025,8.76,25900,25836.95
2025-10-21 14:42:00,ATM+1,PUT,134.8,144,134.8,143.05,1385850,5046975,9.33,25900,25836.95
2025-10-21 14:42:00,ATM+2,CALL,106.6,106.6,94.25,100.3,614100,3286350,8.78,25950,25836.95
2025-10-21 14:42:00,ATM+2,PUT,161.25,171.65,161.25,170.35,390675,1219875,9.33,25950,25836.95
2025-10-21 14:42:00,ATM+3,CALL,84.9,85.25,75.3,80.05,1303425,11308500,8.73,26000,25836.95
2025-10-21 14:42:00,ATM+3,PUT,190.6,201.85,190.15,200.7,453900,3674400,9.35,26000,25836.95
2025-10-21 14:42:00,ATM+4,CALL,66.65,66.65,58.3,62.7,368475,1807875,8.67,26050,25836.95
2025-10-21 14:42:00,ATM+4,PUT,221.7,234.55,221.2,232.2,47850,242250,9.26,26050,25836.95
2025-10-21 14:42:00,ATM+5,CALL,51.1,51.1,44.3,47.75,509175,5589675,8.58,26100,25836.95
2025-10-21 14:42:00,ATM+5,PUT,256.2,269,255.95,268,55350,402825,9.28,26100,25836.95
2025-10-21 14:42:00,ATM+6,CALL,38.7,38.7,33.4,36.25,292800,1745250,8.55,26150,25836.95
2025-10-21 14:42:00,ATM+6,PUT,293.9,307.7,293.9,307,6675,75075,9.4,26150,25836.95
2025-10-21 14:42:00,ATM+7,CALL,28.9,28.9,24.95,27.15,586875,6775500,8.55,26200,25836.95
2025-10-21 14:42:00,ATM+7,PUT,332.75,349.25,332.75,347,13050,381675,9.42,26200,25836.95
2025-10-21 14:42:00,ATM+8,CALL,21.1,21.2,18.1,19.9,298425,1659375,8.54,26250,25836.95
2025-10-21 14:42:00,ATM+8,PUT,380.1,392.3,380.1,391.75,1050,25200,9.77,26250,25836.95
2025-10-21 14:42:00,ATM+9,CALL,15.15,15.35,13.15,14.4,621300,5632350,8.54,26300,25836.95
2025-10-21 14:42:00,ATM+9,PUT,420.2,436.6,420.2,434.7,2925,137925,9.79,26300,25836.95
2025-10-21 14:42:00,ATM+10,CALL,11.2,11.25,9.75,10.5,221775,1801425,8.59,26350,25836.95
2025-10-21 14:42:00,ATM+10,PUT,468.85,483.1,468.85,482,300,8850,10.24,26350,25836.95
2025-10-21 14:43:00,ATM-10,CALL,555.5,555.5,555.5,555.5,0,155100,12.19,25350,25833.45
2025-10-21 14:43:00,ATM-10,PUT,16.4,16.65,16.05,16.35,97725,980400,10.85,25350,25833.45
2025-10-21 14:43:00,ATM-9,CALL,496.2,498,495.25,495.3,3375,1693950,9.82,25400,25833.45
2025-10-21 14:43:00,ATM-9,PUT,19.55,19.75,19.1,19.35,244425,5226525,10.54,25400,25833.45
2025-10-21 14:43:00,ATM-8,CALL,451.5,451.5,448.3,448.3,225,207375,9.49,25450,25833.45
2025-10-21 14:43:00,ATM-8,PUT,24.15,24.4,23.5,23.9,105375,2463825,10.36,25450,25833.45
2025-10-21 14:43:00,ATM-7,CALL,407.5,408,404.05,404.05,79350,4002225,9.43,25500,25833.45
2025-10-21 14:43:00,ATM-7,PUT,29.2,29.5,28.5,28.95,375900,9644100,10.11,25500,25833.45
2025-10-21 14:43:00,ATM-6,CALL,364.8,364.8,361.55,361.55,900,213675,9.41,25550,25833.45
2025-10-21 14:43:00,ATM-6,PUT,35.6,36,34.55,35.25,141375,1249500,9.89,25550,25833.45
2025-10-21 14:43:00,ATM-5,CALL,322.55,322.55,318.7,318.7,16350,1906425,9.18,25600,25833.45
2025-10-21 14:43:00,ATM-5,PUT,43.65,44.35,42.85,43.35,425100,5914425,9.71,25600,25833.45
2025-10-21 14:43:00,ATM-4,CALL,282.85,283.5,278.6,279.15,10800,384975,9.1,25650,25833.45
2025-10-21 14:43:00,ATM-4,PUT,54.15,54.9,52.75,53.9,208950,1435275,9.6,25650,25833.45
2025-10-21 14:43:00,ATM-3,CALL,246,246.4,241.55,242.25,56625,2311425,9.06,25700,25833.45
2025-10-21 14:43:00,ATM-3,PUT,66.65,67.5,64.85,65.95,462375,6632100,9.44,25700,25833.45
2025-10-21 14:43:00,ATM-2,CALL,210.8,211.15,206.6,207,27075,700425,8.95,25750,25833.45
2025-10-21 14:43:00,ATM-2,PUT,81.7,82.6,79.9,80.95,284700,1258425,9.34,25750,25833.45
2025-10-21 14:43:00,ATM-1,CALL,178.55,178.75,174,174,238875,4913550,8.83,25800,25833.45
2025-10-21 14:43:00,ATM-1,PUT,99.35,100.3,97.35,98.65,872550,5268150,9.25,25800,25833.45
2025-10-21 14:43:00,ATM,CALL,149.6,149.6,145.1,145.1,263625,2588625,8.79,25850,25833.45
2025-10-21 14:43:00,ATM,PUT,119.15,121,117.15,119.2,668925,2353950,9.16,25850,25833.45
2025-10-21 14:43:00,ATM+1,CALL,123,123,118.75,118.75,627750,7634025,8.7,25900,25833.45
2025-10-21 14:43:00,ATM+1,PUT,142.2,144.5,140.35,142.25,811950,5046975,9.04,25900,25833.45
2025-10-21 14:43:00,ATM+2,CALL,100.2,100.5,96.85,96.85,376275,3286350,8.73,25950,25833.45
2025-10-21 14:43:00,ATM+2,PUT,170.2,172.9,168.9,170.45,240825,1219875,9.09,25950,25833.45
2025-10-21 14:43:00,ATM+3,CALL,80.25,80.5,76.85,77,603900,11308500,8.67,26000,25833.45
2025-10-21 14:43:00,ATM+3,PUT,200.15,202.05,197.9,200.1,264825,3674400,9.02,26000,25833.45
2025-10-21 14:43:00,ATM+4,CALL,62.8,62.85,59.85,59.85,193650,1807875,8.6,26050,25833.45
2025-10-21 14:43:00,ATM+4,PUT,233.1,234.9,230.2,233.75,17400,242250,9.04,26050,25833.45
2025-10-21 14:43:00,ATM+5,CALL,47.95,48,45.2,45.2,381900,5589675,8.5,26100,25833.45
2025-10-21 14:43:00,ATM+5,PUT,268.3,270,266.05,268.65,31425,402825,8.95,26100,25833.45
2025-10-21 14:43:00,ATM+6,CALL,36.25,36.4,34.35,34.35,213600,1745250,8.5,26150,25833.45
2025-10-21 14:43:00,ATM+6,PUT,306.2,308.45,303.8,308.45,11100,75075,9.08,26150,25833.45
2025-10-21 14:43:00,ATM+7,CALL,27.25,27.35,25.85,25.85,527025,6775500,8.52,26200,25833.45
2025-10-21 14:43:00,ATM+7,PUT,346.15,349.55,344.75,349.35,9450,381675,9.13,26200,25833.45
2025-10-21 14:43:00,ATM+8,CALL,20,20.2,18.75,18.8,258525,1659375,8.5,26250,25833.45
2025-10-21 14:43:00,ATM+8,PUT,390.9,394.3,388.3,392.1,2175,25050,9.19,26250,25833.45
2025-10-21 14:43:00,ATM+9,CALL,14.5,14.55,13.8,13.8,549900,5632350,8.54,26300,25833.45
2025-10-21 14:43:00,ATM+9,PUT,434.7,436.95,431.05,436,2400,137925,9.22,26300,25833.45
2025-10-21 14:43:00,ATM+10,CALL,10.5,10.75,10,10,115350,1801425,8.58,26350,25833.45
2025-10-21 14:43:00,ATM+10,PUT,481.4,481.4,481.4,481.4,75,8850,9.27,26350,25833.45
2025-10-21 14:44:00,ATM-10,CALL,536.35,537.3,536.35,537.3,150,154050,9.56,25350,25833.3
2025-10-21 14:44:00,ATM-10,PUT,16.3,16.35,15.5,16.05,165975,980400,10.75,25350,25833.3
2025-10-21 14:44:00,ATM-9,CALL,492.9,494.6,490,490,3300,1693950,9.35,25400,25833.3
2025-10-21 14:44:00,ATM-9,PUT,19.2,19.35,18.4,19.05,418350,5226525,10.45,25400,25833.3
2025-10-21 14:44:00,ATM-8,CALL,446.1,446.1,444.7,444.95,1200,207375,9.37,25450,25833.3
2025-10-21 14:44:00,ATM-8,PUT,23.8,24,22.85,23.55,165075,2463825,10.26,25450,25833.3
2025-10-21 14:44:00,ATM-7,CALL,403,403,398.9,398.9,23850,4002225,9.1,25500,25833.3
2025-10-21 14:44:00,ATM-7,PUT,28.75,28.95,27.7,28.6,478800,9644100,10.02,25500,25833.3
2025-10-21 14:44:00,ATM-6,CALL,359.4,360.45,357.6,357.7,2100,213675,9.26,25550,25833.3
2025-10-21 14:44:00,ATM-6,PUT,35.15,35.25,34,34.75,149475,1249500,9.79,25550,25833.3
2025-10-21 14:44:00,ATM-5,CALL,317.2,318,312.2,314.1,23775,1906425,8.95,25600,25833.3
2025-10-21 14:44:00,ATM-5,PUT,43.35,43.85,41.8,43.35,425475,5914425,9.65,25600,25833.3
2025-10-21 14:44:00,ATM-4,CALL,278.8,278.8,272.95,274.15,14175,384975,8.86,25650,25833.3
2025-10-21 14:44:00,ATM-4,PUT,53.65,54.05,52.05,53.55,306300,1435275,9.51,25650,25833.3
2025-10-21 14:44:00,ATM-3,CALL,241.85,241.85,234.3,237.5,61050,2311425,8.85,25700,25833.3
2025-10-21 14:44:00,ATM-3,PUT,65.5,66.8,64.2,65.9,566925,6632100,9.37,25700,25833.3
2025-10-21 14:44:00,ATM-2,CALL,206.6,207,200.7,201.5,60075,700425,8.69,25750,25833.3
2025-10-21 14:44:00,ATM-2,PUT,81,81.6,79.7,81.6,279900,1258425,9.31,25750,25833.3
2025-10-21 14:44:00,ATM-1,CALL,174.5,174.5,168.8,169.5,366075,4913550,8.64,25800,25833.3
2025-10-21 14:44:00,ATM-1,PUT,98.95,101,96.8,98.3,879375,5268150,9.13,25800,25833.3
2025-10-21 14:44:00,ATM,CALL,145,145.45,140,141.7,405375,2588625,8.66,25850,25833.3
2025-10-21 14:44:00,ATM,PUT,118.95,121.5,117.45,120.3,663450,2353950,9.15,25850,25833.3
2025-10-21 14:44:00,ATM+1,CALL,118.75,119.1,114.7,114.7,1211550,7634025,8.52,25900,25833.3
2025-10-21 14:44:00,ATM+1,PUT,142.65,145.65,140.9,143.6,1005675,5046975,9.03,25900,25833.3
2025-10-21 14:44:00,ATM+2,CALL,96.7,96.7,92.55,93.7,741450,3286350,8.59,25950,25833.3
2025-10-21 14:44:00,ATM+2,PUT,170.95,175,169.1,172.9,327450,1219875,9.13,25950,25833.3
2025-10-21 14:44:00,ATM+3,CALL,76.5,76.7,73.45,73.95,1134600,11308500,8.52,26000,25833.3
2025-10-21 14:44:00,ATM+3,PUT,200.35,204,198.7,203.05,268350,3674400,9.1,26000,25833.3
2025-10-21 14:44:00,ATM+4,CALL,59.15,59.95,57.1,57.55,309825,1807875,8.49,26050,25833.3
2025-10-21 14:44:00,ATM+4,PUT,233.95,236.3,231.65,235.4,28725,242250,9.02,26050,25833.3
2025-10-21 14:44:00,ATM+5,CALL,45.15,45.35,43.25,43.5,793875,5589675,8.41,26100,25833.3
2025-10-21 14:44:00,ATM+5,PUT,268.7,273.3,267.65,271,33225,402825,8.97,26100,25833.3
2025-10-21 14:44:00,ATM+6,CALL,34.3,34.45,32.5,32.95,412650,1745250,8.42,26150,25833.3
2025-10-21 14:44:00,ATM+6,PUT,307.7,312,306.4,310.95,13575,75075,9.1,26150,25833.3
2025-10-21 14:44:00,ATM+7,CALL,25.65,25.75,24.55,24.75,692625,6775500,8.45,26200,25833.3
2025-10-21 14:44:00,ATM+7,PUT,348.4,352,347.25,351.35,16500,381675,9.09,26200,25833.3
2025-10-21 14:44:00,ATM+8,CALL,18.65,18.9,17.95,18.05,266850,1659375,8.44,26250,25833.3
2025-10-21 14:44:00,ATM+8,PUT,393.3,396.6,391.6,396.6,4200,25050,9.44,26250,25833.3
2025-10-21 14:44:00,ATM+9,CALL,13.75,13.75,12.95,13.05,478050,5632350,8.45,26300,25833.3
2025-10-21 14:44:00,ATM+9,PUT,437,441.8,434.6,441.8,4575,137925,9.67,26300,25833.3
2025-10-21 14:44:00,ATM+10,CALL,10,10,9.5,9.6,195375,1801425,8.54,26350,25833.3
2025-10-21 14:44:00,ATM+10,PUT,483.45,488.1,482.95,488.1,1875,8850,9.93,26350,25833.3
2025-10-21 14:45:00,ATM-10,CALL,537.3,537.3,537.3,537.3,0,154050,9.56,25350,25833.3
2025-10-21 14:45:00,ATM-10,PUT,16.05,16.05,16.05,16.05,0,980400,10.75,25350,25833.3
2025-10-21 14:45:00,ATM-9,CALL,490,490,490,490,0,1693950,9.35,25400,25833.3
2025-10-21 14:45:00,ATM-9,PUT,19.05,19.05,19.05,19.05,0,5226525,10.45,25400,25833.3
2025-10-21 14:45:00,ATM-8,CALL,444.95,444.95,444.95,444.95,0,207375,9.37,25450,25833.3
2025-10-21 14:45:00,ATM-8,PUT,23.55,23.55,23.55,23.55,0,2463825,10.26,25450,25833.3
2025-10-21 14:45:00,ATM-7,CALL,398.9,398.9,398.9,398.9,0,4002225,9.1,25500,25833.3
2025-10-21 14:45:00,ATM-7,PUT,28.6,28.6,28.6,28.6,0,9644100,10.02,25500,25833.3
2025-10-21 14:45:00,ATM-6,CALL,357.7,357.7,357.7,357.7,0,213675,9.26,25550,25833.3
2025-10-21 14:45:00,ATM-6,PUT,34.75,34.75,34.75,34.75,0,1249500,9.79,25550,25833.3
2025-10-21 14:45:00,ATM-5,CALL,314.1,314.1,314.1,314.1,0,1906425,8.95,25600,25833.3
2025-10-21 14:45:00,ATM-5,PUT,43.35,43.35,43.35,43.35,0,5914425,9.65,25600,25833.3
2025-10-21 14:45:00,ATM-4,CALL,274.15,274.15,274.15,274.15,0,384975,8.86,25650,25833.3
2025-10-21 14:45:00,ATM-4,PUT,53.55,53.55,53.55,53.55,0,1435275,9.51,25650,25833.3
2025-10-21 14:45:00,ATM-3,CALL,237.5,237.5,237.5,237.5,0,2311425,8.85,25700,25833.3
2025-10-21 14:45:00,ATM-3,PUT,65.9,65.9,65.9,65.9,0,6632100,9.37,25700,25833.3
2025-10-21 14:45:00,ATM-2,CALL,201.5,201.5,201.5,201.5,0,700425,8.69,25750,25833.3
2025-10-21 14:45:00,ATM-2,PUT,81.6,81.6,81.6,81.6,0,1258425,9.31,25750,25833.3
2025-10-21 14:45:00,ATM-1,CALL,169.5,169.5,169.5,169.5,0,4913550,8.64,25800,25833.3
2025-10-21 14:45:00,ATM-1,PUT,98.3,98.3,98.3,98.3,0,5268150,9.13,25800,25833.3
2025-10-21 14:45:00,ATM,CALL,141.7,141.7,141.7,141.7,0,2588625,8.66,25850,25833.3
2025-10-21 14:45:00,ATM,PUT,120.3,120.3,120.3,120.3,0,2353950,9.15,25850,25833.3
2025-10-21 14:45:00,ATM+1,CALL,114.7,114.7,114.7,114.7,0,7634025,8.52,25900,25833.3
2025-10-21 14:45:00,ATM+1,PUT,143.6,143.6,143.6,143.6,0,5046975,9.03,25900,25833.3
2025-10-21 14:45:00,ATM+2,CALL,93.7,93.7,93.7,93.7,0,3286350,8.59,25950,25833.3
2025-10-21 14:45:00,ATM+2,PUT,172.9,172.9,172.9,172.9,0,1219875,9.13,25950,25833.3
2025-10-21 14:45:00,ATM+3,CALL,73.95,73.95,73.95,73.95,0,11308500,8.52,26000,25833.3
2025-10-21 14:45:00,ATM+3,PUT,203.05,203.05,203.05,203.05,0,3674400,9.1,26000,25833.3
2025-10-21 14:45:00,ATM+4,CALL,57.55,57.55,57.55,57.55,0,1807875,8.49,26050,25833.3
2025-10-21 14:45:00,ATM+4,PUT,235.4,235.4,235.4,235.4,0,242250,9.02,26050,25833.3
2025-10-21 14:45:00,ATM+5,CALL,43.5,43.5,43.5,43.5,0,5589675,8.41,26100,25833.3
2025-10-21 14:45:00,ATM+5,PUT,271,271,271,271,0,402825,8.97,26100,25833.3
2025-10-21 14:45:00,ATM+6,CALL,32.95,32.95,32.95,32.95,0,1745250,8.42,26150,25833.3
2025-10-21 14:45:00,ATM+6,PUT,310.95,310.95,310.95,310.95,0,75075,9.1,26150,25833.3
2025-10-21 14:45:00,ATM+7,CALL,24.75,24.75,24.75,24.75,0,6775500,8.45,26200,25833.3
2025-10-21 14:45:00,ATM+7,PUT,351.35,351.35,351.35,351.35,0,381675,9.09,26200,25833.3
2025-10-21 14:45:00,ATM+8,CALL,18.05,18.05,18.05,18.05,0,1659375,8.44,26250,25833.3
2025-10-21 14:45:00,ATM+8,PUT,396.6,396.6,396.6,396.6,0,25050,9.44,26250,25833.3
2025-10-21 14:45:00,ATM+9,CALL,13.05,13.05,13.05,13.05,0,5632350,8.45,26300,25833.3
2025-10-21 14:45:00,ATM+9,PUT,441.8,441.8,441.8,441.8,0,137925,9.67,26300,25833.3
2025-10-21 14:45:00,ATM+10,CALL,9.6,9.6,9.6,9.6,0,1801425,8.54,26350,25833.3
2025-10-21 14:45:00,ATM+10,PUT,488.1,488.1,488.1,488.1,0,8850,9.93,26350,25833.3
2025-10-21 14:46:00,ATM-10,CALL,537.3,537.3,537.3,537.3,0,154050,9.56,25350,25833.3
2025-10-21 14:46:00,ATM-10,PUT,16.05,16.05,16.05,16.05,0,980400,10.75,25350,25833.3
2025-10-21 14:46:00,ATM-9,CALL,490,490,490,490,0,1693950,9.35,25400,25833.3
2025-10-21 14:46:00,ATM-9,PUT,19.05,19.05,19.05,19.05,0,5226525,10.45,25400,25833.3
2025-10-21 14:46:00,ATM-8,CALL,444.95,444.95,444.95,444.95,0,207375,9.37,25450,25833.3
2025-10-21 14:46:00,ATM-8,PUT,23.55,23.55,23.55,23.55,0,2463825,10.26,25450,25833.3
2025-10-21 14:46:00,ATM-7,CALL,398.9,398.9,398.9,398.9,0,4002225,9.1,25500,25833.3
2025-10-21 14:46:00,ATM-7,PUT,28.6,28.6,28.6,28.6,0,9644100,10.02,25500,25833.3
2025-10-21 14:46:00,ATM-6,CALL,357.7,357.7,357.7,357.7,0,213675,9.26,25550,25833.3
2025-10-21 14:46:00,ATM-6,PUT,34.75,34.75,34.75,34.75,0,1249500,9.79,25550,25833.3
2025-10-21 14:46:00,ATM-5,CALL,314.1,314.1,314.1,314.1,0,1906425,8.95,25600,25833.3
2025-10-21 14:46:00,ATM-5,PUT,43.35,43.35,43.35,43.35,0,5914425,9.65,25600,25833.3
2025-10-21 14:46:00,ATM-4,CALL,274.15,274.15,274.15,274.15,0,384975,8.86,25650,25833.3
2025-10-21 14:46:00,ATM-4,PUT,53.55,53.55,53.55,53.55,0,1435275,9.51,25650,25833.3
2025-10-21 14:46:00,ATM-3,CALL,237.5,237.5,237.5,237.5,0,2311425,8.85,25700,25833.3
2025-10-21 14:46:00,ATM-3,PUT,65.9,65.9,65.9,65.9,0,6632100,9.37,25700,25833.3
2025-10-21 14:46:00,ATM-2,CALL,201.5,201.5,201.5,201.5,0,700425,8.69,25750,25833.3
2025-10-21 14:46:00,ATM-2,PUT,81.6,81.6,81.6,81.6,0,1258425,9.31,25750,25833.3
2025-10-21 14:46:00,ATM-1,CALL,169.5,169.5,169.5,169.5,0,4913550,8.64,25800,25833.3
2025-10-21 14:46:00,ATM-1,PUT,98.3,98.3,98.3,98.3,0,5268150,9.13,25800,25833.3
2025-10-21 14:46:00,ATM,CALL,141.7,141.7,141.7,141.7,0,2588625,8.66,25850,25833.3
2025-10-21 14:46:00,ATM,PUT,120.3,120.3,120.3,120.3,0,2353950,9.15,25850,25833.3
2025-10-21 14:46:00,ATM+1,CALL,114.7,114.7,114.7,114.7,0,7634025,8.52,25900,25833.3
2025-10-21 14:46:00,ATM+1,PUT,143.6,143.6,143.6,143.6,0,5046975,9.03,25900,25833.3
2025-10-21 14:46:00,ATM+2,CALL,93.7,93.7,93.7,93.7,0,3286350,8.59,25950,25833.3
2025-10-21 14:46:00,ATM+2,PUT,172.9,172.9,172.9,172.9,0,1219875,9.13,25950,25833.3
2025-10-21 14:46:00,ATM+3,CALL,73.95,73.95,73.95,73.95,0,11308500,8.52,26000,25833.3
2025-10-21 14:46:00,ATM+3,PUT,203.05,203.05,203.05,203.05,0,3674400,9.1,26000,25833.3
2025-10-21 14:46:00,ATM+4,CALL,57.55,57.55,57.55,57.55,0,1807875,8.49,26050,25833.3
2025-10-21 14:46:00,ATM+4,PUT,235.4,235.4,235.4,235.4,0,242250,9.02,26050,25833.3
2025-10-21 14:46:00,ATM+5,CALL,43.5,43.5,43.5,43.5,0,5589675,8.41,26100,25833.3
2025-10-21 14:46:00,ATM+5,PUT,271,271,271,271,0,402825,8.97,26100,25833.3
2025-10-21 14:46:00,ATM+6,CALL,32.95,32.95,32.95,32.95,0,1745250,8.42,26150,25833.3
2025-10-21 14:46:00,ATM+6,PUT,310.95,310.95,310.95,310.95,0,75075,9.1,26150,25833.3
2025-10-21 14:46:00,ATM+7,CALL,24.75,24.75,24.75,24.75,0,6775500,8.45,26200,25833.3
2025-10-21 14:46:00,ATM+7,PUT,351.35,351.35,351.35,351.35,0,381675,9.09,26200,25833.3
2025-10-21 14:46:00,ATM+8,CALL,18.05,18.05,18.05,18.05,0,1659375,8.44,26250,25833.3
2025-10-21 14:46:00,ATM+8,PUT,396.6,396.6,396.6,396.6,0,25050,9.44,26250,25833.3
2025-10-21 14:46:00,ATM+9,CALL,13.05,13.05,13.05,13.05,0,5632350,8.45,26300,25833.3
2025-10-21 14:46:00,ATM+9,PUT,441.8,441.8,441.8,441.8,0,137925,9.67,26300,25833.3
2025-10-21 14:46:00,ATM+10,CALL,9.6,9.6,9.6,9.6,0,1801425,8.54,26350,25833.3
2025-10-21 14:46:00,ATM+10,PUT,488.1,488.1,488.1,488.1,0,8850,9.93,26350,25833.3
2025-10-21 14:47:00,ATM-10,CALL,537.3,537.3,537.3,537.3,0,154050,9.56,25350,25833.3
2025-10-21 14:47:00,ATM-10,PUT,16.05,16.05,16.05,16.05,0,980400,10.75,25350,25833.3
2025-10-21 14:47:00,ATM-9,CALL,490,490,490,490,0,1693950,9.35,25400,25833.3
2025-10-21 14:47:00,ATM-9,PUT,19.05,19.05,19.05,19.05,0,5226525,10.45,25400,25833.3
2025-10-21 14:47:00,ATM-8,CALL,444.95,444.95,444.95,444.95,0,207375,9.37,25450,25833.3
2025-10-21 14:47:00,ATM-8,PUT,23.55,23.55,23.55,23.55,0,2463825,10.26,25450,25833.3
2025-10-21 14:47:00,ATM-7,CALL,398.9,398.9,398.9,398.9,0,4002225,9.1,25500,25833.3
2025-10-21 14:47:00,ATM-7,PUT,28.6,28.6,28.6,28.6,0,9644100,10.02,25500,25833.3
2025-10-21 14:47:00,ATM-6,CALL,357.7,357.7,357.7,357.7,0,213675,9.26,25550,25833.3
2025-10-21 14:47:00,ATM-6,PUT,34.75,34.75,34.75,34.75,0,1249500,9.79,25550,25833.3
2025-10-21 14:47:00,ATM-5,CALL,314.1,314.1,314.1,314.1,0,1906425,8.95,25600,25833.3
2025-10-21 14:47:00,ATM-5,PUT,43.35,43.35,43.35,43.35,0,5914425,9.65,25600,25833.3
2025-10-21 14:47:00,ATM-4,CALL,274.15,274.15,274.15,274.15,0,384975,8.86,25650,25833.3
2025-10-21 14:47:00,ATM-4,PUT,53.55,53.55,53.55,53.55,0,1435275,9.51,25650,25833.3
2025-10-21 14:47:00,ATM-3,CALL,237.5,237.5,237.5,237.5,0,2311425,8.85,25700,25833.3
2025-10-21 14:47:00,ATM-3,PUT,65.9,65.9,65.9,65.9,0,6632100,9.37,25700,25833.3
2025-10-21 14:47:00,ATM-2,CALL,201.5,201.5,201.5,201.5,0,700425,8.69,25750,25833.3
2025-10-21 14:47:00,ATM-2,PUT,81.6,81.6,81.6,81.6,0,1258425,9.31,25750,25833.3
2025-10-21 14:47:00,ATM-1,CALL,169.5,169.5,169.5,169.5,0,4913550,8.64,25800,25833.3
2025-10-21 14:47:00,ATM-1,PUT,98.3,98.3,98.3,98.3,0,5268150,9.13,25800,25833.3
2025-10-21 14:47:00,ATM,CALL,141.7,141.7,141.7,141.7,0,2588625,8.66,25850,25833.3
2025-10-21 14:47:00,ATM,PUT,120.3,120.3,120.3,120.3,0,2353950,9.15,25850,25833.3
2025-10-21 14:47:00,ATM+1,CALL,114.7,114.7,114.7,114.7,0,7634025,8.52,25900,25833.3
2025-10-21 14:47:00,ATM+1,PUT,143.6,143.6,143.6,143.6,0,5046975,9.03,25900,25833.3
2025-10-21 14:47:00,ATM+2,CALL,93.7,93.7,93.7,93.7,0,3286350,8.59,25950,25833.3
2025-10-21 14:47:00,ATM+2,PUT,172.9,172.9,172.9,172.9,0,1219875,9.13,25950,25833.3
2025-10-21 14:47:00,ATM+3,CALL,73.95,73.95,73.95,73.95,0,11308500,8.52,26000,25833.3
2025-10-21 14:47:00,ATM+3,PUT,203.05,203.05,203.05,203.05,0,3674400,9.1,26000,25833.3
2025-10-21 14:47:00,ATM+4,CALL,57.55,57.55,57.55,57.55,0,1807875,8.49,26050,25833.3
2025-10-21 14:47:00,ATM+4,PUT,235.4,235.4,235.4,235.4,0,242250,9.02,26050,25833.3
2025-10-21 14:47:00,ATM+5,CALL,43.5,43.5,43.5,43.5,0,5589675,8.41,26100,25833.3
2025-10-21 14:47:00,ATM+5,PUT,271,271,271,271,0,402825,8.97,26100,25833.3
2025-10-21 14:47:00,ATM+6,CALL,32.95,32.95,32.95,32.95,0,1745250,8.42,26150,25833.3
2025-10-21 14:47:00,ATM+6,PUT,310.95,310.95,310.95,310.95,0,75075,9.1,26150,25833.3
2025-10-21 14:47:00,ATM+7,CALL,24.75,24.75,24.75,24.75,0,6775500,8.45,26200,25833.3
2025-10-21 14:47:00,ATM+7,PUT,351.35,351.35,351.35,351.35,0,381675,9.09,26200,25833.3
2025-10-21 14:47:00,ATM+8,CALL,18.05,18.05,18.05,18.05,0,1659375,8.44,26250,25833.3
2025-10-21 14:47:00,ATM+8,PUT,396.6,396.6,396.6,396.6,0,25050,9.44,26250,25833.3
2025-10-21 14:47:00,ATM+9,CALL,13.05,13.05,13.05,13.05,0,5632350,8.45,26300,25833.3
2025-10-21 14:47:00,ATM+9,PUT,441.8,441.8,441.8,441.8,0,137925,9.67,26300,25833.3
2025-10-21 14:47:00,ATM+10,CALL,9.6,9.6,9.6,9.6,0,1801425,8.54,26350,25833.3
2025-10-21 14:47:00,ATM+10,PUT,488.1,488.1,488.1,488.1,0,8850,9.93,26350,25833.3
2025-10-21 14:48:00,ATM-10,CALL,537.3,537.3,537.3,537.3,0,154050,9.56,25350,25833.3
2025-10-21 14:48:00,ATM-10,PUT,16.05,16.05,16.05,16.05,0,980400,10.75,25350,25833.3
2025-10-21 14:48:00,ATM-9,CALL,490,490,490,490,0,1693950,9.35,25400,25833.3
2025-10-21 14:48:00,ATM-9,PUT,19.05,19.05,19.05,19.05,0,5226525,10.45,25400,25833.3
2025-10-21 14:48:00,ATM-8,CALL,444.95,444.95,444.95,444.95,0,207375,9.37,25450,25833.3
2025-10-21 14:48:00,ATM-8,PUT,23.55,23.55,23.55,23.55,0,2463825,10.26,25450,25833.3
2025-10-21 14:48:00,ATM-7,CALL,398.9,398.9,398.9,398.9,0,4002225,9.1,25500,25833.3
2025-10-21 14:48:00,ATM-7,PUT,28.6,28.6,28.6,28.6,0,9644100,10.02,25500,25833.3
2025-10-21 14:48:00,ATM-6,CALL,357.7,357.7,357.7,357.7,0,213675,9.26,25550,25833.3
2025-10-21 14:48:00,ATM-6,PUT,34.75,34.75,34.75,34.75,0,1249500,9.79,25550,25833.3
2025-10-21 14:48:00,ATM-5,CALL,314.1,314.1,314.1,314.1,0,1906425,8.95,25600,25833.3
2025-10-21 14:48:00,ATM-5,PUT,43.35,43.35,43.35,43.35,0,5914425,9.65,25600,25833.3
2025-10-21 14:48:00,ATM-4,CALL,274.15,274.15,274.15,274.15,0,384975,8.86,25650,25833.3
2025-10-21 14:48:00,ATM-4,PUT,53.55,53.55,53.55,53.55,0,1435275,9.51,25650,25833.3
2025-10-21 14:48:00,ATM-3,CALL,237.5,237.5,237.5,237.5,0,2311425,8.85,25700,25833.3
2025-10-21 14:48:00,ATM-3,PUT,65.9,65.9,65.9,65.9,0,6632100,9.37,25700,25833.3
2025-10-21 14:48:00,ATM-2,CALL,201.5,201.5,201.5,201.5,0,700425,8.69,25750,25833.3
2025-10-21 14:48:00,ATM-2,PUT,81.6,81.6,81.6,81.6,0,1258425,9.31,25750,25833.3
2025-10-21 14:48:00,ATM-1,CALL,169.5,169.5,169.5,169.5,0,4913550,8.64,25800,25833.3
2025-10-21 14:48:00,ATM-1,PUT,98.3,98.3,98.3,98.3,0,5268150,9.13,25800,25833.3
2025-10-21 14:48:00,ATM,CALL,141.7,141.7,141.7,141.7,0,2588625,8.66,25850,25833.3
2025-10-21 14:48:00,ATM,PUT,120.3,120.3,120.3,120.3,0,2353950,9.15,25850,25833.3
2025-10-21 14:48:00,ATM+1,CALL,114.7,114.7,114.7,114.7,0,7634025,8.52,25900,25833.3
2025-10-21 14:48:00,ATM+1,PUT,143.6,143.6,143.6,143.6,0,5046975,9.03,25900,25833.3
2025-10-21 14:48:00,ATM+2,CALL,93.7,93.7,93.7,93.7,0,3286350,8.59,25950,25833.3
2025-10-21 14:48:00,ATM+2,PUT,172.9,172.9,172.9,172.9,0,1219875,9.13,25950,25833.3
2025-10-21 14:48:00,ATM+3,CALL,73.95,73.95,73.95,73.95,0,11308500,8.52,26000,25833.3
2025-10-21 14:48:00,ATM+3,PUT,203.05,203.05,203.05,203.05,0,3674400,9.1,26000,25833.3
2025-10-21 14:48:00,ATM+4,CALL,57.55,57.55,57.55,57.55,0,1807875,8.49,26050,25833.3
2025-10-21 14:48:00,ATM+4,PUT,235.4,235.4,235.4,235.4,0,242250,9.02,26050,25833.3
2025-10-21 14:48:00,ATM+5,CALL,43.5,43.5,43.5,43.5,0,5589675,8.41,26100,25833.3
2025-10-21 14:48:00,ATM+5,PUT,271,271,271,271,0,402825,8.97,26100,25833.3
2025-10-21 14:48:00,ATM+6,CALL,32.95,32.95,32.95,32.95,0,1745250,8.42,26150,25833.3
2025-10-21 14:48:00,ATM+6,PUT,310.95,310.95,310.95,310.95,0,75075,9.1,26150,25833.3
2025-10-21 14:48:00,ATM+7,CALL,24.75,24.75,24.75,24.75,0,6775500,8.45,26200,25833.3
2025-10-21 14:48:00,ATM+7,PUT,351.35,351.35,351.35,351.35,0,381675,9.09,26200,25833.3
2025-10-21 14:48:00,ATM+8,CALL,18.05,18.05,18.05,18.05,0,1659375,8.44,26250,25833.3
2025-10-21 14:48:00,ATM+8,PUT,396.6,396.6,396.6,396.6,0,25050,9.44,26250,25833.3
2025-10-21 14:48:00,ATM+9,CALL,13.05,13.05,13.05,13.05,0,5632350,8.45,26300,25833.3
2025-10-21 14:48:00,ATM+9,PUT,441.8,441.8,441.8,441.8,0,137925,9.67,26300,25833.3
2025-10-21 14:48:00,ATM+10,CALL,9.6,9.6,9.6,9.6,0,1801425,8.54,26350,25833.3
2025-10-21 14:48:00,ATM+10,PUT,488.1,488.1,488.1,488.1,0,8850,9.93,26350,25833.3
2025-10-21 14:49:00,ATM-10,CALL,537.3,537.3,537.3,537.3,0,154050,9.56,25350,25833.3
2025-10-21 14:49:00,ATM-10,PUT,16.05,16.05,16.05,16.05,0,980400,10.75,25350,25833.3
2025-10-21 14:49:00,ATM-9,CALL,490,490,490,490,0,1693950,9.35,25400,25833.3
2025-10-21 14:49:00,ATM-9,PUT,19.05,19.05,19.05,19.05,0,5226525,10.45,25400,25833.3
2025-10-21 14:49:00,ATM-8,CALL,444.95,444.95,444.95,444.95,0,207375,9.37,25450,25833.3
2025-10-21 14:49:00,ATM-8,PUT,23.55,23.55,23.55,23.55,0,2463825,10.26,25450,25833.3
2025-10-21 14:49:00,ATM-7,CALL,398.9,398.9,398.9,398.9,0,4002225,9.1,25500,25833.3
2025-10-21 14:49:00,ATM-7,PUT,28.6,28.6,28.6,28.6,0,9644100,10.02,25500,25833.3
2025-10-21 14:49:00,ATM-6,CALL,357.7,357.7,357.7,357.7,0,213675,9.26,25550,25833.3
2025-10-21 14:49:00,ATM-6,PUT,34.75,34.75,34.75,34.75,0,1249500,9.79,25550,25833.3
2025-10-21 14:49:00,ATM-5,CALL,314.1,314.1,314.1,314.1,0,1906425,8.95,25600,25833.3
2025-10-21 14:49:00,ATM-5,PUT,43.35,43.35,43.35,43.35,0,5914425,9.65,25600,25833.3
2025-10-21 14:49:00,ATM-4,CALL,274.15,274.15,274.15,274.15,0,384975,8.86,25650,25833.3
2025-10-21 14:49:00,ATM-4,PUT,53.55,53.55,53.55,53.55,0,1435275,9.51,25650,25833.3
2025-10-21 14:49:00,ATM-3,CALL,237.5,237.5,237.5,237.5,0,2311425,8.85,25700,25833.3
2025-10-21 14:49:00,ATM-3,PUT,65.9,65.9,65.9,65.9,0,6632100,9.37,25700,25833.3
2025-10-21 14:49:00,ATM-2,CALL,201.5,201.5,201.5,201.5,0,700425,8.69,25750,25833.3
2025-10-21 14:49:00,ATM-2,PUT,81.6,81.6,81.6,81.6,0,1258425,9.31,25750,25833.3
2025-10-21 14:49:00,ATM-1,CALL,169.5,169.5,169.5,169.5,0,4913550,8.64,25800,25833.3
2025-10-21 14:49:00,ATM-1,PUT,98.3,98.3,98.3,98.3,0,5268150,9.13,25800,25833.3
2025-10-21 14:49:00,ATM,CALL,141.7,141.7,141.7,141.7,0,2588625,8.66,25850,25833.3
2025-10-21 14:49:00,ATM,PUT,120.3,120.3,120.3,120.3,0,2353950,9.15,25850,25833.3
2025-10-21 14:49:00,ATM+1,CALL,114.7,114.7,114.7,114.7,0,7634025,8.52,25900,25833.3
2025-10-21 14:49:00,ATM+1,PUT,143.6,143.6,143.6,143.6,0,5046975,9.03,25900,25833.3
2025-10-21 14:49:00,ATM+2,CALL,93.7,93.7,93.7,93.7,0,3286350,8.59,25950,25833.3
2025-10-21 14:49:00,ATM+2,PUT,172.9,172.9,172.9,172.9,0,1219875,9.13,25950,25833.3
2025-10-21 14:49:00,ATM+3,CALL,73.95,73.95,73.95,73.95,0,11308500,8.52,26000,25833.3
2025-10-21 14:49:00,ATM+3,PUT,203.05,203.05,203.05,203.05,0,3674400,9.1,26000,25833.3
2025-10-21 14:49:00,ATM+4,CALL,57.55,57.55,57.55,57.55,0,1807875,8.49,26050,25833.3
2025-10-21 14:49:00,ATM+4,PUT,235.4,235.4,235.4,235.4,0,242250,9.02,26050,25833.3
2025-10-21 14:49:00,ATM+5,CALL,43.5,43.5,43.5,43.5,0,5589675,8.41,26100,25833.3
2025-10-21 14:49:00,ATM+5,PUT,271,271,271,271,0,402825,8.97,26100,25833.3
2025-10-21 14:49:00,ATM+6,CALL,32.95,32.95,32.95,32.95,0,1745250,8.42,26150,25833.3
2025-10-21 14:49:00,ATM+6,PUT,310.95,310.95,310.95,310.95,0,75075,9.1,26150,25833.3
2025-10-21 14:49:00,ATM+7,CALL,24.75,24.75,24.75,24.75,0,6775500,8.45,26200,25833.3
2025-10-21 14:49:00,ATM+7,PUT,351.35,351.35,351.35,351.35,0,381675,9.09,26200,25833.3
2025-10-21 14:49:00,ATM+8,CALL,18.05,18.05,18.05,18.05,0,1659375,8.44,26250,25833.3
2025-10-21 14:49:00,ATM+8,PUT,396.6,396.6,396.6,396.6,0,25050,9.44,26250,25833.3
2025-10-21 14:49:00,ATM+9,CALL,13.05,13.05,13.05,13.05,0,5632350,8.45,26300,25833.3
2025-10-21 14:49:00,ATM+9,PUT,441.8,441.8,441.8,441.8,0,137925,9.67,26300,25833.3
2025-10-21 14:49:00,ATM+10,CALL,9.6,9.6,9.6,9.6,0,1801425,8.54,26350,25833.3
2025-10-21 14:49:00,ATM+10,PUT,488.1,488.1,488.1,488.1,0,8850,9.93,26350,25833.3
2025-10-21 14:50:00,ATM-10,CALL,537.3,537.3,537.3,537.3,0,154050,9.56,25350,25833.3
2025-10-21 14:50:00,ATM-10,PUT,16.05,16.05,16.05,16.05,0,980400,10.75,25350,25833.3
2025-10-21 14:50:00,ATM-9,CALL,490,490,490,490,0,1693950,9.35,25400,25833.3
2025-10-21 14:50:00,ATM-9,PUT,19.05,19.05,19.05,19.05,0,5226525,10.45,25400,25833.3
2025-10-21 14:50:00,ATM-8,CALL,444.95,444.95,444.95,444.95,0,207375,9.37,25450,25833.3
2025-10-21 14:50:00,ATM-8,PUT,23.55,23.55,23.55,23.55,0,2463825,10.26,25450,25833.3
2025-10-21 14:50:00,ATM-7,CALL,398.9,398.9,398.9,398.9,0,4002225,9.1,25500,25833.3
2025-10-21 14:50:00,ATM-7,PUT,28.6,28.6,28.6,28.6,0,9644100,10.02,25500,25833.3
2025-10-21 14:50:00,ATM-6,CALL,357.7,357.7,357.7,357.7,0,213675,9.26,25550,25833.3
2025-10-21 14:50:00,ATM-6,PUT,34.75,34.75,34.75,34.75,0,1249500,9.79,25550,25833.3
2025-10-21 14:50:00,ATM-5,CALL,314.1,314.1,314.1,314.1,0,1906425,8.95,25600,25833.3
2025-10-21 14:50:00,ATM-5,PUT,43.35,43.35,43.35,43.35,0,5914425,9.65,25600,25833.3
2025-10-21 14:50:00,ATM-4,CALL,274.15,274.15,274.15,274.15,0,384975,8.86,25650,25833.3
2025-10-21 14:50:00,ATM-4,PUT,53.55,53.55,53.55,53.55,0,1435275,9.51,25650,25833.3
2025-10-21 14:50:00,ATM-3,CALL,237.5,237.5,237.5,237.5,0,2311425,8.85,25700,25833.3
2025-10-21 14:50:00,ATM-3,PUT,65.9,65.9,65.9,65.9,0,6632100,9.37,25700,25833.3
2025-10-21 14:50:00,ATM-2,CALL,201.5,201.5,201.5,201.5,0,700425,8.69,25750,25833.3
2025-10-21 14:50:00,ATM-2,PUT,81.6,81.6,81.6,81.6,0,1258425,9.31,25750,25833.3
2025-10-21 14:50:00,ATM-1,CALL,169.5,169.5,169.5,169.5,0,4913550,8.64,25800,25833.3
2025-10-21 14:50:00,ATM-1,PUT,98.3,98.3,98.3,98.3,0,5268150,9.13,25800,25833.3
2025-10-21 14:50:00,ATM,CALL,141.7,141.7,141.7,141.7,0,2588625,8.66,25850,25833.3
2025-10-21 14:50:00,ATM,PUT,120.3,120.3,120.3,120.3,0,2353950,9.15,25850,25833.3
2025-10-21 14:50:00,ATM+1,CALL,114.7,114.7,114.7,114.7,0,7634025,8.52,25900,25833.3
2025-10-21 14:50:00,ATM+1,PUT,143.6,143.6,143.6,143.6,0,5046975,9.03,25900,25833.3
2025-10-21 14:50:00,ATM+2,CALL,93.7,93.7,93.7,93.7,0,3286350,8.59,25950,25833.3
2025-10-21 14:50:00,ATM+2,PUT,172.9,172.9,172.9,172.9,0,1219875,9.13,25950,25833.3
2025-10-21 14:50:00,ATM+3,CALL,73.95,73.95,73.95,73.95,0,11308500,8.52,26000,25833.3
2025-10-21 14:50:00,ATM+3,PUT,203.05,203.05,203.05,203.05,0,3674400,9.1,26000,25833.3
2025-10-21 14:50:00,ATM+4,CALL,57.55,57.55,57.55,57.55,0,1807875,8.49,26050,25833.3
2025-10-21 14:50:00,ATM+4,PUT,235.4,235.4,235.4,235.4,0,242250,9.02,26050,25833.3
2025-10-21 14:50:00,ATM+5,CALL,43.5,43.5,43.5,43.5,0,5589675,8.41,26100,25833.3
2025-10-21 14:50:00,ATM+5,PUT,271,271,271,271,0,402825,8.97,26100,25833.3
2025-10-21 14:50:00,ATM+6,CALL,32.95,32.95,32.95,32.95,0,1745250,8.42,26150,25833.3
2025-10-21 14:50:00,ATM+6,PUT,310.95,310.95,310.95,310.95,0,75075,9.1,26150,25833.3
2025-10-21 14:50:00,ATM+7,CALL,24.75,24.75,24.75,24.75,0,6775500,8.45,26200,25833.3
2025-10-21 14:50:00,ATM+7,PUT,351.35,351.35,351.35,351.35,0,381675,9.09,26200,25833.3
2025-10-21 14:50:00,ATM+8,CALL,18.05,18.05,18.05,18.05,0,1659375,8.44,26250,25833.3
2025-10-21 14:50:00,ATM+8,PUT,396.6,396.6,396.6,396.6,0,25050,9.44,26250,25833.3
2025-10-21 14:50:00,ATM+9,CALL,13.05,13.05,13.05,13.05,0,5632350,8.45,26300,25833.3
2025-10-21 14:50:00,ATM+9,PUT,441.8,441.8,441.8,441.8,0,137925,9.67,26300,25833.3
2025-10-21 14:50:00,ATM+10,CALL,9.6,9.6,9.6,9.6,0,1801425,8.54,26350,25833.3
2025-10-21 14:50:00,ATM+10,PUT,488.1,488.1,488.1,488.1,0,8850,9.93,26350,25833.3
2025-10-21 14:51:00,ATM-10,CALL,537.3,537.3,537.3,537.3,0,154050,9.56,25350,25833.3
2025-10-21 14:51:00,ATM-10,PUT,16.05,16.05,16.05,16.05,0,980400,10.75,25350,25833.3
2025-10-21 14:51:00,ATM-9,CALL,490,490,490,490,0,1693950,9.35,25400,25833.3
2025-10-21 14:51:00,ATM-9,PUT,19.05,19.05,19.05,19.05,0,5226525,10.45,25400,25833.3
2025-10-21 14:51:00,ATM-8,CALL,444.95,444.95,444.95,444.95,0,207375,9.37,25450,25833.3
2025-10-21 14:51:00,ATM-8,PUT,23.55,23.55,23.55,23.55,0,2463825,10.26,25450,25833.3
2025-10-21 14:51:00,ATM-7,CALL,398.9,398.9,398.9,398.9,0,4002225,9.1,25500,25833.3
2025-10-21 14:51:00,ATM-7,PUT,28.6,28.6,28.6,28.6,0,9644100,10.02,25500,25833.3
2025-10-21 14:51:00,ATM-6,CALL,357.7,357.7,357.7,357.7,0,213675,9.26,25550,25833.3
2025-10-21 14:51:00,ATM-6,PUT,34.75,34.75,34.75,34.75,0,1249500,9.79,25550,25833.3
2025-10-21 14:51:00,ATM-5,CALL,314.1,314.1,314.1,314.1,0,1906425,8.95,25600,25833.3
2025-10-21 14:51:00,ATM-5,PUT,43.35,43.35,43.35,43.35,0,5914425,9.65,25600,25833.3
2025-10-21 14:51:00,ATM-4,CALL,274.15,274.15,274.15,274.15,0,384975,8.86,25650,25833.3
2025-10-21 14:51:00,ATM-4,PUT,53.55,53.55,53.55,53.55,0,1435275,9.51,25650,25833.3
2025-10-21 14:51:00,ATM-3,CALL,237.5,237.5,237.5,237.5,0,2311425,8.85,25700,25833.3
2025-10-21 14:51:00,ATM-3,PUT,65.9,65.9,65.9,65.9,0,6632100,9.37,25700,25833.3
2025-10-21 14:51:00,ATM-2,CALL,201.5,201.5,201.5,201.5,0,700425,8.69,25750,25833.3
2025-10-21 14:51:00,ATM-2,PUT,81.6,81.6,81.6,81.6,0,1258425,9.31,25750,25833.3
2025-10-21 14:51:00,ATM-1,CALL,169.5,169.5,169.5,169.5,0,4913550,8.64,25800,25833.3
2025-10-21 14:51:00,ATM-1,PUT,98.3,98.3,98.3,98.3,0,5268150,9.13,25800,25833.3
2025-10-21 14:51:00,ATM,CALL,141.7,141.7,141.7,141.7,0,2588625,8.66,25850,25833.3
2025-10-21 14:51:00,ATM,PUT,120.3,120.3,120.3,120.3,0,2353950,9.15,25850,25833.3
2025-10-21 14:51:00,ATM+1,CALL,114.7,114.7,114.7,114.7,0,7634025,8.52,25900,25833.3
2025-10-21 14:51:00,ATM+1,PUT,143.6,143.6,143.6,143.6,0,5046975,9.03,25900,25833.3
2025-10-21 14:51:00,ATM+2,CALL,93.7,93.7,93.7,93.7,0,3286350,8.59,25950,25833.3
2025-10-21 14:51:00,ATM+2,PUT,172.9,172.9,172.9,172.9,0,1219875,9.13,25950,25833.3
2025-10-21 14:51:00,ATM+3,CALL,73.95,73.95,73.95,73.95,0,11308500,8.52,26000,25833.3
2025-10-21 14:51:00,ATM+3,PUT,203.05,203.05,203.05,203.05,0,3674400,9.1,26000,25833.3
2025-10-21 14:51:00,ATM+4,CALL,57.55,57.55,57.55,57.55,0,1807875,8.49,26050,25833.3
2025-10-21 14:51:00,ATM+4,PUT,235.4,235.4,235.4,235.4,0,242250,9.02,26050,25833.3
2025-10-21 14:51:00,ATM+5,CALL,43.5,43.5,43.5,43.5,0,5589675,8.41,26100,25833.3
2025-10-21 14:51:00,ATM+5,PUT,271,271,271,271,0,402825,8.97,26100,25833.3
2025-10-21 14:51:00,ATM+6,CALL,32.95,32.95,32.95,32.95,0,1745250,8.42,26150,25833.3
2025-10-21 14:51:00,ATM+6,PUT,310.95,310.95,310.95,310.95,0,75075,9.1,26150,25833.3
2025-10-21 14:51:00,ATM+7,CALL,24.75,24.75,24.75,24.75,0,6775500,8.45,26200,25833.3
2025-10-21 14:51:00,ATM+7,PUT,351.35,351.35,351.35,351.35,0,381675,9.09,26200,25833.3
2025-10-21 14:51:00,ATM+8,CALL,18.05,18.05,18.05,18.05,0,1659375,8.44,26250,25833.3
2025-10-21 14:51:00,ATM+8,PUT,396.6,396.6,396.6,396.6,0,25050,9.44,26250,25833.3
2025-10-21 14:51:00,ATM+9,CALL,13.05,13.05,13.05,13.05,0,5632350,8.45,26300,25833.3
2025-10-21 14:51:00,ATM+9,PUT,441.8,441.8,441.8,441.8,0,137925,9.67,26300,25833.3
2025-10-21 14:51:00,ATM+10,CALL,9.6,9.6,9.6,9.6,0,1801425,8.54,26350,25833.3
2025-10-21 14:51:00,ATM+10,PUT,488.1,488.1,488.1,488.1,0,8850,9.93,26350,25833.3
2025-10-21 14:52:00,ATM-10,CALL,537.3,537.3,537.3,537.3,0,154050,9.56,25350,25833.3
2025-10-21 14:52:00,ATM-10,PUT,16.05,16.05,16.05,16.05,0,980400,10.75,25350,25833.3
2025-10-21 14:52:00,ATM-9,CALL,490,490,490,490,0,1693950,9.35,25400,25833.3
2025-10-21 14:52:00,ATM-9,PUT,19.05,19.05,19.05,19.05,0,5226525,10.45,25400,25833.3
2025-10-21 14:52:00,ATM-8,CALL,444.95,444.95,444.95,444.95,0,207375,9.37,25450,25833.3
2025-10-21 14:52:00,ATM-8,PUT,23.55,23.55,23.55,23.55,0,2463825,10.26,25450,25833.3
2025-10-21 14:52:00,ATM-7,CALL,398.9,398.9,398.9,398.9,0,4002225,9.1,25500,25833.3
2025-10-21 14:52:00,ATM-7,PUT,28.6,28.6,28.6,28.6,0,9644100,10.02,25500,25833.3
2025-10-21 14:52:00,ATM-6,CALL,357.7,357.7,357.7,357.7,0,213675,9.26,25550,25833.3
2025-10-21 14:52:00,ATM-6,PUT,34.75,34.75,34.75,34.75,0,1249500,9.79,25550,25833.3
2025-10-21 14:52:00,ATM-5,CALL,314.1,314.1,314.1,314.1,0,1906425,8.95,25600,25833.3
2025-10-21 14:52:00,ATM-5,PUT,43.35,43.35,43.35,43.35,0,5914425,9.65,25600,25833.3
2025-10-21 14:52:00,ATM-4,CALL,274.15,274.15,274.15,274.15,0,384975,8.86,25650,25833.3
2025-10-21 14:52:00,ATM-4,PUT,53.55,53.55,53.55,53.55,0,1435275,9.51,25650,25833.3
2025-10-21 14:52:00,ATM-3,CALL,237.5,237.5,237.5,237.5,0,2311425,8.85,25700,25833.3
2025-10-21 14:52:00,ATM-3,PUT,65.9,65.9,65.9,65.9,0,6632100,9.37,25700,25833.3
2025-10-21 14:52:00,ATM-2,CALL,201.5,201.5,201.5,201.5,0,700425,8.69,25750,25833.3
2025-10-21 14:52:00,ATM-2,PUT,81.6,81.6,81.6,81.6,0,1258425,9.31,25750,25833.3
2025-10-21 14:52:00,ATM-1,CALL,169.5,169.5,169.5,169.5,0,4913550,8.64,25800,25833.3
2025-10-21 14:52:00,ATM-1,PUT,98.3,98.3,98.3,98.3,0,5268150,9.13,25800,25833.3
2025-10-21 14:52:00,ATM,CALL,141.7,141.7,141.7,141.7,0,2588625,8.66,25850,25833.3
2025-10-21 14:52:00,ATM,PUT,120.3,120.3,120.3,120.3,0,2353950,9.15,25850,25833.3
2025-10-21 14:52:00,ATM+1,CALL,114.7,114.7,114.7,114.7,0,7634025,8.52,25900,25833.3
2025-10-21 14:52:00,ATM+1,PUT,143.6,143.6,143.6,143.6,0,5046975,9.03,25900,25833.3
2025-10-21 14:52:00,ATM+2,CALL,93.7,93.7,93.7,93.7,0,3286350,8.59,25950,25833.3
2025-10-21 14:52:00,ATM+2,PUT,172.9,172.9,172.9,172.9,0,1219875,9.13,25950,25833.3
2025-10-21 14:52:00,ATM+3,CALL,73.95,73.95,73.95,73.95,0,11308500,8.52,26000,25833.3
2025-10-21 14:52:00,ATM+3,PUT,203.05,203.05,203.05,203.05,0,3674400,9.1,26000,25833.3
2025-10-21 14:52:00,ATM+4,CALL,57.55,57.55,57.55,57.55,0,1807875,8.49,26050,25833.3
2025-10-21 14:52:00,ATM+4,PUT,235.4,235.4,235.4,235.4,0,242250,9.02,26050,25833.3
2025-10-21 14:52:00,ATM+5,CALL,43.5,43.5,43.5,43.5,0,5589675,8.41,26100,25833.3
2025-10-21 14:52:00,ATM+5,PUT,271,271,271,271,0,402825,8.97,26100,25833.3
2025-10-21 14:52:00,ATM+6,CALL,32.95,32.95,32.95,32.95,0,1745250,8.42,26150,25833.3
2025-10-21 14:52:00,ATM+6,PUT,310.95,310.95,310.95,310.95,0,75075,9.1,26150,25833.3
2025-10-21 14:52:00,ATM+7,CALL,24.75,24.75,24.75,24.75,0,6775500,8.45,26200,25833.3
2025-10-21 14:52:00,ATM+7,PUT,351.35,351.35,351.35,351.35,0,381675,9.09,26200,25833.3
2025-10-21 14:52:00,ATM+8,CALL,18.05,18.05,18.05,18.05,0,1659375,8.44,26250,25833.3
2025-10-21 14:52:00,ATM+8,PUT,396.6,396.6,396.6,396.6,0,25050,9.44,26250,25833.3
2025-10-21 14:52:00,ATM+9,CALL,13.05,13.05,13.05,13.05,0,5632350,8.45,26300,25833.3
2025-10-21 14:52:00,ATM+9,PUT,441.8,441.8,441.8,441.8,0,137925,9.67,26300,25833.3
2025-10-21 14:52:00,ATM+10,CALL,9.6,9.6,9.6,9.6,0,1801425,8.54,26350,25833.3
2025-10-21 14:52:00,ATM+10,PUT,488.1,488.1,488.1,488.1,0,8850,9.93,26350,25833.3
2025-10-21 14:53:00,ATM-10,CALL,537.3,537.3,537.3,537.3,0,154050,9.56,25350,25833.3
2025-10-21 14:53:00,ATM-10,PUT,16.05,16.05,16.05,16.05,0,980400,10.75,25350,25833.3
2025-10-21 14:53:00,ATM-9,CALL,490,490,490,490,0,1693950,9.35,25400,25833.3
2025-10-21 14:53:00,ATM-9,PUT,19.05,19.05,19.05,19.05,0,5226525,10.45,25400,25833.3
2025-10-21 14:53:00,ATM-8,CALL,444.95,444.95,444.95,444.95,0,207375,9.37,25450,25833.3
2025-10-21 14:53:00,ATM-8,PUT,23.55,23.55,23.55,23.55,0,2463825,10.26,25450,25833.3
2025-10-21 14:53:00,ATM-7,CALL,398.9,398.9,398.9,398.9,0,4002225,9.1,25500,25833.3
2025-10-21 14:53:00,ATM-7,PUT,28.6,28.6,28.6,28.6,0,9644100,10.02,25500,25833.3
2025-10-21 14:53:00,ATM-6,CALL,357.7,357.7,357.7,357.7,0,213675,9.26,25550,25833.3
2025-10-21 14:53:00,ATM-6,PUT,34.75,34.75,34.75,34.75,0,1249500,9.79,25550,25833.3
2025-10-21 14:53:00,ATM-5,CALL,314.1,314.1,314.1,314.1,0,1906425,8.95,25600,25833.3
2025-10-21 14:53:00,ATM-5,PUT,43.35,43.35,43.35,43.35,0,5914425,9.65,25600,25833.3
2025-10-21 14:53:00,ATM-4,CALL,274.15,274.15,274.15,274.15,0,384975,8.86,25650,25833.3
2025-10-21 14:53:00,ATM-4,PUT,53.55,53.55,53.55,53.55,0,1435275,9.51,25650,25833.3
2025-10-21 14:53:00,ATM-3,CALL,237.5,237.5,237.5,237.5,0,2311425,8.85,25700,25833.3
2025-10-21 14:53:00,ATM-3,PUT,65.9,65.9,65.9,65.9,0,6632100,9.37,25700,25833.3
2025-10-21 14:53:00,ATM-2,CALL,201.5,201.5,201.5,201.5,0,700425,8.69,25750,25833.3
2025-10-21 14:53:00,ATM-2,PUT,81.6,81.6,81.6,81.6,0,1258425,9.31,25750,25833.3
2025-10-21 14:53:00,ATM-1,CALL,169.5,169.5,169.5,169.5,0,4913550,8.64,25800,25833.3
2025-10-21 14:53:00,ATM-1,PUT,98.3,98.3,98.3,98.3,0,5268150,9.13,25800,25833.3
2025-10-21 14:53:00,ATM,CALL,141.7,141.7,141.7,141.7,0,2588625,8.66,25850,25833.3
2025-10-21 14:53:00,ATM,PUT,120.3,120.3,120.3,120.3,0,2353950,9.15,25850,25833.3
2025-10-21 14:53:00,ATM+1,CALL,114.7,114.7,114.7,114.7,0,7634025,8.52,25900,25833.3
2025-10-21 14:53:00,ATM+1,PUT,143.6,143.6,143.6,143.6,0,5046975,9.03,25900,25833.3
2025-10-21 14:53:00,ATM+2,CALL,93.7,93.7,93.7,93.7,0,3286350,8.59,25950,25833.3
2025-10-21 14:53:00,ATM+2,PUT,172.9,172.9,172.9,172.9,0,1219875,9.13,25950,25833.3
2025-10-21 14:53:00,ATM+3,CALL,73.95,73.95,73.95,73.95,0,11308500,8.52,26000,25833.3
2025-10-21 14:53:00,ATM+3,PUT,203.05,203.05,203.05,203.05,0,3674400,9.1,26000,25833.3
2025-10-21 14:53:00,ATM+4,CALL,57.55,57.55,57.55,57.55,0,1807875,8.49,26050,25833.3
2025-10-21 14:53:00,ATM+4,PUT,235.4,235.4,235.4,235.4,0,242250,9.02,26050,25833.3
2025-10-21 14:53:00,ATM+5,CALL,43.5,43.5,43.5,43.5,0,5589675,8.41,26100,25833.3
2025-10-21 14:53:00,ATM+5,PUT,271,271,271,271,0,402825,8.97,26100,25833.3
2025-10-21 14:53:00,ATM+6,CALL,32.95,32.95,32.95,32.95,0,1745250,8.42,26150,25833.3
2025-10-21 14:53:00,ATM+6,PUT,310.95,310.95,310.95,310.95,0,75075,9.1,26150,25833.3
2025-10-21 14:53:00,ATM+7,CALL,24.75,24.75,24.75,24.75,0,6775500,8.45,26200,25833.3
2025-10-21 14:53:00,ATM+7,PUT,351.35,351.35,351.35,351.35,0,381675,9.09,26200,25833.3
2025-10-21 14:53:00,ATM+8,CALL,18.05,18.05,18.05,18.05,0,1659375,8.44,26250,25833.3
2025-10-21 14:53:00,ATM+8,PUT,396.6,396.6,396.6,396.6,0,25050,9.44,26250,25833.3
2025-10-21 14:53:00,ATM+9,CALL,13.05,13.05,13.05,13.05,0,5632350,8.45,26300,25833.3
2025-10-21 14:53:00,ATM+9,PUT,441.8,441.8,441.8,441.8,0,137925,9.67,26300,25833.3
2025-10-21 14:53:00,ATM+10,CALL,9.6,9.6,9.6,9.6,0,1801425,8.54,26350,25833.3
2025-10-21 14:53:00,ATM+10,PUT,488.1,488.1,488.1,488.1,0,8850,9.93,26350,25833.3
2025-10-21 14:54:00,ATM-10,CALL,537.3,537.3,537.3,537.3,0,154050,9.56,25350,25833.3
2025-10-21 14:54:00,ATM-10,PUT,16.05,16.05,16.05,16.05,0,980400,10.75,25350,25833.3
2025-10-21 14:54:00,ATM-9,CALL,490,490,490,490,0,1693950,9.35,25400,25833.3
2025-10-21 14:54:00,ATM-9,PUT,19.05,19.05,19.05,19.05,0,5226525,10.45,25400,25833.3
2025-10-21 14:54:00,ATM-8,CALL,444.95,444.95,444.95,444.95,0,207375,9.37,25450,25833.3
2025-10-21 14:54:00,ATM-8,PUT,23.55,23.55,23.55,23.55,0,2463825,10.26,25450,25833.3
2025-10-21 14:54:00,ATM-7,CALL,398.9,398.9,398.9,398.9,0,4002225,9.1,25500,25833.3
2025-10-21 14:54:00,ATM-7,PUT,28.6,28.6,28.6,28.6,0,9644100,10.02,25500,25833.3
2025-10-21 14:54:00,ATM-6,CALL,357.7,357.7,357.7,357.7,0,213675,9.26,25550,25833.3
2025-10-21 14:54:00,ATM-6,PUT,34.75,34.75,34.75,34.75,0,1249500,9.79,25550,25833.3
2025-10-21 14:54:00,ATM-5,CALL,314.1,314.1,314.1,314.1,0,1906425,8.95,25600,25833.3
2025-10-21 14:54:00,ATM-5,PUT,43.35,43.35,43.35,43.35,0,5914425,9.65,25600,25833.3
2025-10-21 14:54:00,ATM-4,CALL,274.15,274.15,274.15,274.15,0,384975,8.86,25650,25833.3
2025-10-21 14:54:00,ATM-4,PUT,53.55,53.55,53.55,53.55,0,1435275,9.51,25650,25833.3
2025-10-21 14:54:00,ATM-3,CALL,237.5,237.5,237.5,237.5,0,2311425,8.85,25700,25833.3
2025-10-21 14:54:00,ATM-3,PUT,65.9,65.9,65.9,65.9,0,6632100,9.37,25700,25833.3
2025-10-21 14:54:00,ATM-2,CALL,201.5,201.5,201.5,201.5,0,700425,8.69,25750,25833.3
2025-10-21 14:54:00,ATM-2,PUT,81.6,81.6,81.6,81.6,0,1258425,9.31,25750,25833.3
2025-10-21 14:54:00,ATM-1,CALL,169.5,169.5,169.5,169.5,0,4913550,8.64,25800,25833.3
2025-10-21 14:54:00,ATM-1,PUT,98.3,98.3,98.3,98.3,0,5268150,9.13,25800,25833.3
2025-10-21 14:54:00,ATM,CALL,141.7,141.7,141.7,141.7,0,2588625,8.66,25850,25833.3
2025-10-21 14:54:00,ATM,PUT,120.3,120.3,120.3,120.3,0,2353950,9.15,25850,25833.3
2025-10-21 14:54:00,ATM+1,CALL,114.7,114.7,114.7,114.7,0,7634025,8.52,25900,25833.3
2025-10-21 14:54:00,ATM+1,PUT,143.6,143.6,143.6,143.6,0,5046975,9.03,25900,25833.3
2025-10-21 14:54:00,ATM+2,CALL,93.7,93.7,93.7,93.7,0,3286350,8.59,25950,25833.3
2025-10-21 14:54:00,ATM+2,PUT,172.9,172.9,172.9,172.9,0,1219875,9.13,25950,25833.3
2025-10-21 14:54:00,ATM+3,CALL,73.95,73.95,73.95,73.95,0,11308500,8.52,26000,25833.3
2025-10-21 14:54:00,ATM+3,PUT,203.05,203.05,203.05,203.05,0,3674400,9.1,26000,25833.3
2025-10-21 14:54:00,ATM+4,CALL,57.55,57.55,57.55,57.55,0,1807875,8.49,26050,25833.3
2025-10-21 14:54:00,ATM+4,PUT,235.4,235.4,235.4,235.4,0,242250,9.02,26050,25833.3
2025-10-21 14:54:00,ATM+5,CALL,43.5,43.5,43.5,43.5,0,5589675,8.41,26100,25833.3
2025-10-21 14:54:00,ATM+5,PUT,271,271,271,271,0,402825,8.97,26100,25833.3
2025-10-21 14:54:00,ATM+6,CALL,32.95,32.95,32.95,32.95,0,1745250,8.42,26150,25833.3
2025-10-21 14:54:00,ATM+6,PUT,310.95,310.95,310.95,310.95,0,75075,9.1,26150,25833.3
2025-10-21 14:54:00,ATM+7,CALL,24.75,24.75,24.75,24.75,0,6775500,8.45,26200,25833.3
2025-10-21 14:54:00,ATM+7,PUT,351.35,351.35,351.35,351.35,0,381675,9.09,26200,25833.3
2025-10-21 14:54:00,ATM+8,CALL,18.05,18.05,18.05,18.05,0,1659375,8.44,26250,25833.3
2025-10-21 14:54:00,ATM+8,PUT,396.6,396.6,396.6,396.6,0,25050,9.44,26250,25833.3
2025-10-21 14:54:00,ATM+9,CALL,13.05,13.05,13.05,13.05,0,5632350,8.45,26300,25833.3
2025-10-21 14:54:00,ATM+9,PUT,441.8,441.8,441.8,441.8,0,137925,9.67,26300,25833.3
2025-10-21 14:54:00,ATM+10,CALL,9.6,9.6,9.6,9.6,0,1801425,8.54,26350,25833.3
2025-10-21 14:54:00,ATM+10,PUT,488.1,488.1,488.1,488.1,0,8850,9.93,26350,25833.3
2025-10-21 14:55:00,ATM-10,CALL,537.3,537.3,537.3,537.3,0,154050,9.56,25350,25833.3
2025-10-21 14:55:00,ATM-10,PUT,16.05,16.05,16.05,16.05,0,980400,10.75,25350,25833.3
2025-10-21 14:55:00,ATM-9,CALL,490,490,490,490,0,1693950,9.35,25400,25833.3
2025-10-21 14:55:00,ATM-9,PUT,19.05,19.05,19.05,19.05,0,5226525,10.45,25400,25833.3
2025-10-21 14:55:00,ATM-8,CALL,444.95,444.95,444.95,444.95,0,207375,9.37,25450,25833.3
2025-10-21 14:55:00,ATM-8,PUT,23.55,23.55,23.55,23.55,0,2463825,10.26,25450,25833.3
2025-10-21 14:55:00,ATM-7,CALL,398.9,398.9,398.9,398.9,0,4002225,9.1,25500,25833.3
2025-10-21 14:55:00,ATM-7,PUT,28.6,28.6,28.6,28.6,0,9644100,10.02,25500,25833.3
2025-10-21 14:55:00,ATM-6,CALL,357.7,357.7,357.7,357.7,0,213675,9.26,25550,25833.3
2025-10-21 14:55:00,ATM-6,PUT,34.75,34.75,34.75,34.75,0,1249500,9.79,25550,25833.3
2025-10-21 14:55:00,ATM-5,CALL,314.1,314.1,314.1,314.1,0,1906425,8.95,25600,25833.3
2025-10-21 14:55:00,ATM-5,PUT,43.35,43.35,43.35,43.35,0,5914425,9.65,25600,25833.3
2025-10-21 14:55:00,ATM-4,CALL,274.15,274.15,274.15,274.15,0,384975,8.86,25650,25833.3
2025-10-21 14:55:00,ATM-4,PUT,53.55,53.55,53.55,53.55,0,1435275,9.51,25650,25833.3
2025-10-21 14:55:00,ATM-3,CALL,237.5,237.5,237.5,237.5,0,2311425,8.85,25700,25833.3
2025-10-21 14:55:00,ATM-3,PUT,65.9,65.9,65.9,65.9,0,6632100,9.37,25700,25833.3
2025-10-21 14:55:00,ATM-2,CALL,201.5,201.5,201.5,201.5,0,700425,8.69,25750,25833.3
2025-10-21 14:55:00,ATM-2,PUT,81.6,81.6,81.6,81.6,0,1258425,9.31,25750,25833.3
2025-10-21 14:55:00,ATM-1,CALL,169.5,169.5,169.5,169.5,0,4913550,8.64,25800,25833.3
2025-10-21 14:55:00,ATM-1,PUT,98.3,98.3,98.3,98.3,0,5268150,9.13,25800,25833.3
2025-10-21 14:55:00,ATM,CALL,141.7,141.7,141.7,141.7,0,2588625,8.66,25850,25833.3
2025-10-21 14:55:00,ATM,PUT,120.3,120.3,120.3,120.3,0,2353950,9.15,25850,25833.3
2025-10-21 14:55:00,ATM+1,CALL,114.7,114.7,114.7,114.7,0,7634025,8.52,25900,25833.3
2025-10-21 14:55:00,ATM+1,PUT,143.6,143.6,143.6,143.6,0,5046975,9.03,25900,25833.3
2025-10-21 14:55:00,ATM+2,CALL,93.7,93.7,93.7,93.7,0,3286350,8.59,25950,25833.3
2025-10-21 14:55:00,ATM+2,PUT,172.9,172.9,172.9,172.9,0,1219875,9.13,25950,25833.3
2025-10-21 14:55:00,ATM+3,CALL,73.95,73.95,73.95,73.95,0,11308500,8.52,26000,25833.3
2025-10-21 14:55:00,ATM+3,PUT,203.05,203.05,203.05,203.05,0,3674400,9.1,26000,25833.3
2025-10-21 14:55:00,ATM+4,CALL,57.55,57.55,57.55,57.55,0,1807875,8.49,26050,25833.3
2025-10-21 14:55:00,ATM+4,PUT,235.4,235.4,235.4,235.4,0,242250,9.02,26050,25833.3
2025-10-21 14:55:00,ATM+5,CALL,43.5,43.5,43.5,43.5,0,5589675,8.41,26100,25833.3
2025-10-21 14:55:00,ATM+5,PUT,271,271,271,271,0,402825,8.97,26100,25833.3
2025-10-21 14:55:00,ATM+6,CALL,32.95,32.95,32.95,32.95,0,1745250,8.42,26150,25833.3
2025-10-21 14:55:00,ATM+6,PUT,310.95,310.95,310.95,310.95,0,75075,9.1,26150,25833.3
2025-10-21 14:55:00,ATM+7,CALL,24.75,24.75,24.75,24.75,0,6775500,8.45,26200,25833.3
2025-10-21 14:55:00,ATM+7,PUT,351.35,351.35,351.35,351.35,0,381675,9.09,26200,25833.3
2025-10-21 14:55:00,ATM+8,CALL,18.05,18.05,18.05,18.05,0,1659375,8.44,26250,25833.3
2025-10-21 14:55:00,ATM+8,PUT,396.6,396.6,396.6,396.6,0,25050,9.44,26250,25833.3
2025-10-21 14:55:00,ATM+9,CALL,13.05,13.05,13.05,13.05,0,5632350,8.45,26300,25833.3
2025-10-21 14:55:00,ATM+9,PUT,441.8,441.8,441.8,441.8,0,137925,9.67,26300,25833.3
2025-10-21 14:55:00,ATM+10,CALL,9.6,9.6,9.6,9.6,0,1801425,8.54,26350,25833.3
2025-10-21 14:55:00,ATM+10,PUT,488.1,488.1,488.1,488.1,0,8850,9.93,26350,25833.3
2025-10-21 14:56:00,ATM-10,CALL,537.3,537.3,537.3,537.3,0,154050,9.56,25350,25833.3
2025-10-21 14:56:00,ATM-10,PUT,16.05,16.05,16.05,16.05,0,980400,10.75,25350,25833.3
2025-10-21 14:56:00,ATM-9,CALL,490,490,490,490,0,1693950,9.35,25400,25833.3
2025-10-21 14:56:00,ATM-9,PUT,19.05,19.05,19.05,19.05,0,5226525,10.45,25400,25833.3
2025-10-21 14:56:00,ATM-8,CALL,444.95,444.95,444.95,444.95,0,207375,9.37,25450,25833.3
2025-10-21 14:56:00,ATM-8,PUT,23.55,23.55,23.55,23.55,0,2463825,10.26,25450,25833.3
2025-10-21 14:56:00,ATM-7,CALL,398.9,398.9,398.9,398.9,0,4002225,9.1,25500,25833.3
2025-10-21 14:56:00,ATM-7,PUT,28.6,28.6,28.6,28.6,0,9644100,10.02,25500,25833.3
2025-10-21 14:56:00,ATM-6,CALL,357.7,357.7,357.7,357.7,0,213675,9.26,25550,25833.3
2025-10-21 14:56:00,ATM-6,PUT,34.75,34.75,34.75,34.75,0,1249500,9.79,25550,25833.3
2025-10-21 14:56:00,ATM-5,CALL,314.1,314.1,314.1,314.1,0,1906425,8.95,25600,25833.3
2025-10-21 14:56:00,ATM-5,PUT,43.35,43.35,43.35,43.35,0,5914425,9.65,25600,25833.3
2025-10-21 14:56:00,ATM-4,CALL,274.15,274.15,274.15,274.15,0,384975,8.86,25650,25833.3
2025-10-21 14:56:00,ATM-4,PUT,53.55,53.55,53.55,53.55,0,1435275,9.51,25650,25833.3
2025-10-21 14:56:00,ATM-3,CALL,237.5,237.5,237.5,237.5,0,2311425,8.85,25700,25833.3
2025-10-21 14:56:00,ATM-3,PUT,65.9,65.9,65.9,65.9,0,6632100,9.37,25700,25833.3
2025-10-21 14:56:00,ATM-2,CALL,201.5,201.5,201.5,201.5,0,700425,8.69,25750,25833.3
2025-10-21 14:56:00,ATM-2,PUT,81.6,81.6,81.6,81.6,0,1258425,9.31,25750,25833.3
2025-10-21 14:56:00,ATM-1,CALL,169.5,169.5,169.5,169.5,0,4913550,8.64,25800,25833.3
2025-10-21 14:56:00,ATM-1,PUT,98.3,98.3,98.3,98.3,0,5268150,9.13,25800,25833.3
2025-10-21 14:56:00,ATM,CALL,141.7,141.7,141.7,141.7,0,2588625,8.66,25850,25833.3
2025-10-21 14:56:00,ATM,PUT,120.3,120.3,120.3,120.3,0,2353950,9.15,25850,25833.3
2025-10-21 14:56:00,ATM+1,CALL,114.7,114.7,114.7,114.7,0,7634025,8.52,25900,25833.3
2025-10-21 14:56:00,ATM+1,PUT,143.6,143.6,143.6,143.6,0,5046975,9.03,25900,25833.3
2025-10-21 14:56:00,ATM+2,CALL,93.7,93.7,93.7,93.7,0,3286350,8.59,25950,25833.3
2025-10-21 14:56:00,ATM+2,PUT,172.9,172.9,172.9,172.9,0,1219875,9.13,25950,25833.3
2025-10-21 14:56:00,ATM+3,CALL,73.95,73.95,73.95,73.95,0,11308500,8.52,26000,25833.3
2025-10-21 14:56:00,ATM+3,PUT,203.05,203.05,203.05,203.05,0,3674400,9.1,26000,25833.3
2025-10-21 14:56:00,ATM+4,CALL,57.55,57.55,57.55,57.55,0,1807875,8.49,26050,25833.3
2025-10-21 14:56:00,ATM+4,PUT,235.4,235.4,235.4,235.4,0,242250,9.02,26050,25833.3
2025-10-21 14:56:00,ATM+5,CALL,43.5,43.5,43.5,43.5,0,5589675,8.41,26100,25833.3
2025-10-21 14:56:00,ATM+5,PUT,271,271,271,271,0,402825,8.97,26100,25833.3
2025-10-21 14:56:00,ATM+6,CALL,32.95,32.95,32.95,32.95,0,1745250,8.42,26150,25833.3
2025-10-21 14:56:00,ATM+6,PUT,310.95,310.95,310.95,310.95,0,75075,9.1,26150,25833.3
2025-10-21 14:56:00,ATM+7,CALL,24.75,24.75,24.75,24.75,0,6775500,8.45,26200,25833.3
2025-10-21 14:56:00,ATM+7,PUT,351.35,351.35,351.35,351.35,0,381675,9.09,26200,25833.3
2025-10-21 14:56:00,ATM+8,CALL,18.05,18.05,18.05,18.05,0,1659375,8.44,26250,25833.3
2025-10-21 14:56:00,ATM+8,PUT,396.6,396.6,396.6,396.6,0,25050,9.44,26250,25833.3
2025-10-21 14:56:00,ATM+9,CALL,13.05,13.05,13.05,13.05,0,5632350,8.45,26300,25833.3
2025-10-21 14:56:00,ATM+9,PUT,441.8,441.8,441.8,441.8,0,137925,9.67,26300,25833.3
2025-10-21 14:56:00,ATM+10,CALL,9.6,9.6,9.6,9.6,0,1801425,8.54,26350,25833.3
2025-10-21 14:56:00,ATM+10,PUT,488.1,488.1,488.1,488.1,0,8850,9.93,26350,25833.3
2025-10-21 14:57:00,ATM-10,CALL,537.3,537.3,537.3,537.3,0,154050,9.56,25350,25833.3
2025-10-21 14:57:00,ATM-10,PUT,16.05,16.05,16.05,16.05,0,980400,10.75,25350,25833.3
2025-10-21 14:57:00,ATM-9,CALL,490,490,490,490,0,1693950,9.35,25400,25833.3
2025-10-21 14:57:00,ATM-9,PUT,19.05,19.05,19.05,19.05,0,5226525,10.45,25400,25833.3
2025-10-21 14:57:00,ATM-8,CALL,444.95,444.95,444.95,444.95,0,207375,9.37,25450,25833.3
2025-10-21 14:57:00,ATM-8,PUT,23.55,23.55,23.55,23.55,0,2463825,10.26,25450,25833.3
2025-10-21 14:57:00,ATM-7,CALL,398.9,398.9,398.9,398.9,0,4002225,9.1,25500,25833.3
2025-10-21 14:57:00,ATM-7,PUT,28.6,28.6,28.6,28.6,0,9644100,10.02,25500,25833.3
2025-10-21 14:57:00,ATM-6,CALL,357.7,357.7,357.7,357.7,0,213675,9.26,25550,25833.3
2025-10-21 14:57:00,ATM-6,PUT,34.75,34.75,34.75,34.75,0,1249500,9.79,25550,25833.3
2025-10-21 14:57:00,ATM-5,CALL,314.1,314.1,314.1,314.1,0,1906425,8.95,25600,25833.3
2025-10-21 14:57:00,ATM-5,PUT,43.35,43.35,43.35,43.35,0,5914425,9.65,25600,25833.3
2025-10-21 14:57:00,ATM-4,CALL,274.15,274.15,274.15,274.15,0,384975,8.86,25650,25833.3
2025-10-21 14:57:00,ATM-4,PUT,53.55,53.55,53.55,53.55,0,1435275,9.51,25650,25833.3
2025-10-21 14:57:00,ATM-3,CALL,237.5,237.5,237.5,237.5,0,2311425,8.85,25700,25833.3
2025-10-21 14:57:00,ATM-3,PUT,65.9,65.9,65.9,65.9,0,6632100,9.37,25700,25833.3
2025-10-21 14:57:00,ATM-2,CALL,201.5,201.5,201.5,201.5,0,700425,8.69,25750,25833.3
2025-10-21 14:57:00,ATM-2,PUT,81.6,81.6,81.6,81.6,0,1258425,9.31,25750,25833.3
2025-10-21 14:57:00,ATM-1,CALL,169.5,169.5,169.5,169.5,0,4913550,8.64,25800,25833.3
2025-10-21 14:57:00,ATM-1,PUT,98.3,98.3,98.3,98.3,0,5268150,9.13,25800,25833.3
2025-10-21 14:57:00,ATM,CALL,141.7,141.7,141.7,141.7,0,2588625,8.66,25850,25833.3
2025-10-21 14:57:00,ATM,PUT,120.3,120.3,120.3,120.3,0,2353950,9.15,25850,25833.3
2025-10-21 14:57:00,ATM+1,CALL,114.7,114.7,114.7,114.7,0,7634025,8.52,25900,25833.3
2025-10-21 14:57:00,ATM+1,PUT,143.6,143.6,143.6,143.6,0,5046975,9.03,25900,25833.3
2025-10-21 14:57:00,ATM+2,CALL,93.7,93.7,93.7,93.7,0,3286350,8.59,25950,25833.3
2025-10-21 14:57:00,ATM+2,PUT,172.9,172.9,172.9,172.9,0,1219875,9.13,25950,25833.3
2025-10-21 14:57:00,ATM+3,CALL,73.95,73.95,73.95,73.95,0,11308500,8.52,26000,25833.3
2025-10-21 14:57:00,ATM+3,PUT,203.05,203.05,203.05,203.05,0,3674400,9.1,26000,25833.3
2025-10-21 14:57:00,ATM+4,CALL,57.55,57.55,57.55,57.55,0,1807875,8.49,26050,25833.3
2025-10-21 14:57:00,ATM+4,PUT,235.4,235.4,235.4,235.4,0,242250,9.02,26050,25833.3
2025-10-21 14:57:00,ATM+5,CALL,43.5,43.5,43.5,43.5,0,5589675,8.41,26100,25833.3
2025-10-21 14:57:00,ATM+5,PUT,271,271,271,271,0,402825,8.97,26100,25833.3
2025-10-21 14:57:00,ATM+6,CALL,32.95,32.95,32.95,32.95,0,1745250,8.42,26150,25833.3
2025-10-21 14:57:00,ATM+6,PUT,310.95,310.95,310.95,310.95,0,75075,9.1,26150,25833.3
2025-10-21 14:57:00,ATM+7,CALL,24.75,24.75,24.75,24.75,0,6775500,8.45,26200,25833.3
2025-10-21 14:57:00,ATM+7,PUT,351.35,351.35,351.35,351.35,0,381675,9.09,26200,25833.3
2025-10-21 14:57:00,ATM+8,CALL,18.05,18.05,18.05,18.05,0,1659375,8.44,26250,25833.3
2025-10-21 14:57:00,ATM+8,PUT,396.6,396.6,396.6,396.6,0,25050,9.44,26250,25833.3
2025-10-21 14:57:00,ATM+9,CALL,13.05,13.05,13.05,13.05,0,5632350,8.45,26300,25833.3
2025-10-21 14:57:00,ATM+9,PUT,441.8,441.8,441.8,441.8,0,137925,9.67,26300,25833.3
2025-10-21 14:57:00,ATM+10,CALL,9.6,9.6,9.6,9.6,0,1801425,8.54,26350,25833.3
2025-10-21 14:57:00,ATM+10,PUT,488.1,488.1,488.1,488.1,0,8850,9.93,26350,25833.3
2025-10-21 14:58:00,ATM-10,CALL,537.3,537.3,537.3,537.3,0,154050,9.56,25350,25833.3
2025-10-21 14:58:00,ATM-10,PUT,16.05,16.05,16.05,16.05,0,980400,10.75,25350,25833.3
2025-10-21 14:58:00,ATM-9,CALL,490,490,490,490,0,1693950,9.35,25400,25833.3
2025-10-21 14:58:00,ATM-9,PUT,19.05,19.05,19.05,19.05,0,5226525,10.45,25400,25833.3
2025-10-21 14:58:00,ATM-8,CALL,444.95,444.95,444.95,444.95,0,207375,9.37,25450,25833.3
2025-10-21 14:58:00,ATM-8,PUT,23.55,23.55,23.55,23.55,0,2463825,10.26,25450,25833.3
2025-10-21 14:58:00,ATM-7,CALL,398.9,398.9,398.9,398.9,0,4002225,9.1,25500,25833.3
2025-10-21 14:58:00,ATM-7,PUT,28.6,28.6,28.6,28.6,0,9644100,10.02,25500,25833.3
2025-10-21 14:58:00,ATM-6,CALL,357.7,357.7,357.7,357.7,0,213675,9.26,25550,25833.3
2025-10-21 14:58:00,ATM-6,PUT,34.75,34.75,34.75,34.75,0,1249500,9.79,25550,25833.3
2025-10-21 14:58:00,ATM-5,CALL,314.1,314.1,314.1,314.1,0,1906425,8.95,25600,25833.3
2025-10-21 14:58:00,ATM-5,PUT,43.35,43.35,43.35,43.35,0,5914425,9.65,25600,25833.3
2025-10-21 14:58:00,ATM-4,CALL,274.15,274.15,274.15,274.15,0,384975,8.86,25650,25833.3
2025-10-21 14:58:00,ATM-4,PUT,53.55,53.55,53.55,53.55,0,1435275,9.51,25650,25833.3
2025-10-21 14:58:00,ATM-3,CALL,237.5,237.5,237.5,237.5,0,2311425,8.85,25700,25833.3
2025-10-21 14:58:00,ATM-3,PUT,65.9,65.9,65.9,65.9,0,6632100,9.37,25700,25833.3
2025-10-21 14:58:00,ATM-2,CALL,201.5,201.5,201.5,201.5,0,700425,8.69,25750,25833.3
2025-10-21 14:58:00,ATM-2,PUT,81.6,81.6,81.6,81.6,0,1258425,9.31,25750,25833.3
2025-10-21 14:58:00,ATM-1,CALL,169.5,169.5,169.5,169.5,0,4913550,8.64,25800,25833.3
2025-10-21 14:58:00,ATM-1,PUT,98.3,98.3,98.3,98.3,0,5268150,9.13,25800,25833.3
2025-10-21 14:58:00,ATM,CALL,141.7,141.7,141.7,141.7,0,2588625,8.66,25850,25833.3
2025-10-21 14:58:00,ATM,PUT,120.3,120.3,120.3,120.3,0,2353950,9.15,25850,25833.3
2025-10-21 14:58:00,ATM+1,CALL,114.7,114.7,114.7,114.7,0,7634025,8.52,25900,25833.3
2025-10-21 14:58:00,ATM+1,PUT,143.6,143.6,143.6,143.6,0,5046975,9.03,25900,25833.3
2025-10-21 14:58:00,ATM+2,CALL,93.7,93.7,93.7,93.7,0,3286350,8.59,25950,25833.3
2025-10-21 14:58:00,ATM+2,PUT,172.9,172.9,172.9,172.9,0,1219875,9.13,25950,25833.3
2025-10-21 14:58:00,ATM+3,CALL,73.95,73.95,73.95,73.95,0,11308500,8.52,26000,25833.3
2025-10-21 14:58:00,ATM+3,PUT,203.05,203.05,203.05,203.05,0,3674400,9.1,26000,25833.3
2025-10-21 14:58:00,ATM+4,CALL,57.55,57.55,57.55,57.55,0,1807875,8.49,26050,25833.3
2025-10-21 14:58:00,ATM+4,PUT,235.4,235.4,235.4,235.4,0,242250,9.02,26050,25833.3
2025-10-21 14:58:00,ATM+5,CALL,43.5,43.5,43.5,43.5,0,5589675,8.41,26100,25833.3
2025-10-21 14:58:00,ATM+5,PUT,271,271,271,271,0,402825,8.97,26100,25833.3
2025-10-21 14:58:00,ATM+6,CALL,32.95,32.95,32.95,32.95,0,1745250,8.42,26150,25833.3
2025-10-21 14:58:00,ATM+6,PUT,310.95,310.95,310.95,310.95,0,75075,9.1,26150,25833.3
2025-10-21 14:58:00,ATM+7,CALL,24.75,24.75,24.75,24.75,0,6775500,8.45,26200,25833.3
2025-10-21 14:58:00,ATM+7,PUT,351.35,351.35,351.35,351.35,0,381675,9.09,26200,25833.3
2025-10-21 14:58:00,ATM+8,CALL,18.05,18.05,18.05,18.05,0,1659375,8.44,26250,25833.3
2025-10-21 14:58:00,ATM+8,PUT,396.6,396.6,396.6,396.6,0,25050,9.44,26250,25833.3
2025-10-21 14:58:00,ATM+9,CALL,13.05,13.05,13.05,13.05,0,5632350,8.45,26300,25833.3
2025-10-21 14:58:00,ATM+9,PUT,441.8,441.8,441.8,441.8,0,137925,9.67,26300,25833.3
2025-10-21 14:58:00,ATM+10,CALL,9.6,9.6,9.6,9.6,0,1801425,8.54,26350,25833.3
2025-10-21 14:58:00,ATM+10,PUT,488.1,488.1,488.1,488.1,0,8850,9.93,26350,25833.3
2025-10-21 14:59:00,ATM-10,CALL,537.3,537.3,537.3,537.3,0,154050,9.56,25350,25833.3
2025-10-21 14:59:00,ATM-10,PUT,16.05,16.05,16.05,16.05,0,980400,10.75,25350,25833.3
2025-10-21 14:59:00,ATM-9,CALL,490,490,490,490,0,1693950,9.35,25400,25833.3
2025-10-21 14:59:00,ATM-9,PUT,19.05,19.05,19.05,19.05,0,5226525,10.45,25400,25833.3
2025-10-21 14:59:00,ATM-8,CALL,444.95,444.95,444.95,444.95,0,207375,9.37,25450,25833.3
2025-10-21 14:59:00,ATM-8,PUT,23.55,23.55,23.55,23.55,0,2463825,10.26,25450,25833.3
2025-10-21 14:59:00,ATM-7,CALL,398.9,398.9,398.9,398.9,0,4002225,9.1,25500,25833.3
2025-10-21 14:59:00,ATM-7,PUT,28.6,28.6,28.6,28.6,0,9644100,10.02,25500,25833.3
2025-10-21 14:59:00,ATM-6,CALL,357.7,357.7,357.7,357.7,0,213675,9.26,25550,25833.3
2025-10-21 14:59:00,ATM-6,PUT,34.75,34.75,34.75,34.75,0,1249500,9.79,25550,25833.3
2025-10-21 14:59:00,ATM-5,CALL,314.1,314.1,314.1,314.1,0,1906425,8.95,25600,25833.3
2025-10-21 14:59:00,ATM-5,PUT,43.35,43.35,43.35,43.35,0,5914425,9.65,25600,25833.3
2025-10-21 14:59:00,ATM-4,CALL,274.15,274.15,274.15,274.15,0,384975,8.86,25650,25833.3
2025-10-21 14:59:00,ATM-4,PUT,53.55,53.55,53.55,53.55,0,1435275,9.51,25650,25833.3
2025-10-21 14:59:00,ATM-3,CALL,237.5,237.5,237.5,237.5,0,2311425,8.85,25700,25833.3
2025-10-21 14:59:00,ATM-3,PUT,65.9,65.9,65.9,65.9,0,6632100,9.37,25700,25833.3
2025-10-21 14:59:00,ATM-2,CALL,201.5,201.5,201.5,201.5,0,700425,8.69,25750,25833.3
2025-10-21 14:59:00,ATM-2,PUT,81.6,81.6,81.6,81.6,0,1258425,9.31,25750,25833.3
2025-10-21 14:59:00,ATM-1,CALL,169.5,169.5,169.5,169.5,0,4913550,8.64,25800,25833.3
2025-10-21 14:59:00,ATM-1,PUT,98.3,98.3,98.3,98.3,0,5268150,9.13,25800,25833.3
2025-10-21 14:59:00,ATM,CALL,141.7,141.7,141.7,141.7,0,2588625,8.66,25850,25833.3
2025-10-21 14:59:00,ATM,PUT,120.3,120.3,120.3,120.3,0,2353950,9.15,25850,25833.3
2025-10-21 14:59:00,ATM+1,CALL,114.7,114.7,114.7,114.7,0,7634025,8.52,25900,25833.3
2025-10-21 14:59:00,ATM+1,PUT,143.6,143.6,143.6,143.6,0,5046975,9.03,25900,25833.3
2025-10-21 14:59:00,ATM+2,CALL,93.7,93.7,93.7,93.7,0,3286350,8.59,25950,25833.3
2025-10-21 14:59:00,ATM+2,PUT,172.9,172.9,172.9,172.9,0,1219875,9.13,25950,25833.3
2025-10-21 14:59:00,ATM+3,CALL,73.95,73.95,73.95,73.95,0,11308500,8.52,26000,25833.3
2025-10-21 14:59:00,ATM+3,PUT,203.05,203.05,203.05,203.05,0,3674400,9.1,26000,25833.3
2025-10-21 14:59:00,ATM+4,CALL,57.55,57.55,57.55,57.55,0,1807875,8.49,26050,25833.3
2025-10-21 14:59:00,ATM+4,PUT,235.4,235.4,235.4,235.4,0,242250,9.02,26050,25833.3
2025-10-21 14:59:00,ATM+5,CALL,43.5,43.5,43.5,43.5,0,5589675,8.41,26100,25833.3
2025-10-21 14:59:00,ATM+5,PUT,271,271,271,271,0,402825,8.97,26100,25833.3
2025-10-21 14:59:00,ATM+6,CALL,32.95,32.95,32.95,32.95,0,1745250,8.42,26150,25833.3
2025-10-21 14:59:00,ATM+6,PUT,310.95,310.95,310.95,310.95,0,75075,9.1,26150,25833.3
2025-10-21 14:59:00,ATM+7,CALL,24.75,24.75,24.75,24.75,0,6775500,8.45,26200,25833.3
2025-10-21 14:59:00,ATM+7,PUT,351.35,351.35,351.35,351.35,0,381675,9.09,26200,25833.3
2025-10-21 14:59:00,ATM+8,CALL,18.05,18.05,18.05,18.05,0,1659375,8.44,26250,25833.3
2025-10-21 14:59:00,ATM+8,PUT,396.6,396.6,396.6,396.6,0,25050,9.44,26250,25833.3
2025-10-21 14:59:00,ATM+9,CALL,13.05,13.05,13.05,13.05,0,5632350,8.45,26300,25833.3
2025-10-21 14:59:00,ATM+9,PUT,441.8,441.8,441.8,441.8,0,137925,9.67,26300,25833.3
2025-10-21 14:59:00,ATM+10,CALL,9.6,9.6,9.6,9.6,0,1801425,8.54,26350,25833.3
2025-10-21 14:59:00,ATM+10,PUT,488.1,488.1,488.1,488.1,0,8850,9.93,26350,25833.3
2025-10-21 15:00:00,ATM-10,CALL,537.3,537.3,537.3,537.3,0,154050,9.56,25350,25833.3
2025-10-21 15:00:00,ATM-10,PUT,16.05,16.05,16.05,16.05,0,980400,10.75,25350,25833.3
2025-10-21 15:00:00,ATM-9,CALL,490,490,490,490,0,1693950,9.35,25400,25833.3
2025-10-21 15:00:00,ATM-9,PUT,19.05,19.05,19.05,19.05,0,5226525,10.45,25400,25833.3
2025-10-21 15:00:00,ATM-8,CALL,444.95,444.95,444.95,444.95,0,207375,9.37,25450,25833.3
2025-10-21 15:00:00,ATM-8,PUT,23.55,23.55,23.55,23.55,0,2463825,10.26,25450,25833.3
2025-10-21 15:00:00,ATM-7,CALL,398.9,398.9,398.9,398.9,0,4002225,9.1,25500,25833.3
2025-10-21 15:00:00,ATM-7,PUT,28.6,28.6,28.6,28.6,0,9644100,10.02,25500,25833.3
2025-10-21 15:00:00,ATM-6,CALL,357.7,357.7,357.7,357.7,0,213675,9.26,25550,25833.3
2025-10-21 15:00:00,ATM-6,PUT,34.75,34.75,34.75,34.75,0,1249500,9.79,25550,25833.3
2025-10-21 15:00:00,ATM-5,CALL,314.1,314.1,314.1,314.1,0,1906425,8.95,25600,25833.3
2025-10-21 15:00:00,ATM-5,PUT,43.35,43.35,43.35,43.35,0,5914425,9.65,25600,25833.3
2025-10-21 15:00:00,ATM-4,CALL,274.15,274.15,274.15,274.15,0,384975,8.86,25650,25833.3
2025-10-21 15:00:00,ATM-4,PUT,53.55,53.55,53.55,53.55,0,1435275,9.51,25650,25833.3
2025-10-21 15:00:00,ATM-3,CALL,237.5,237.5,237.5,237.5,0,2311425,8.85,25700,25833.3
2025-10-21 15:00:00,ATM-3,PUT,65.9,65.9,65.9,65.9,0,6632100,9.37,25700,25833.3
2025-10-21 15:00:00,ATM-2,CALL,201.5,201.5,201.5,201.5,0,700425,8.69,25750,25833.3
2025-10-21 15:00:00,ATM-2,PUT,81.6,81.6,81.6,81.6,0,1258425,9.31,25750,25833.3
2025-10-21 15:00:00,ATM-1,CALL,169.5,169.5,169.5,169.5,0,4913550,8.64,25800,25833.3
2025-10-21 15:00:00,ATM-1,PUT,98.3,98.3,98.3,98.3,0,5268150,9.13,25800,25833.3
2025-10-21 15:00:00,ATM,CALL,141.7,141.7,141.7,141.7,0,2588625,8.66,25850,25833.3
2025-10-21 15:00:00,ATM,PUT,120.3,120.3,120.3,120.3,0,2353950,9.15,25850,25833.3
2025-10-21 15:00:00,ATM+1,CALL,114.7,114.7,114.7,114.7,0,7634025,8.52,25900,25833.3
2025-10-21 15:00:00,ATM+1,PUT,143.6,143.6,143.6,143.6,0,5046975,9.03,25900,25833.3
2025-10-21 15:00:00,ATM+2,CALL,93.7,93.7,93.7,93.7,0,3286350,8.59,25950,25833.3
2025-10-21 15:00:00,ATM+2,PUT,172.9,172.9,172.9,172.9,0,1219875,9.13,25950,25833.3
2025-10-21 15:00:00,ATM+3,CALL,73.95,73.95,73.95,73.95,0,11308500,8.52,26000,25833.3
2025-10-21 15:00:00,ATM+3,PUT,203.05,203.05,203.05,203.05,0,3674400,9.1,26000,25833.3
2025-10-21 15:00:00,ATM+4,CALL,57.55,57.55,57.55,57.55,0,1807875,8.49,26050,25833.3
2025-10-21 15:00:00,ATM+4,PUT,235.4,235.4,235.4,235.4,0,242250,9.02,26050,25833.3
2025-10-21 15:00:00,ATM+5,CALL,43.5,43.5,43.5,43.5,0,5589675,8.41,26100,25833.3
2025-10-21 15:00:00,ATM+5,PUT,271,271,271,271,0,402825,8.97,26100,25833.3
2025-10-21 15:00:00,ATM+6,CALL,32.95,32.95,32.95,32.95,0,1745250,8.42,26150,25833.3
2025-10-21 15:00:00,ATM+6,PUT,310.95,310.95,310.95,310.95,0,75075,9.1,26150,25833.3
2025-10-21 15:00:00,ATM+7,CALL,24.75,24.75,24.75,24.75,0,6775500,8.45,26200,25833.3
2025-10-21 15:00:00,ATM+7,PUT,351.35,351.35,351.35,351.35,0,381675,9.09,26200,25833.3
2025-10-21 15:00:00,ATM+8,CALL,18.05,18.05,18.05,18.05,0,1659375,8.44,26250,25833.3
2025-10-21 15:00:00,ATM+8,PUT,396.6,396.6,396.6,396.6,0,25050,9.44,26250,25833.3
2025-10-21 15:00:00,ATM+9,CALL,13.05,13.05,13.05,13.05,0,5632350,8.45,26300,25833.3
2025-10-21 15:00:00,ATM+9,PUT,441.8,441.8,441.8,441.8,0,137925,9.67,26300,25833.3
2025-10-21 15:00:00,ATM+10,CALL,9.6,9.6,9.6,9.6,0,1801425,8.54,26350,25833.3
2025-10-21 15:00:00,ATM+10,PUT,488.1,488.1,488.1,488.1,0,8850,9.93,26350,25833.3
2025-10-21 15:01:00,ATM-10,CALL,537.3,537.3,537.3,537.3,0,154050,9.56,25350,25833.3
2025-10-21 15:01:00,ATM-10,PUT,16.05,16.05,16.05,16.05,0,980400,10.75,25350,25833.3
2025-10-21 15:01:00,ATM-9,CALL,490,490,490,490,0,1693950,9.35,25400,25833.3
2025-10-21 15:01:00,ATM-9,PUT,19.05,19.05,19.05,19.05,0,5226525,10.45,25400,25833.3
2025-10-21 15:01:00,ATM-8,CALL,444.95,444.95,444.95,444.95,0,207375,9.37,25450,25833.3
2025-10-21 15:01:00,ATM-8,PUT,23.55,23.55,23.55,23.55,0,2463825,10.26,25450,25833.3
2025-10-21 15:01:00,ATM-7,CALL,398.9,398.9,398.9,398.9,0,4002225,9.1,25500,25833.3
2025-10-21 15:01:00,ATM-7,PUT,28.6,28.6,28.6,28.6,0,9644100,10.02,25500,25833.3
2025-10-21 15:01:00,ATM-6,CALL,357.7,357.7,357.7,357.7,0,213675,9.26,25550,25833.3
2025-10-21 15:01:00,ATM-6,PUT,34.75,34.75,34.75,34.75,0,1249500,9.79,25550,25833.3
2025-10-21 15:01:00,ATM-5,CALL,314.1,314.1,314.1,314.1,0,1906425,8.95,25600,25833.3
2025-10-21 15:01:00,ATM-5,PUT,43.35,43.35,43.35,43.35,0,5914425,9.65,25600,25833.3
2025-10-21 15:01:00,ATM-4,CALL,274.15,274.15,274.15,274.15,0,384975,8.86,25650,25833.3
2025-10-21 15:01:00,ATM-4,PUT,53.55,53.55,53.55,53.55,0,1435275,9.51,25650,25833.3
2025-10-21 15:01:00,ATM-3,CALL,237.5,237.5,237.5,237.5,0,2311425,8.85,25700,25833.3
2025-10-21 15:01:00,ATM-3,PUT,65.9,65.9,65.9,65.9,0,6632100,9.37,25700,25833.3
2025-10-21 15:01:00,ATM-2,CALL,201.5,201.5,201.5,201.5,0,700425,8.69,25750,25833.3
2025-10-21 15:01:00,ATM-2,PUT,81.6,81.6,81.6,81.6,0,1258425,9.31,25750,25833.3
2025-10-21 15:01:00,ATM-1,CALL,169.5,169.5,169.5,169.5,0,4913550,8.64,25800,25833.3
2025-10-21 15:01:00,ATM-1,PUT,98.3,98.3,98.3,98.3,0,5268150,9.13,25800,25833.3
2025-10-21 15:01:00,ATM,CALL,141.7,141.7,141.7,141.7,0,2588625,8.66,25850,25833.3
2025-10-21 15:01:00,ATM,PUT,120.3,120.3,120.3,120.3,0,2353950,9.15,25850,25833.3
2025-10-21 15:01:00,ATM+1,CALL,114.7,114.7,114.7,114.7,0,7634025,8.52,25900,25833.3
2025-10-21 15:01:00,ATM+1,PUT,143.6,143.6,143.6,143.6,0,5046975,9.03,25900,25833.3
2025-10-21 15:01:00,ATM+2,CALL,93.7,93.7,93.7,93.7,0,3286350,8.59,25950,25833.3
2025-10-21 15:01:00,ATM+2,PUT,172.9,172.9,172.9,172.9,0,1219875,9.13,25950,25833.3
2025-10-21 15:01:00,ATM+3,CALL,73.95,73.95,73.95,73.95,0,11308500,8.52,26000,25833.3
2025-10-21 15:01:00,ATM+3,PUT,203.05,203.05,203.05,203.05,0,3674400,9.1,26000,25833.3
2025-10-21 15:01:00,ATM+4,CALL,57.55,57.55,57.55,57.55,0,1807875,8.49,26050,25833.3
2025-10-21 15:01:00,ATM+4,PUT,235.4,235.4,235.4,235.4,0,242250,9.02,26050,25833.3
2025-10-21 15:01:00,ATM+5,CALL,43.5,43.5,43.5,43.5,0,5589675,8.41,26100,25833.3
2025-10-21 15:01:00,ATM+5,PUT,271,271,271,271,0,402825,8.97,26100,25833.3
2025-10-21 15:01:00,ATM+6,CALL,32.95,32.95,32.95,32.95,0,1745250,8.42,26150,25833.3
2025-10-21 15:01:00,ATM+6,PUT,310.95,310.95,310.95,310.95,0,75075,9.1,26150,25833.3
2025-10-21 15:01:00,ATM+7,CALL,24.75,24.75,24.75,24.75,0,6775500,8.45,26200,25833.3
2025-10-21 15:01:00,ATM+7,PUT,351.35,351.35,351.35,351.35,0,381675,9.09,26200,25833.3
2025-10-21 15:01:00,ATM+8,CALL,18.05,18.05,18.05,18.05,0,1659375,8.44,26250,25833.3
2025-10-21 15:01:00,ATM+8,PUT,396.6,396.6,396.6,396.6,0,25050,9.44,26250,25833.3
2025-10-21 15:01:00,ATM+9,CALL,13.05,13.05,13.05,13.05,0,5632350,8.45,26300,25833.3
2025-10-21 15:01:00,ATM+9,PUT,441.8,441.8,441.8,441.8,0,137925,9.67,26300,25833.3
2025-10-21 15:01:00,ATM+10,CALL,9.6,9.6,9.6,9.6,0,1801425,8.54,26350,25833.3
2025-10-21 15:01:00,ATM+10,PUT,488.1,488.1,488.1,488.1,0,8850,9.93,26350,25833.3
2025-10-21 15:02:00,ATM-10,CALL,537.3,537.3,537.3,537.3,0,154050,9.56,25350,25833.3
2025-10-21 15:02:00,ATM-10,PUT,16.05,16.05,16.05,16.05,0,980400,10.75,25350,25833.3
2025-10-21 15:02:00,ATM-9,CALL,490,490,490,490,0,1693950,9.35,25400,25833.3
2025-10-21 15:02:00,ATM-9,PUT,19.05,19.05,19.05,19.05,0,5226525,10.45,25400,25833.3
2025-10-21 15:02:00,ATM-8,CALL,444.95,444.95,444.95,444.95,0,207375,9.37,25450,25833.3
2025-10-21 15:02:00,ATM-8,PUT,23.55,23.55,23.55,23.55,0,2463825,10.26,25450,25833.3
2025-10-21 15:02:00,ATM-7,CALL,398.9,398.9,398.9,398.9,0,4002225,9.1,25500,25833.3
2025-10-21 15:02:00,ATM-7,PUT,28.6,28.6,28.6,28.6,0,9644100,10.02,25500,25833.3
2025-10-21 15:02:00,ATM-6,CALL,357.7,357.7,357.7,357.7,0,213675,9.26,25550,25833.3
2025-10-21 15:02:00,ATM-6,PUT,34.75,34.75,34.75,34.75,0,1249500,9.79,25550,25833.3
2025-10-21 15:02:00,ATM-5,CALL,314.1,314.1,314.1,314.1,0,1906425,8.95,25600,25833.3
2025-10-21 15:02:00,ATM-5,PUT,43.35,43.35,43.35,43.35,0,5914425,9.65,25600,25833.3
2025-10-21 15:02:00,ATM-4,CALL,274.15,274.15,274.15,274.15,0,384975,8.86,25650,25833.3
2025-10-21 15:02:00,ATM-4,PUT,53.55,53.55,53.55,53.55,0,1435275,9.51,25650,25833.3
2025-10-21 15:02:00,ATM-3,CALL,237.5,237.5,237.5,237.5,0,2311425,8.85,25700,25833.3
2025-10-21 15:02:00,ATM-3,PUT,65.9,65.9,65.9,65.9,0,6632100,9.37,25700,25833.3
2025-10-21 15:02:00,ATM-2,CALL,201.5,201.5,201.5,201.5,0,700425,8.69,25750,25833.3
2025-10-21 15:02:00,ATM-2,PUT,81.6,81.6,81.6,81.6,0,1258425,9.31,25750,25833.3
2025-10-21 15:02:00,ATM-1,CALL,169.5,169.5,169.5,169.5,0,4913550,8.64,25800,25833.3
2025-10-21 15:02:00,ATM-1,PUT,98.3,98.3,98.3,98.3,0,5268150,9.13,25800,25833.3
2025-10-21 15:02:00,ATM,CALL,141.7,141.7,141.7,141.7,0,2588625,8.66,25850,25833.3
2025-10-21 15:02:00,ATM,PUT,120.3,120.3,120.3,120.3,0,2353950,9.15,25850,25833.3
2025-10-21 15:02:00,ATM+1,CALL,114.7,114.7,114.7,114.7,0,7634025,8.52,25900,25833.3
2025-10-21 15:02:00,ATM+1,PUT,143.6,143.6,143.6,143.6,0,5046975,9.03,25900,25833.3
2025-10-21 15:02:00,ATM+2,CALL,93.7,93.7,93.7,93.7,0,3286350,8.59,25950,25833.3
2025-10-21 15:02:00,ATM+2,PUT,172.9,172.9,172.9,172.9,0,1219875,9.13,25950,25833.3
2025-10-21 15:02:00,ATM+3,CALL,73.95,73.95,73.95,73.95,0,11308500,8.52,26000,25833.3
2025-10-21 15:02:00,ATM+3,PUT,203.05,203.05,203.05,203.05,0,3674400,9.1,26000,25833.3
2025-10-21 15:02:00,ATM+4,CALL,57.55,57.55,57.55,57.55,0,1807875,8.49,26050,25833.3
2025-10-21 15:02:00,ATM+4,PUT,235.4,235.4,235.4,235.4,0,242250,9.02,26050,25833.3
2025-10-21 15:02:00,ATM+5,CALL,43.5,43.5,43.5,43.5,0,5589675,8.41,26100,25833.3
2025-10-21 15:02:00,ATM+5,PUT,271,271,271,271,0,402825,8.97,26100,25833.3
2025-10-21 15:02:00,ATM+6,CALL,32.95,32.95,32.95,32.95,0,1745250,8.42,26150,25833.3
2025-10-21 15:02:00,ATM+6,PUT,310.95,310.95,310.95,310.95,0,75075,9.1,26150,25833.3
2025-10-21 15:02:00,ATM+7,CALL,24.75,24.75,24.75,24.75,0,6775500,8.45,26200,25833.3
2025-10-21 15:02:00,ATM+7,PUT,351.35,351.35,351.35,351.35,0,381675,9.09,26200,25833.3
2025-10-21 15:02:00,ATM+8,CALL,18.05,18.05,18.05,18.05,0,1659375,8.44,26250,25833.3
2025-10-21 15:02:00,ATM+8,PUT,396.6,396.6,396.6,396.6,0,25050,9.44,26250,25833.3
2025-10-21 15:02:00,ATM+9,CALL,13.05,13.05,13.05,13.05,0,5632350,8.45,26300,25833.3
2025-10-21 15:02:00,ATM+9,PUT,441.8,441.8,441.8,441.8,0,137925,9.67,26300,25833.3
2025-10-21 15:02:00,ATM+10,CALL,9.6,9.6,9.6,9.6,0,1801425,8.54,26350,25833.3
2025-10-21 15:02:00,ATM+10,PUT,488.1,488.1,488.1,488.1,0,8850,9.93,26350,25833.3
2025-10-21 15:03:00,ATM-10,CALL,537.3,537.3,537.3,537.3,0,154050,9.56,25350,25833.3
2025-10-21 15:03:00,ATM-10,PUT,16.05,16.05,16.05,16.05,0,980400,10.75,25350,25833.3
2025-10-21 15:03:00,ATM-9,CALL,490,490,490,490,0,1693950,9.35,25400,25833.3
2025-10-21 15:03:00,ATM-9,PUT,19.05,19.05,19.05,19.05,0,5226525,10.45,25400,25833.3
2025-10-21 15:03:00,ATM-8,CALL,444.95,444.95,444.95,444.95,0,207375,9.37,25450,25833.3
2025-10-21 15:03:00,ATM-8,PUT,23.55,23.55,23.55,23.55,0,2463825,10.26,25450,25833.3
2025-10-21 15:03:00,ATM-7,CALL,398.9,398.9,398.9,398.9,0,4002225,9.1,25500,25833.3
2025-10-21 15:03:00,ATM-7,PUT,28.6,28.6,28.6,28.6,0,9644100,10.02,25500,25833.3
2025-10-21 15:03:00,ATM-6,CALL,357.7,357.7,357.7,357.7,0,213675,9.26,25550,25833.3
2025-10-21 15:03:00,ATM-6,PUT,34.75,34.75,34.75,34.75,0,1249500,9.79,25550,25833.3
2025-10-21 15:03:00,ATM-5,CALL,314.1,314.1,314.1,314.1,0,1906425,8.95,25600,25833.3
2025-10-21 15:03:00,ATM-5,PUT,43.35,43.35,43.35,43.35,0,5914425,9.65,25600,25833.3
2025-10-21 15:03:00,ATM-4,CALL,274.15,274.15,274.15,274.15,0,384975,8.86,25650,25833.3
2025-10-21 15:03:00,ATM-4,PUT,53.55,53.55,53.55,53.55,0,1435275,9.51,25650,25833.3
2025-10-21 15:03:00,ATM-3,CALL,237.5,237.5,237.5,237.5,0,2311425,8.85,25700,25833.3
2025-10-21 15:03:00,ATM-3,PUT,65.9,65.9,65.9,65.9,0,6632100,9.37,25700,25833.3
2025-10-21 15:03:00,ATM-2,CALL,201.5,201.5,201.5,201.5,0,700425,8.69,25750,25833.3
2025-10-21 15:03:00,ATM-2,PUT,81.6,81.6,81.6,81.6,0,1258425,9.31,25750,25833.3
2025-10-21 15:03:00,ATM-1,CALL,169.5,169.5,169.5,169.5,0,4913550,8.64,25800,25833.3
2025-10-21 15:03:00,ATM-1,PUT,98.3,98.3,98.3,98.3,0,5268150,9.13,25800,25833.3
2025-10-21 15:03:00,ATM,CALL,141.7,141.7,141.7,141.7,0,2588625,8.66,25850,25833.3
2025-10-21 15:03:00,ATM,PUT,120.3,120.3,120.3,120.3,0,2353950,9.15,25850,25833.3
2025-10-21 15:03:00,ATM+1,CALL,114.7,114.7,114.7,114.7,0,7634025,8.52,25900,25833.3
2025-10-21 15:03:00,ATM+1,PUT,143.6,143.6,143.6,143.6,0,5046975,9.03,25900,25833.3
2025-10-21 15:03:00,ATM+2,CALL,93.7,93.7,93.7,93.7,0,3286350,8.59,25950,25833.3
2025-10-21 15:03:00,ATM+2,PUT,172.9,172.9,172.9,172.9,0,1219875,9.13,25950,25833.3
2025-10-21 15:03:00,ATM+3,CALL,73.95,73.95,73.95,73.95,0,11308500,8.52,26000,25833.3
2025-10-21 15:03:00,ATM+3,PUT,203.05,203.05,203.05,203.05,0,3674400,9.1,26000,25833.3
2025-10-21 15:03:00,ATM+4,CALL,57.55,57.55,57.55,57.55,0,1807875,8.49,26050,25833.3
2025-10-21 15:03:00,ATM+4,PUT,235.4,235.4,235.4,235.4,0,242250,9.02,26050,25833.3
2025-10-21 15:03:00,ATM+5,CALL,43.5,43.5,43.5,43.5,0,5589675,8.41,26100,25833.3
2025-10-21 15:03:00,ATM+5,PUT,271,271,271,271,0,402825,8.97,26100,25833.3
2025-10-21 15:03:00,ATM+6,CALL,32.95,32.95,32.95,32.95,0,1745250,8.42,26150,25833.3
2025-10-21 15:03:00,ATM+6,PUT,310.95,310.95,310.95,310.95,0,75075,9.1,26150,25833.3
2025-10-21 15:03:00,ATM+7,CALL,24.75,24.75,24.75,24.75,0,6775500,8.45,26200,25833.3
2025-10-21 15:03:00,ATM+7,PUT,351.35,351.35,351.35,351.35,0,381675,9.09,26200,25833.3
2025-10-21 15:03:00,ATM+8,CALL,18.05,18.05,18.05,18.05,0,1659375,8.44,26250,25833.3
2025-10-21 15:03:00,ATM+8,PUT,396.6,396.6,396.6,396.6,0,25050,9.44,26250,25833.3
2025-10-21 15:03:00,ATM+9,CALL,13.05,13.05,13.05,13.05,0,5632350,8.45,26300,25833.3
2025-10-21 15:03:00,ATM+9,PUT,441.8,441.8,441.8,441.8,0,137925,9.67,26300,25833.3
2025-10-21 15:03:00,ATM+10,CALL,9.6,9.6,9.6,9.6,0,1801425,8.54,26350,25833.3
2025-10-21 15:03:00,ATM+10,PUT,488.1,488.1,488.1,488.1,0,8850,9.93,26350,25833.3
2025-10-21 15:04:00,ATM-10,CALL,537.3,537.3,537.3,537.3,0,154050,9.56,25350,25833.3
2025-10-21 15:04:00,ATM-10,PUT,16.05,16.05,16.05,16.05,0,980400,10.75,25350,25833.3
2025-10-21 15:04:00,ATM-9,CALL,490,490,490,490,0,1693950,9.35,25400,25833.3
2025-10-21 15:04:00,ATM-9,PUT,19.05,19.05,19.05,19.05,0,5226525,10.45,25400,25833.3
2025-10-21 15:04:00,ATM-8,CALL,444.95,444.95,444.95,444.95,0,207375,9.37,25450,25833.3
2025-10-21 15:04:00,ATM-8,PUT,23.55,23.55,23.55,23.55,0,2463825,10.26,25450,25833.3
2025-10-21 15:04:00,ATM-7,CALL,398.9,398.9,398.9,398.9,0,4002225,9.1,25500,25833.3
2025-10-21 15:04:00,ATM-7,PUT,28.6,28.6,28.6,28.6,0,9644100,10.02,25500,25833.3
2025-10-21 15:04:00,ATM-6,CALL,357.7,357.7,357.7,357.7,0,213675,9.26,25550,25833.3
2025-10-21 15:04:00,ATM-6,PUT,34.75,34.75,34.75,34.75,0,1249500,9.79,25550,25833.3
2025-10-21 15:04:00,ATM-5,CALL,314.1,314.1,314.1,314.1,0,1906425,8.95,25600,25833.3
2025-10-21 15:04:00,ATM-5,PUT,43.35,43.35,43.35,43.35,0,5914425,9.65,25600,25833.3
2025-10-21 15:04:00,ATM-4,CALL,274.15,274.15,274.15,274.15,0,384975,8.86,25650,25833.3
2025-10-21 15:04:00,ATM-4,PUT,53.55,53.55,53.55,53.55,0,1435275,9.51,25650,25833.3
2025-10-21 15:04:00,ATM-3,CALL,237.5,237.5,237.5,237.5,0,2311425,8.85,25700,25833.3
2025-10-21 15:04:00,ATM-3,PUT,65.9,65.9,65.9,65.9,0,6632100,9.37,25700,25833.3
2025-10-21 15:04:00,ATM-2,CALL,201.5,201.5,201.5,201.5,0,700425,8.69,25750,25833.3
2025-10-21 15:04:00,ATM-2,PUT,81.6,81.6,81.6,81.6,0,1258425,9.31,25750,25833.3
2025-10-21 15:04:00,ATM-1,CALL,169.5,169.5,169.5,169.5,0,4913550,8.64,25800,25833.3
2025-10-21 15:04:00,ATM-1,PUT,98.3,98.3,98.3,98.3,0,5268150,9.13,25800,25833.3
2025-10-21 15:04:00,ATM,CALL,141.7,141.7,141.7,141.7,0,2588625,8.66,25850,25833.3
2025-10-21 15:04:00,ATM,PUT,120.3,120.3,120.3,120.3,0,2353950,9.15,25850,25833.3
2025-10-21 15:04:00,ATM+1,CALL,114.7,114.7,114.7,114.7,0,7634025,8.52,25900,25833.3
2025-10-21 15:04:00,ATM+1,PUT,143.6,143.6,143.6,143.6,0,5046975,9.03,25900,25833.3
2025-10-21 15:04:00,ATM+2,CALL,93.7,93.7,93.7,93.7,0,3286350,8.59,25950,25833.3
2025-10-21 15:04:00,ATM+2,PUT,172.9,172.9,172.9,172.9,0,1219875,9.13,25950,25833.3
2025-10-21 15:04:00,ATM+3,CALL,73.95,73.95,73.95,73.95,0,11308500,8.52,26000,25833.3
2025-10-21 15:04:00,ATM+3,PUT,203.05,203.05,203.05,203.05,0,3674400,9.1,26000,25833.3
2025-10-21 15:04:00,ATM+4,CALL,57.55,57.55,57.55,57.55,0,1807875,8.49,26050,25833.3
2025-10-21 15:04:00,ATM+4,PUT,235.4,235.4,235.4,235.4,0,242250,9.02,26050,25833.3
2025-10-21 15:04:00,ATM+5,CALL,43.5,43.5,43.5,43.5,0,5589675,8.41,26100,25833.3
2025-10-21 15:04:00,ATM+5,PUT,271,271,271,271,0,402825,8.97,26100,25833.3
2025-10-21 15:04:00,ATM+6,CALL,32.95,32.95,32.95,32.95,0,1745250,8.42,26150,25833.3
2025-10-21 15:04:00,ATM+6,PUT,310.95,310.95,310.95,310.95,0,75075,9.1,26150,25833.3
2025-10-21 15:04:00,ATM+7,CALL,24.75,24.75,24.75,24.75,0,6775500,8.45,26200,25833.3
2025-10-21 15:04:00,ATM+7,PUT,351.35,351.35,351.35,351.35,0,381675,9.09,26200,25833.3
2025-10-21 15:04:00,ATM+8,CALL,18.05,18.05,18.05,18.05,0,1659375,8.44,26250,25833.3
2025-10-21 15:04:00,ATM+8,PUT,396.6,396.6,396.6,396.6,0,25050,9.44,26250,25833.3
2025-10-21 15:04:00,ATM+9,CALL,13.05,13.05,13.05,13.05,0,5632350,8.45,26300,25833.3
2025-10-21 15:04:00,ATM+9,PUT,441.8,441.8,441.8,441.8,0,137925,9.67,26300,25833.3
2025-10-21 15:04:00,ATM+10,CALL,9.6,9.6,9.6,9.6,0,1801425,8.54,26350,25833.3
2025-10-21 15:04:00,ATM+10,PUT,488.1,488.1,488.1,488.1,0,8850,9.93,26350,25833.3
2025-10-21 15:05:00,ATM-10,CALL,537.3,537.3,537.3,537.3,0,154050,9.56,25350,25833.3
2025-10-21 15:05:00,ATM-10,PUT,16.05,16.05,16.05,16.05,0,980400,10.75,25350,25833.3
2025-10-21 15:05:00,ATM-9,CALL,490,490,490,490,0,1693950,9.35,25400,25833.3
2025-10-21 15:05:00,ATM-9,PUT,19.05,19.05,19.05,19.05,0,5226525,10.45,25400,25833.3
2025-10-21 15:05:00,ATM-8,CALL,444.95,444.95,444.95,444.95,0,207375,9.37,25450,25833.3
2025-10-21 15:05:00,ATM-8,PUT,23.55,23.55,23.55,23.55,0,2463825,10.26,25450,25833.3
2025-10-21 15:05:00,ATM-7,CALL,398.9,398.9,398.9,398.9,0,4002225,9.1,25500,25833.3
2025-10-21 15:05:00,ATM-7,PUT,28.6,28.6,28.6,28.6,0,9644100,10.02,25500,25833.3
2025-10-21 15:05:00,ATM-6,CALL,357.7,357.7,357.7,357.7,0,213675,9.26,25550,25833.3
2025-10-21 15:05:00,ATM-6,PUT,34.75,34.75,34.75,34.75,0,1249500,9.79,25550,25833.3
2025-10-21 15:05:00,ATM-5,CALL,314.1,314.1,314.1,314.1,0,1906425,8.95,25600,25833.3
2025-10-21 15:05:00,ATM-5,PUT,43.35,43.35,43.35,43.35,0,5914425,9.65,25600,25833.3
2025-10-21 15:05:00,ATM-4,CALL,274.15,274.15,274.15,274.15,0,384975,8.86,25650,25833.3
2025-10-21 15:05:00,ATM-4,PUT,53.55,53.55,53.55,53.55,0,1435275,9.51,25650,25833.3
2025-10-21 15:05:00,ATM-3,CALL,237.5,237.5,237.5,237.5,0,2311425,8.85,25700,25833.3
2025-10-21 15:05:00,ATM-3,PUT,65.9,65.9,65.9,65.9,0,6632100,9.37,25700,25833.3
2025-10-21 15:05:00,ATM-2,CALL,201.5,201.5,201.5,201.5,0,700425,8.69,25750,25833.3
2025-10-21 15:05:00,ATM-2,PUT,81.6,81.6,81.6,81.6,0,1258425,9.31,25750,25833.3
2025-10-21 15:05:00,ATM-1,CALL,169.5,169.5,169.5,169.5,0,4913550,8.64,25800,25833.3
2025-10-21 15:05:00,ATM-1,PUT,98.3,98.3,98.3,98.3,0,5268150,9.13,25800,25833.3
2025-10-21 15:05:00,ATM,CALL,141.7,141.7,141.7,141.7,0,2588625,8.66,25850,25833.3
2025-10-21 15:05:00,ATM,PUT,120.3,120.3,120.3,120.3,0,2353950,9.15,25850,25833.3
2025-10-21 15:05:00,ATM+1,CALL,114.7,114.7,114.7,114.7,0,7634025,8.52,25900,25833.3
2025-10-21 15:05:00,ATM+1,PUT,143.6,143.6,143.6,143.6,0,5046975,9.03,25900,25833.3
2025-10-21 15:05:00,ATM+2,CALL,93.7,93.7,93.7,93.7,0,3286350,8.59,25950,25833.3
2025-10-21 15:05:00,ATM+2,PUT,172.9,172.9,172.9,172.9,0,1219875,9.13,25950,25833.3
2025-10-21 15:05:00,ATM+3,CALL,73.95,73.95,73.95,73.95,0,11308500,8.52,26000,25833.3
2025-10-21 15:05:00,ATM+3,PUT,203.05,203.05,203.05,203.05,0,3674400,9.1,26000,25833.3
2025-10-21 15:05:00,ATM+4,CALL,57.55,57.55,57.55,57.55,0,1807875,8.49,26050,25833.3
2025-10-21 15:05:00,ATM+4,PUT,235.4,235.4,235.4,235.4,0,242250,9.02,26050,25833.3
2025-10-21 15:05:00,ATM+5,CALL,43.5,43.5,43.5,43.5,0,5589675,8.41,26100,25833.3
2025-10-21 15:05:00,ATM+5,PUT,271,271,271,271,0,402825,8.97,26100,25833.3
2025-10-21 15:05:00,ATM+6,CALL,32.95,32.95,32.95,32.95,0,1745250,8.42,26150,25833.3
2025-10-21 15:05:00,ATM+6,PUT,310.95,310.95,310.95,310.95,0,75075,9.1,26150,25833.3
2025-10-21 15:05:00,ATM+7,CALL,24.75,24.75,24.75,24.75,0,6775500,8.45,26200,25833.3
2025-10-21 15:05:00,ATM+7,PUT,351.35,351.35,351.35,351.35,0,381675,9.09,26200,25833.3
2025-10-21 15:05:00,ATM+8,CALL,18.05,18.05,18.05,18.05,0,1659375,8.44,26250,25833.3
2025-10-21 15:05:00,ATM+8,PUT,396.6,396.6,396.6,396.6,0,25050,9.44,26250,25833.3
2025-10-21 15:05:00,ATM+9,CALL,13.05,13.05,13.05,13.05,0,5632350,8.45,26300,25833.3
2025-10-21 15:05:00,ATM+9,PUT,441.8,441.8,441.8,441.8,0,137925,9.67,26300,25833.3
2025-10-21 15:05:00,ATM+10,CALL,9.6,9.6,9.6,9.6,0,1801425,8.54,26350,25833.3
2025-10-21 15:05:00,ATM+10,PUT,488.1,488.1,488.1,488.1,0,8850,9.93,26350,25833.3
2025-10-21 15:06:00,ATM-10,CALL,537.3,537.3,537.3,537.3,0,154050,9.56,25350,25833.3
2025-10-21 15:06:00,ATM-10,PUT,16.05,16.05,16.05,16.05,0,980400,10.75,25350,25833.3
2025-10-21 15:06:00,ATM-9,CALL,490,490,490,490,0,1693950,9.35,25400,25833.3
2025-10-21 15:06:00,ATM-9,PUT,19.05,19.05,19.05,19.05,0,5226525,10.45,25400,25833.3
2025-10-21 15:06:00,ATM-8,CALL,444.95,444.95,444.95,444.95,0,207375,9.37,25450,25833.3
2025-10-21 15:06:00,ATM-8,PUT,23.55,23.55,23.55,23.55,0,2463825,10.26,25450,25833.3
2025-10-21 15:06:00,ATM-7,CALL,398.9,398.9,398.9,398.9,0,4002225,9.1,25500,25833.3
2025-10-21 15:06:00,ATM-7,PUT,28.6,28.6,28.6,28.6,0,9644100,10.02,25500,25833.3
2025-10-21 15:06:00,ATM-6,CALL,357.7,357.7,357.7,357.7,0,213675,9.26,25550,25833.3
2025-10-21 15:06:00,ATM-6,PUT,34.75,34.75,34.75,34.75,0,1249500,9.79,25550,25833.3
2025-10-21 15:06:00,ATM-5,CALL,314.1,314.1,314.1,314.1,0,1906425,8.95,25600,25833.3
2025-10-21 15:06:00,ATM-5,PUT,43.35,43.35,43.35,43.35,0,5914425,9.65,25600,25833.3
2025-10-21 15:06:00,ATM-4,CALL,274.15,274.15,274.15,274.15,0,384975,8.86,25650,25833.3
2025-10-21 15:06:00,ATM-4,PUT,53.55,53.55,53.55,53.55,0,1435275,9.51,25650,25833.3
2025-10-21 15:06:00,ATM-3,CALL,237.5,237.5,237.5,237.5,0,2311425,8.85,25700,25833.3
2025-10-21 15:06:00,ATM-3,PUT,65.9,65.9,65.9,65.9,0,6632100,9.37,25700,25833.3
2025-10-21 15:06:00,ATM-2,CALL,201.5,201.5,201.5,201.5,0,700425,8.69,25750,25833.3
2025-10-21 15:06:00,ATM-2,PUT,81.6,81.6,81.6,81.6,0,1258425,9.31,25750,25833.3
2025-10-21 15:06:00,ATM-1,CALL,169.5,169.5,169.5,169.5,0,4913550,8.64,25800,25833.3
2025-10-21 15:06:00,ATM-1,PUT,98.3,98.3,98.3,98.3,0,5268150,9.13,25800,25833.3
2025-10-21 15:06:00,ATM,CALL,141.7,141.7,141.7,141.7,0,2588625,8.66,25850,25833.3
2025-10-21 15:06:00,ATM,PUT,120.3,120.3,120.3,120.3,0,2353950,9.15,25850,25833.3
2025-10-21 15:06:00,ATM+1,CALL,114.7,114.7,114.7,114.7,0,7634025,8.52,25900,25833.3
2025-10-21 15:06:00,ATM+1,PUT,143.6,143.6,143.6,143.6,0,5046975,9.03,25900,25833.3
2025-10-21 15:06:00,ATM+2,CALL,93.7,93.7,93.7,93.7,0,3286350,8.59,25950,25833.3
2025-10-21 15:06:00,ATM+2,PUT,172.9,172.9,172.9,172.9,0,1219875,9.13,25950,25833.3
2025-10-21 15:06:00,ATM+3,CALL,73.95,73.95,73.95,73.95,0,11308500,8.52,26000,25833.3
2025-10-21 15:06:00,ATM+3,PUT,203.05,203.05,203.05,203.05,0,3674400,9.1,26000,25833.3
2025-10-21 15:06:00,ATM+4,CALL,57.55,57.55,57.55,57.55,0,1807875,8.49,26050,25833.3
2025-10-21 15:06:00,ATM+4,PUT,235.4,235.4,235.4,235.4,0,242250,9.02,26050,25833.3
2025-10-21 15:06:00,ATM+5,CALL,43.5,43.5,43.5,43.5,0,5589675,8.41,26100,25833.3
2025-10-21 15:06:00,ATM+5,PUT,271,271,271,271,0,402825,8.97,26100,25833.3
2025-10-21 15:06:00,ATM+6,CALL,32.95,32.95,32.95,32.95,0,1745250,8.42,26150,25833.3
2025-10-21 15:06:00,ATM+6,PUT,310.95,310.95,310.95,310.95,0,75075,9.1,26150,25833.3
2025-10-21 15:06:00,ATM+7,CALL,24.75,24.75,24.75,24.75,0,6775500,8.45,26200,25833.3
2025-10-21 15:06:00,ATM+7,PUT,351.35,351.35,351.35,351.35,0,381675,9.09,26200,25833.3
2025-10-21 15:06:00,ATM+8,CALL,18.05,18.05,18.05,18.05,0,1659375,8.44,26250,25833.3
2025-10-21 15:06:00,ATM+8,PUT,396.6,396.6,396.6,396.6,0,25050,9.44,26250,25833.3
2025-10-21 15:06:00,ATM+9,CALL,13.05,13.05,13.05,13.05,0,5632350,8.45,26300,25833.3
2025-10-21 15:06:00,ATM+9,PUT,441.8,441.8,441.8,441.8,0,137925,9.67,26300,25833.3
2025-10-21 15:06:00,ATM+10,CALL,9.6,9.6,9.6,9.6,0,1801425,8.54,26350,25833.3
2025-10-21 15:06:00,ATM+10,PUT,488.1,488.1,488.1,488.1,0,8850,9.93,26350,25833.3
2025-10-21 15:07:00,ATM-10,CALL,537.3,537.3,537.3,537.3,0,154050,9.56,25350,25833.3
2025-10-21 15:07:00,ATM-10,PUT,16.05,16.05,16.05,16.05,0,980400,10.75,25350,25833.3
2025-10-21 15:07:00,ATM-9,CALL,490,490,490,490,0,1693950,9.35,25400,25833.3
2025-10-21 15:07:00,ATM-9,PUT,19.05,19.05,19.05,19.05,0,5226525,10.45,25400,25833.3
2025-10-21 15:07:00,ATM-8,CALL,444.95,444.95,444.95,444.95,0,207375,9.37,25450,25833.3
2025-10-21 15:07:00,ATM-8,PUT,23.55,23.55,23.55,23.55,0,2463825,10.26,25450,25833.3
2025-10-21 15:07:00,ATM-7,CALL,398.9,398.9,398.9,398.9,0,4002225,9.1,25500,25833.3
2025-10-21 15:07:00,ATM-7,PUT,28.6,28.6,28.6,28.6,0,9644100,10.02,25500,25833.3
2025-10-21 15:07:00,ATM-6,CALL,357.7,357.7,357.7,357.7,0,213675,9.26,25550,25833.3
2025-10-21 15:07:00,ATM-6,PUT,34.75,34.75,34.75,34.75,0,1249500,9.79,25550,25833.3
2025-10-21 15:07:00,ATM-5,CALL,314.1,314.1,314.1,314.1,0,1906425,8.95,25600,25833.3
2025-10-21 15:07:00,ATM-5,PUT,43.35,43.35,43.35,43.35,0,5914425,9.65,25600,25833.3
2025-10-21 15:07:00,ATM-4,CALL,274.15,274.15,274.15,274.15,0,384975,8.86,25650,25833.3
2025-10-21 15:07:00,ATM-4,PUT,53.55,53.55,53.55,53.55,0,1435275,9.51,25650,25833.3
2025-10-21 15:07:00,ATM-3,CALL,237.5,237.5,237.5,237.5,0,2311425,8.85,25700,25833.3
2025-10-21 15:07:00,ATM-3,PUT,65.9,65.9,65.9,65.9,0,6632100,9.37,25700,25833.3
2025-10-21 15:07:00,ATM-2,CALL,201.5,201.5,201.5,201.5,0,700425,8.69,25750,25833.3
2025-10-21 15:07:00,ATM-2,PUT,81.6,81.6,81.6,81.6,0,1258425,9.31,25750,25833.3
2025-10-21 15:07:00,ATM-1,CALL,169.5,169.5,169.5,169.5,0,4913550,8.64,25800,25833.3
2025-10-21 15:07:00,ATM-1,PUT,98.3,98.3,98.3,98.3,0,5268150,9.13,25800,25833.3
2025-10-21 15:07:00,ATM,CALL,141.7,141.7,141.7,141.7,0,2588625,8.66,25850,25833.3
2025-10-21 15:07:00,ATM,PUT,120.3,120.3,120.3,120.3,0,2353950,9.15,25850,25833.3
2025-10-21 15:07:00,ATM+1,CALL,114.7,114.7,114.7,114.7,0,7634025,8.52,25900,25833.3
2025-10-21 15:07:00,ATM+1,PUT,143.6,143.6,143.6,143.6,0,5046975,9.03,25900,25833.3
2025-10-21 15:07:00,ATM+2,CALL,93.7,93.7,93.7,93.7,0,3286350,8.59,25950,25833.3
2025-10-21 15:07:00,ATM+2,PUT,172.9,172.9,172.9,172.9,0,1219875,9.13,25950,25833.3
2025-10-21 15:07:00,ATM+3,CALL,73.95,73.95,73.95,73.95,0,11308500,8.52,26000,25833.3
2025-10-21 15:07:00,ATM+3,PUT,203.05,203.05,203.05,203.05,0,3674400,9.1,26000,25833.3
2025-10-21 15:07:00,ATM+4,CALL,57.55,57.55,57.55,57.55,0,1807875,8.49,26050,25833.3
2025-10-21 15:07:00,ATM+4,PUT,235.4,235.4,235.4,235.4,0,242250,9.02,26050,25833.3
2025-10-21 15:07:00,ATM+5,CALL,43.5,43.5,43.5,43.5,0,5589675,8.41,26100,25833.3
2025-10-21 15:07:00,ATM+5,PUT,271,271,271,271,0,402825,8.97,26100,25833.3
2025-10-21 15:07:00,ATM+6,CALL,32.95,32.95,32.95,32.95,0,1745250,8.42,26150,25833.3
2025-10-21 15:07:00,ATM+6,PUT,310.95,310.95,310.95,310.95,0,75075,9.1,26150,25833.3
2025-10-21 15:07:00,ATM+7,CALL,24.75,24.75,24.75,24.75,0,6775500,8.45,26200,25833.3
2025-10-21 15:07:00,ATM+7,PUT,351.35,351.35,351.35,351.35,0,381675,9.09,26200,25833.3
2025-10-21 15:07:00,ATM+8,CALL,18.05,18.05,18.05,18.05,0,1659375,8.44,26250,25833.3
2025-10-21 15:07:00,ATM+8,PUT,396.6,396.6,396.6,396.6,0,25050,9.44,26250,25833.3
2025-10-21 15:07:00,ATM+9,CALL,13.05,13.05,13.05,13.05,0,5632350,8.45,26300,25833.3
2025-10-21 15:07:00,ATM+9,PUT,441.8,441.8,441.8,441.8,0,137925,9.67,26300,25833.3
2025-10-21 15:07:00,ATM+10,CALL,9.6,9.6,9.6,9.6,0,1801425,8.54,26350,25833.3
2025-10-21 15:07:00,ATM+10,PUT,488.1,488.1,488.1,488.1,0,8850,9.93,26350,25833.3
2025-10-21 15:08:00,ATM-10,CALL,537.3,537.3,537.3,537.3,0,154050,9.56,25350,25833.3
2025-10-21 15:08:00,ATM-10,PUT,16.05,16.05,16.05,16.05,0,980400,10.75,25350,25833.3
2025-10-21 15:08:00,ATM-9,CALL,490,490,490,490,0,1693950,9.35,25400,25833.3
2025-10-21 15:08:00,ATM-9,PUT,19.05,19.05,19.05,19.05,0,5226525,10.45,25400,25833.3
2025-10-21 15:08:00,ATM-8,CALL,444.95,444.95,444.95,444.95,0,207375,9.37,25450,25833.3
2025-10-21 15:08:00,ATM-8,PUT,23.55,23.55,23.55,23.55,0,2463825,10.26,25450,25833.3
2025-10-21 15:08:00,ATM-7,CALL,398.9,398.9,398.9,398.9,0,4002225,9.1,25500,25833.3
2025-10-21 15:08:00,ATM-7,PUT,28.6,28.6,28.6,28.6,0,9644100,10.02,25500,25833.3
2025-10-21 15:08:00,ATM-6,CALL,357.7,357.7,357.7,357.7,0,213675,9.26,25550,25833.3
2025-10-21 15:08:00,ATM-6,PUT,34.75,34.75,34.75,34.75,0,1249500,9.79,25550,25833.3
2025-10-21 15:08:00,ATM-5,CALL,314.1,314.1,314.1,314.1,0,1906425,8.95,25600,25833.3
2025-10-21 15:08:00,ATM-5,PUT,43.35,43.35,43.35,43.35,0,5914425,9.65,25600,25833.3
2025-10-21 15:08:00,ATM-4,CALL,274.15,274.15,274.15,274.15,0,384975,8.86,25650,25833.3
2025-10-21 15:08:00,ATM-4,PUT,53.55,53.55,53.55,53.55,0,1435275,9.51,25650,25833.3
2025-10-21 15:08:00,ATM-3,CALL,237.5,237.5,237.5,237.5,0,2311425,8.85,25700,25833.3
2025-10-21 15:08:00,ATM-3,PUT,65.9,65.9,65.9,65.9,0,6632100,9.37,25700,25833.3
2025-10-21 15:08:00,ATM-2,CALL,201.5,201.5,201.5,201.5,0,700425,8.69,25750,25833.3
2025-10-21 15:08:00,ATM-2,PUT,81.6,81.6,81.6,81.6,0,1258425,9.31,25750,25833.3
2025-10-21 15:08:00,ATM-1,CALL,169.5,169.5,169.5,169.5,0,4913550,8.64,25800,25833.3
2025-10-21 15:08:00,ATM-1,PUT,98.3,98.3,98.3,98.3,0,5268150,9.13,25800,25833.3
2025-10-21 15:08:00,ATM,CALL,141.7,141.7,141.7,141.7,0,2588625,8.66,25850,25833.3
2025-10-21 15:08:00,ATM,PUT,120.3,120.3,120.3,120.3,0,2353950,9.15,25850,25833.3
2025-10-21 15:08:00,ATM+1,CALL,114.7,114.7,114.7,114.7,0,7634025,8.52,25900,25833.3
2025-10-21 15:08:00,ATM+1,PUT,143.6,143.6,143.6,143.6,0,5046975,9.03,25900,25833.3
2025-10-21 15:08:00,ATM+2,CALL,93.7,93.7,93.7,93.7,0,3286350,8.59,25950,25833.3
2025-10-21 15:08:00,ATM+2,PUT,172.9,172.9,172.9,172.9,0,1219875,9.13,25950,25833.3
2025-10-21 15:08:00,ATM+3,CALL,73.95,73.95,73.95,73.95,0,11308500,8.52,26000,25833.3
2025-10-21 15:08:00,ATM+3,PUT,203.05,203.05,203.05,203.05,0,3674400,9.1,26000,25833.3
2025-10-21 15:08:00,ATM+4,CALL,57.55,57.55,57.55,57.55,0,1807875,8.49,26050,25833.3
2025-10-21 15:08:00,ATM+4,PUT,235.4,235.4,235.4,235.4,0,242250,9.02,26050,25833.3
2025-10-21 15:08:00,ATM+5,CALL,43.5,43.5,43.5,43.5,0,5589675,8.41,26100,25833.3
2025-10-21 15:08:00,ATM+5,PUT,271,271,271,271,0,402825,8.97,26100,25833.3
2025-10-21 15:08:00,ATM+6,CALL,32.95,32.95,32.95,32.95,0,1745250,8.42,26150,25833.3
2025-10-21 15:08:00,ATM+6,PUT,310.95,310.95,310.95,310.95,0,75075,9.1,26150,25833.3
2025-10-21 15:08:00,ATM+7,CALL,24.75,24.75,24.75,24.75,0,6775500,8.45,26200,25833.3
2025-10-21 15:08:00,ATM+7,PUT,351.35,351.35,351.35,351.35,0,381675,9.09,26200,25833.3
2025-10-21 15:08:00,ATM+8,CALL,18.05,18.05,18.05,18.05,0,1659375,8.44,26250,25833.3
2025-10-21 15:08:00,ATM+8,PUT,396.6,396.6,396.6,396.6,0,25050,9.44,26250,25833.3
2025-10-21 15:08:00,ATM+9,CALL,13.05,13.05,13.05,13.05,0,5632350,8.45,26300,25833.3
2025-10-21 15:08:00,ATM+9,PUT,441.8,441.8,441.8,441.8,0,137925,9.67,26300,25833.3
2025-10-21 15:08:00,ATM+10,CALL,9.6,9.6,9.6,9.6,0,1801425,8.54,26350,25833.3
2025-10-21 15:08:00,ATM+10,PUT,488.1,488.1,488.1,488.1,0,8850,9.93,26350,25833.3
2025-10-21 15:09:00,ATM-10,CALL,537.3,537.3,537.3,537.3,0,154050,9.56,25350,25833.3
2025-10-21 15:09:00,ATM-10,PUT,16.05,16.05,16.05,16.05,0,980400,10.75,25350,25833.3
2025-10-21 15:09:00,ATM-9,CALL,490,490,490,490,0,1693950,9.35,25400,25833.3
2025-10-21 15:09:00,ATM-9,PUT,19.05,19.05,19.05,19.05,0,5226525,10.45,25400,25833.3
2025-10-21 15:09:00,ATM-8,CALL,444.95,444.95,444.95,444.95,0,207375,9.37,25450,25833.3
2025-10-21 15:09:00,ATM-8,PUT,23.55,23.55,23.55,23.55,0,2463825,10.26,25450,25833.3
2025-10-21 15:09:00,ATM-7,CALL,398.9,398.9,398.9,398.9,0,4002225,9.1,25500,25833.3
2025-10-21 15:09:00,ATM-7,PUT,28.6,28.6,28.6,28.6,0,9644100,10.02,25500,25833.3
2025-10-21 15:09:00,ATM-6,CALL,357.7,357.7,357.7,357.7,0,213675,9.26,25550,25833.3
2025-10-21 15:09:00,ATM-6,PUT,34.75,34.75,34.75,34.75,0,1249500,9.79,25550,25833.3
2025-10-21 15:09:00,ATM-5,CALL,314.1,314.1,314.1,314.1,0,1906425,8.95,25600,25833.3
2025-10-21 15:09:00,ATM-5,PUT,43.35,43.35,43.35,43.35,0,5914425,9.65,25600,25833.3
2025-10-21 15:09:00,ATM-4,CALL,274.15,274.15,274.15,274.15,0,384975,8.86,25650,25833.3
2025-10-21 15:09:00,ATM-4,PUT,53.55,53.55,53.55,53.55,0,1435275,9.51,25650,25833.3
2025-10-21 15:09:00,ATM-3,CALL,237.5,237.5,237.5,237.5,0,2311425,8.85,25700,25833.3
2025-10-21 15:09:00,ATM-3,PUT,65.9,65.9,65.9,65.9,0,6632100,9.37,25700,25833.3
2025-10-21 15:09:00,ATM-2,CALL,201.5,201.5,201.5,201.5,0,700425,8.69,25750,25833.3
2025-10-21 15:09:00,ATM-2,PUT,81.6,81.6,81.6,81.6,0,1258425,9.31,25750,25833.3
2025-10-21 15:09:00,ATM-1,CALL,169.5,169.5,169.5,169.5,0,4913550,8.64,25800,25833.3
2025-10-21 15:09:00,ATM-1,PUT,98.3,98.3,98.3,98.3,0,5268150,9.13,25800,25833.3
2025-10-21 15:09:00,ATM,CALL,141.7,141.7,141.7,141.7,0,2588625,8.66,25850,25833.3
2025-10-21 15:09:00,ATM,PUT,120.3,120.3,120.3,120.3,0,2353950,9.15,25850,25833.3
2025-10-21 15:09:00,ATM+1,CALL,114.7,114.7,114.7,114.7,0,7634025,8.52,25900,25833.3
2025-10-21 15:09:00,ATM+1,PUT,143.6,143.6,143.6,143.6,0,5046975,9.03,25900,25833.3
2025-10-21 15:09:00,ATM+2,CALL,93.7,93.7,93.7,93.7,0,3286350,8.59,25950,25833.3
2025-10-21 15:09:00,ATM+2,PUT,172.9,172.9,172.9,172.9,0,1219875,9.13,25950,25833.3
2025-10-21 15:09:00,ATM+3,CALL,73.95,73.95,73.95,73.95,0,11308500,8.52,26000,25833.3
2025-10-21 15:09:00,ATM+3,PUT,203.05,203.05,203.05,203.05,0,3674400,9.1,26000,25833.3
2025-10-21 15:09:00,ATM+4,CALL,57.55,57.55,57.55,57.55,0,1807875,8.49,26050,25833.3
2025-10-21 15:09:00,ATM+4,PUT,235.4,235.4,235.4,235.4,0,242250,9.02,26050,25833.3
2025-10-21 15:09:00,ATM+5,CALL,43.5,43.5,43.5,43.5,0,5589675,8.41,26100,25833.3
2025-10-21 15:09:00,ATM+5,PUT,271,271,271,271,0,402825,8.97,26100,25833.3
2025-10-21 15:09:00,ATM+6,CALL,32.95,32.95,32.95,32.95,0,1745250,8.42,26150,25833.3
2025-10-21 15:09:00,ATM+6,PUT,310.95,310.95,310.95,310.95,0,75075,9.1,26150,25833.3
2025-10-21 15:09:00,ATM+7,CALL,24.75,24.75,24.75,24.75,0,6775500,8.45,26200,25833.3
2025-10-21 15:09:00,ATM+7,PUT,351.35,351.35,351.35,351.35,0,381675,9.09,26200,25833.3
2025-10-21 15:09:00,ATM+8,CALL,18.05,18.05,18.05,18.05,0,1659375,8.44,26250,25833.3
2025-10-21 15:09:00,ATM+8,PUT,396.6,396.6,396.6,396.6,0,25050,9.44,26250,25833.3
2025-10-21 15:09:00,ATM+9,CALL,13.05,13.05,13.05,13.05,0,5632350,8.45,26300,25833.3
2025-10-21 15:09:00,ATM+9,PUT,441.8,441.8,441.8,441.8,0,137925,9.67,26300,25833.3
2025-10-21 15:09:00,ATM+10,CALL,9.6,9.6,9.6,9.6,0,1801425,8.54,26350,25833.3
2025-10-21 15:09:00,ATM+10,PUT,488.1,488.1,488.1,488.1,0,8850,9.93,26350,25833.3
2025-10-21 15:10:00,ATM-10,CALL,537.3,537.3,537.3,537.3,0,154050,9.56,25350,25833.3
2025-10-21 15:10:00,ATM-10,PUT,16.05,16.05,16.05,16.05,0,980400,10.75,25350,25833.3
2025-10-21 15:10:00,ATM-9,CALL,490,490,490,490,0,1693950,9.35,25400,25833.3
2025-10-21 15:10:00,ATM-9,PUT,19.05,19.05,19.05,19.05,0,5226525,10.45,25400,25833.3
2025-10-21 15:10:00,ATM-8,CALL,444.95,444.95,444.95,444.95,0,207375,9.37,25450,25833.3
2025-10-21 15:10:00,ATM-8,PUT,23.55,23.55,23.55,23.55,0,2463825,10.26,25450,25833.3
2025-10-21 15:10:00,ATM-7,CALL,398.9,398.9,398.9,398.9,0,4002225,9.1,25500,25833.3
2025-10-21 15:10:00,ATM-7,PUT,28.6,28.6,28.6,28.6,0,9644100,10.02,25500,25833.3
2025-10-21 15:10:00,ATM-6,CALL,357.7,357.7,357.7,357.7,0,213675,9.26,25550,25833.3
2025-10-21 15:10:00,ATM-6,PUT,34.75,34.75,34.75,34.75,0,1249500,9.79,25550,25833.3
2025-10-21 15:10:00,ATM-5,CALL,314.1,314.1,314.1,314.1,0,1906425,8.95,25600,25833.3
2025-10-21 15:10:00,ATM-5,PUT,43.35,43.35,43.35,43.35,0,5914425,9.65,25600,25833.3
2025-10-21 15:10:00,ATM-4,CALL,274.15,274.15,274.15,274.15,0,384975,8.86,25650,25833.3
2025-10-21 15:10:00,ATM-4,PUT,53.55,53.55,53.55,53.55,0,1435275,9.51,25650,25833.3
2025-10-21 15:10:00,ATM-3,CALL,237.5,237.5,237.5,237.5,0,2311425,8.85,25700,25833.3
2025-10-21 15:10:00,ATM-3,PUT,65.9,65.9,65.9,65.9,0,6632100,9.37,25700,25833.3
2025-10-21 15:10:00,ATM-2,CALL,201.5,201.5,201.5,201.5,0,700425,8.69,25750,25833.3
2025-10-21 15:10:00,ATM-2,PUT,81.6,81.6,81.6,81.6,0,1258425,9.31,25750,25833.3
2025-10-21 15:10:00,ATM-1,CALL,169.5,169.5,169.5,169.5,0,4913550,8.64,25800,25833.3
2025-10-21 15:10:00,ATM-1,PUT,98.3,98.3,98.3,98.3,0,5268150,9.13,25800,25833.3
2025-10-21 15:10:00,ATM,CALL,141.7,141.7,141.7,141.7,0,2588625,8.66,25850,25833.3
2025-10-21 15:10:00,ATM,PUT,120.3,120.3,120.3,120.3,0,2353950,9.15,25850,25833.3
2025-10-21 15:10:00,ATM+1,CALL,114.7,114.7,114.7,114.7,0,7634025,8.52,25900,25833.3
2025-10-21 15:10:00,ATM+1,PUT,143.6,143.6,143.6,143.6,0,5046975,9.03,25900,25833.3
2025-10-21 15:10:00,ATM+2,CALL,93.7,93.7,93.7,93.7,0,3286350,8.59,25950,25833.3
2025-10-21 15:10:00,ATM+2,PUT,172.9,172.9,172.9,172.9,0,1219875,9.13,25950,25833.3
2025-10-21 15:10:00,ATM+3,CALL,73.95,73.95,73.95,73.95,0,11308500,8.52,26000,25833.3
2025-10-21 15:10:00,ATM+3,PUT,203.05,203.05,203.05,203.05,0,3674400,9.1,26000,25833.3
2025-10-21 15:10:00,ATM+4,CALL,57.55,57.55,57.55,57.55,0,1807875,8.49,26050,25833.3
2025-10-21 15:10:00,ATM+4,PUT,235.4,235.4,235.4,235.4,0,242250,9.02,26050,25833.3
2025-10-21 15:10:00,ATM+5,CALL,43.5,43.5,43.5,43.5,0,5589675,8.41,26100,25833.3
2025-10-21 15:10:00,ATM+5,PUT,271,271,271,271,0,402825,8.97,26100,25833.3
2025-10-21 15:10:00,ATM+6,CALL,32.95,32.95,32.95,32.95,0,1745250,8.42,26150,25833.3
2025-10-21 15:10:00,ATM+6,PUT,310.95,310.95,310.95,310.95,0,75075,9.1,26150,25833.3
2025-10-21 15:10:00,ATM+7,CALL,24.75,24.75,24.75,24.75,0,6775500,8.45,26200,25833.3
2025-10-21 15:10:00,ATM+7,PUT,351.35,351.35,351.35,351.35,0,381675,9.09,26200,25833.3
2025-10-21 15:10:00,ATM+8,CALL,18.05,18.05,18.05,18.05,0,1659375,8.44,26250,25833.3
2025-10-21 15:10:00,ATM+8,PUT,396.6,396.6,396.6,396.6,0,25050,9.44,26250,25833.3
2025-10-21 15:10:00,ATM+9,CALL,13.05,13.05,13.05,13.05,0,5632350,8.45,26300,25833.3
2025-10-21 15:10:00,ATM+9,PUT,441.8,441.8,441.8,441.8,0,137925,9.67,26300,25833.3
2025-10-21 15:10:00,ATM+10,CALL,9.6,9.6,9.6,9.6,0,1801425,8.54,26350,25833.3
2025-10-21 15:10:00,ATM+10,PUT,488.1,488.1,488.1,488.1,0,8850,9.93,26350,25833.3
2025-10-21 15:11:00,ATM-10,CALL,537.3,537.3,537.3,537.3,0,154050,9.56,25350,25833.3
2025-10-21 15:11:00,ATM-10,PUT,16.05,16.05,16.05,16.05,0,980400,10.75,25350,25833.3
2025-10-21 15:11:00,ATM-9,CALL,490,490,490,490,0,1693950,9.35,25400,25833.3
2025-10-21 15:11:00,ATM-9,PUT,19.05,19.05,19.05,19.05,0,5226525,10.45,25400,25833.3
2025-10-21 15:11:00,ATM-8,CALL,444.95,444.95,444.95,444.95,0,207375,9.37,25450,25833.3
2025-10-21 15:11:00,ATM-8,PUT,23.55,23.55,23.55,23.55,0,2463825,10.26,25450,25833.3
2025-10-21 15:11:00,ATM-7,CALL,398.9,398.9,398.9,398.9,0,4002225,9.1,25500,25833.3
2025-10-21 15:11:00,ATM-7,PUT,28.6,28.6,28.6,28.6,0,9644100,10.02,25500,25833.3
2025-10-21 15:11:00,ATM-6,CALL,357.7,357.7,357.7,357.7,0,213675,9.26,25550,25833.3
2025-10-21 15:11:00,ATM-6,PUT,34.75,34.75,34.75,34.75,0,1249500,9.79,25550,25833.3
2025-10-21 15:11:00,ATM-5,CALL,314.1,314.1,314.1,314.1,0,1906425,8.95,25600,25833.3
2025-10-21 15:11:00,ATM-5,PUT,43.35,43.35,43.35,43.35,0,5914425,9.65,25600,25833.3
2025-10-21 15:11:00,ATM-4,CALL,274.15,274.15,274.15,274.15,0,384975,8.86,25650,25833.3
2025-10-21 15:11:00,ATM-4,PUT,53.55,53.55,53.55,53.55,0,1435275,9.51,25650,25833.3
2025-10-21 15:11:00,ATM-3,CALL,237.5,237.5,237.5,237.5,0,2311425,8.85,25700,25833.3
2025-10-21 15:11:00,ATM-3,PUT,65.9,65.9,65.9,65.9,0,6632100,9.37,25700,25833.3
2025-10-21 15:11:00,ATM-2,CALL,201.5,201.5,201.5,201.5,0,700425,8.69,25750,25833.3
2025-10-21 15:11:00,ATM-2,PUT,81.6,81.6,81.6,81.6,0,1258425,9.31,25750,25833.3
2025-10-21 15:11:00,ATM-1,CALL,169.5,169.5,169.5,169.5,0,4913550,8.64,25800,25833.3
2025-10-21 15:11:00,ATM-1,PUT,98.3,98.3,98.3,98.3,0,5268150,9.13,25800,25833.3
2025-10-21 15:11:00,ATM,CALL,141.7,141.7,141.7,141.7,0,2588625,8.66,25850,25833.3
2025-10-21 15:11:00,ATM,PUT,120.3,120.3,120.3,120.3,0,2353950,9.15,25850,25833.3
2025-10-21 15:11:00,ATM+1,CALL,114.7,114.7,114.7,114.7,0,7634025,8.52,25900,25833.3
2025-10-21 15:11:00,ATM+1,PUT,143.6,143.6,143.6,143.6,0,5046975,9.03,25900,25833.3
2025-10-21 15:11:00,ATM+2,CALL,93.7,93.7,93.7,93.7,0,3286350,8.59,25950,25833.3
2025-10-21 15:11:00,ATM+2,PUT,172.9,172.9,172.9,172.9,0,1219875,9.13,25950,25833.3
2025-10-21 15:11:00,ATM+3,CALL,73.95,73.95,73.95,73.95,0,11308500,8.52,26000,25833.3
2025-10-21 15:11:00,ATM+3,PUT,203.05,203.05,203.05,203.05,0,3674400,9.1,26000,25833.3
2025-10-21 15:11:00,ATM+4,CALL,57.55,57.55,57.55,57.55,0,1807875,8.49,26050,25833.3
2025-10-21 15:11:00,ATM+4,PUT,235.4,235.4,235.4,235.4,0,242250,9.02,26050,25833.3
2025-10-21 15:11:00,ATM+5,CALL,43.5,43.5,43.5,43.5,0,5589675,8.41,26100,25833.3
2025-10-21 15:11:00,ATM+5,PUT,271,271,271,271,0,402825,8.97,26100,25833.3
2025-10-21 15:11:00,ATM+6,CALL,32.95,32.95,32.95,32.95,0,1745250,8.42,26150,25833.3
2025-10-21 15:11:00,ATM+6,PUT,310.95,310.95,310.95,310.95,0,75075,9.1,26150,25833.3
2025-10-21 15:11:00,ATM+7,CALL,24.75,24.75,24.75,24.75,0,6775500,8.45,26200,25833.3
2025-10-21 15:11:00,ATM+7,PUT,351.35,351.35,351.35,351.35,0,381675,9.09,26200,25833.3
2025-10-21 15:11:00,ATM+8,CALL,18.05,18.05,18.05,18.05,0,1659375,8.44,26250,25833.3
2025-10-21 15:11:00,ATM+8,PUT,396.6,396.6,396.6,396.6,0,25050,9.44,26250,25833.3
2025-10-21 15:11:00,ATM+9,CALL,13.05,13.05,13.05,13.05,0,5632350,8.45,26300,25833.3
2025-10-21 15:11:00,ATM+9,PUT,441.8,441.8,441.8,441.8,0,137925,9.67,26300,25833.3
2025-10-21 15:11:00,ATM+10,CALL,9.6,9.6,9.6,9.6,0,1801425,8.54,26350,25833.3
2025-10-21 15:11:00,ATM+10,PUT,488.1,488.1,488.1,488.1,0,8850,9.93,26350,25833.3
2025-10-21 15:12:00,ATM-10,CALL,537.3,537.3,537.3,537.3,0,154050,9.56,25350,25833.3
2025-10-21 15:12:00,ATM-10,PUT,16.05,16.05,16.05,16.05,0,980400,10.75,25350,25833.3
2025-10-21 15:12:00,ATM-9,CALL,490,490,490,490,0,1693950,9.35,25400,25833.3
2025-10-21 15:12:00,ATM-9,PUT,19.05,19.05,19.05,19.05,0,5226525,10.45,25400,25833.3
2025-10-21 15:12:00,ATM-8,CALL,444.95,444.95,444.95,444.95,0,207375,9.37,25450,25833.3
2025-10-21 15:12:00,ATM-8,PUT,23.55,23.55,23.55,23.55,0,2463825,10.26,25450,25833.3
2025-10-21 15:12:00,ATM-7,CALL,398.9,398.9,398.9,398.9,0,4002225,9.1,25500,25833.3
2025-10-21 15:12:00,ATM-7,PUT,28.6,28.6,28.6,28.6,0,9644100,10.02,25500,25833.3
2025-10-21 15:12:00,ATM-6,CALL,357.7,357.7,357.7,357.7,0,213675,9.26,25550,25833.3
2025-10-21 15:12:00,ATM-6,PUT,34.75,34.75,34.75,34.75,0,1249500,9.79,25550,25833.3
2025-10-21 15:12:00,ATM-5,CALL,314.1,314.1,314.1,314.1,0,1906425,8.95,25600,25833.3
2025-10-21 15:12:00,ATM-5,PUT,43.35,43.35,43.35,43.35,0,5914425,9.65,25600,25833.3
2025-10-21 15:12:00,ATM-4,CALL,274.15,274.15,274.15,274.15,0,384975,8.86,25650,25833.3
2025-10-21 15:12:00,ATM-4,PUT,53.55,53.55,53.55,53.55,0,1435275,9.51,25650,25833.3
2025-10-21 15:12:00,ATM-3,CALL,237.5,237.5,237.5,237.5,0,2311425,8.85,25700,25833.3
2025-10-21 15:12:00,ATM-3,PUT,65.9,65.9,65.9,65.9,0,6632100,9.37,25700,25833.3
2025-10-21 15:12:00,ATM-2,CALL,201.5,201.5,201.5,201.5,0,700425,8.69,25750,25833.3
2025-10-21 15:12:00,ATM-2,PUT,81.6,81.6,81.6,81.6,0,1258425,9.31,25750,25833.3
2025-10-21 15:12:00,ATM-1,CALL,169.5,169.5,169.5,169.5,0,4913550,8.64,25800,25833.3
2025-10-21 15:12:00,ATM-1,PUT,98.3,98.3,98.3,98.3,0,5268150,9.13,25800,25833.3
2025-10-21 15:12:00,ATM,CALL,141.7,141.7,141.7,141.7,0,2588625,8.66,25850,25833.3
2025-10-21 15:12:00,ATM,PUT,120.3,120.3,120.3,120.3,0,2353950,9.15,25850,25833.3
2025-10-21 15:12:00,ATM+1,CALL,114.7,114.7,114.7,114.7,0,7634025,8.52,25900,25833.3
2025-10-21 15:12:00,ATM+1,PUT,143.6,143.6,143.6,143.6,0,5046975,9.03,25900,25833.3
2025-10-21 15:12:00,ATM+2,CALL,93.7,93.7,93.7,93.7,0,3286350,8.59,25950,25833.3
2025-10-21 15:12:00,ATM+2,PUT,172.9,172.9,172.9,172.9,0,1219875,9.13,25950,25833.3
2025-10-21 15:12:00,ATM+3,CALL,73.95,73.95,73.95,73.95,0,11308500,8.52,26000,25833.3
2025-10-21 15:12:00,ATM+3,PUT,203.05,203.05,203.05,203.05,0,3674400,9.1,26000,25833.3
2025-10-21 15:12:00,ATM+4,CALL,57.55,57.55,57.55,57.55,0,1807875,8.49,26050,25833.3
2025-10-21 15:12:00,ATM+4,PUT,235.4,235.4,235.4,235.4,0,242250,9.02,26050,25833.3
2025-10-21 15:12:00,ATM+5,CALL,43.5,43.5,43.5,43.5,0,5589675,8.41,26100,25833.3
2025-10-21 15:12:00,ATM+5,PUT,271,271,271,271,0,402825,8.97,26100,25833.3
2025-10-21 15:12:00,ATM+6,CALL,32.95,32.95,32.95,32.95,0,1745250,8.42,26150,25833.3
2025-10-21 15:12:00,ATM+6,PUT,310.95,310.95,310.95,310.95,0,75075,9.1,26150,25833.3
2025-10-21 15:12:00,ATM+7,CALL,24.75,24.75,24.75,24.75,0,6775500,8.45,26200,25833.3
2025-10-21 15:12:00,ATM+7,PUT,351.35,351.35,351.35,351.35,0,381675,9.09,26200,25833.3
2025-10-21 15:12:00,ATM+8,CALL,18.05,18.05,18.05,18.05,0,1659375,8.44,26250,25833.3
2025-10-21 15:12:00,ATM+8,PUT,396.6,396.6,396.6,396.6,0,25050,9.44,26250,25833.3
2025-10-21 15:12:00,ATM+9,CALL,13.05,13.05,13.05,13.05,0,5632350,8.45,26300,25833.3
2025-10-21 15:12:00,ATM+9,PUT,441.8,441.8,441.8,441.8,0,137925,9.67,26300,25833.3
2025-10-21 15:12:00,ATM+10,CALL,9.6,9.6,9.6,9.6,0,1801425,8.54,26350,25833.3
2025-10-21 15:12:00,ATM+10,PUT,488.1,488.1,488.1,488.1,0,8850,9.93,26350,25833.3
2025-10-21 15:13:00,ATM-10,CALL,537.3,537.3,537.3,537.3,0,154050,9.56,25350,25833.3
2025-10-21 15:13:00,ATM-10,PUT,16.05,16.05,16.05,16.05,0,980400,10.75,25350,25833.3
2025-10-21 15:13:00,ATM-9,CALL,490,490,490,490,0,1693950,9.35,25400,25833.3
2025-10-21 15:13:00,ATM-9,PUT,19.05,19.05,19.05,19.05,0,5226525,10.45,25400,25833.3
2025-10-21 15:13:00,ATM-8,CALL,444.95,444.95,444.95,444.95,0,207375,9.37,25450,25833.3
2025-10-21 15:13:00,ATM-8,PUT,23.55,23.55,23.55,23.55,0,2463825,10.26,25450,25833.3
2025-10-21 15:13:00,ATM-7,CALL,398.9,398.9,398.9,398.9,0,4002225,9.1,25500,25833.3
2025-10-21 15:13:00,ATM-7,PUT,28.6,28.6,28.6,28.6,0,9644100,10.02,25500,25833.3
2025-10-21 15:13:00,ATM-6,CALL,357.7,357.7,357.7,357.7,0,213675,9.26,25550,25833.3
2025-10-21 15:13:00,ATM-6,PUT,34.75,34.75,34.75,34.75,0,1249500,9.79,25550,25833.3
2025-10-21 15:13:00,ATM-5,CALL,314.1,314.1,314.1,314.1,0,1906425,8.95,25600,25833.3
2025-10-21 15:13:00,ATM-5,PUT,43.35,43.35,43.35,43.35,0,5914425,9.65,25600,25833.3
2025-10-21 15:13:00,ATM-4,CALL,274.15,274.15,274.15,274.15,0,384975,8.86,25650,25833.3
2025-10-21 15:13:00,ATM-4,PUT,53.55,53.55,53.55,53.55,0,1435275,9.51,25650,25833.3
2025-10-21 15:13:00,ATM-3,CALL,237.5,237.5,237.5,237.5,0,2311425,8.85,25700,25833.3
2025-10-21 15:13:00,ATM-3,PUT,65.9,65.9,65.9,65.9,0,6632100,9.37,25700,25833.3
2025-10-21 15:13:00,ATM-2,CALL,201.5,201.5,201.5,201.5,0,700425,8.69,25750,25833.3
2025-10-21 15:13:00,ATM-2,PUT,81.6,81.6,81.6,81.6,0,1258425,9.31,25750,25833.3
2025-10-21 15:13:00,ATM-1,CALL,169.5,169.5,169.5,169.5,0,4913550,8.64,25800,25833.3
2025-10-21 15:13:00,ATM-1,PUT,98.3,98.3,98.3,98.3,0,5268150,9.13,25800,25833.3
2025-10-21 15:13:00,ATM,CALL,141.7,141.7,141.7,141.7,0,2588625,8.66,25850,25833.3
2025-10-21 15:13:00,ATM,PUT,120.3,120.3,120.3,120.3,0,2353950,9.15,25850,25833.3
2025-10-21 15:13:00,ATM+1,CALL,114.7,114.7,114.7,114.7,0,7634025,8.52,25900,25833.3
2025-10-21 15:13:00,ATM+1,PUT,143.6,143.6,143.6,143.6,0,5046975,9.03,25900,25833.3
2025-10-21 15:13:00,ATM+2,CALL,93.7,93.7,93.7,93.7,0,3286350,8.59,25950,25833.3
2025-10-21 15:13:00,ATM+2,PUT,172.9,172.9,172.9,172.9,0,1219875,9.13,25950,25833.3
2025-10-21 15:13:00,ATM+3,CALL,73.95,73.95,73.95,73.95,0,11308500,8.52,26000,25833.3
2025-10-21 15:13:00,ATM+3,PUT,203.05,203.05,203.05,203.05,0,3674400,9.1,26000,25833.3
2025-10-21 15:13:00,ATM+4,CALL,57.55,57.55,57.55,57.55,0,1807875,8.49,26050,25833.3
2025-10-21 15:13:00,ATM+4,PUT,235.4,235.4,235.4,235.4,0,242250,9.02,26050,25833.3
2025-10-21 15:13:00,ATM+5,CALL,43.5,43.5,43.5,43.5,0,5589675,8.41,26100,25833.3
2025-10-21 15:13:00,ATM+5,PUT,271,271,271,271,0,402825,8.97,26100,25833.3
2025-10-21 15:13:00,ATM+6,CALL,32.95,32.95,32.95,32.95,0,1745250,8.42,26150,25833.3
2025-10-21 15:13:00,ATM+6,PUT,310.95,310.95,310.95,310.95,0,75075,9.1,26150,25833.3
2025-10-21 15:13:00,ATM+7,CALL,24.75,24.75,24.75,24.75,0,6775500,8.45,26200,25833.3
2025-10-21 15:13:00,ATM+7,PUT,351.35,351.35,351.35,351.35,0,381675,9.09,26200,25833.3
2025-10-21 15:13:00,ATM+8,CALL,18.05,18.05,18.05,18.05,0,1659375,8.44,26250,25833.3
2025-10-21 15:13:00,ATM+8,PUT,396.6,396.6,396.6,396.6,0,25050,9.44,26250,25833.3
2025-10-21 15:13:00,ATM+9,CALL,13.05,13.05,13.05,13.05,0,5632350,8.45,26300,25833.3
2025-10-21 15:13:00,ATM+9,PUT,441.8,441.8,441.8,441.8,0,137925,9.67,26300,25833.3
2025-10-21 15:13:00,ATM+10,CALL,9.6,9.6,9.6,9.6,0,1801425,8.54,26350,25833.3
2025-10-21 15:13:00,ATM+10,PUT,488.1,488.1,488.1,488.1,0,8850,9.93,26350,25833.3
2025-10-21 15:14:00,ATM-10,CALL,537.3,537.3,537.3,537.3,0,154050,9.56,25350,25833.3
2025-10-21 15:14:00,ATM-10,PUT,16.05,16.05,16.05,16.05,0,980400,10.75,25350,25833.3
2025-10-21 15:14:00,ATM-9,CALL,490,490,490,490,0,1693950,9.35,25400,25833.3
2025-10-21 15:14:00,ATM-9,PUT,19.05,19.05,19.05,19.05,0,5226525,10.45,25400,25833.3
2025-10-21 15:14:00,ATM-8,CALL,444.95,444.95,444.95,444.95,0,207375,9.37,25450,25833.3
2025-10-21 15:14:00,ATM-8,PUT,23.55,23.55,23.55,23.55,0,2463825,10.26,25450,25833.3
2025-10-21 15:14:00,ATM-7,CALL,398.9,398.9,398.9,398.9,0,4002225,9.1,25500,25833.3
2025-10-21 15:14:00,ATM-7,PUT,28.6,28.6,28.6,28.6,0,9644100,10.02,25500,25833.3
2025-10-21 15:14:00,ATM-6,CALL,357.7,357.7,357.7,357.7,0,213675,9.26,25550,25833.3
2025-10-21 15:14:00,ATM-6,PUT,34.75,34.75,34.75,34.75,0,1249500,9.79,25550,25833.3
2025-10-21 15:14:00,ATM-5,CALL,314.1,314.1,314.1,314.1,0,1906425,8.95,25600,25833.3
2025-10-21 15:14:00,ATM-5,PUT,43.35,43.35,43.35,43.35,0,5914425,9.65,25600,25833.3
2025-10-21 15:14:00,ATM-4,CALL,274.15,274.15,274.15,274.15,0,384975,8.86,25650,25833.3
2025-10-21 15:14:00,ATM-4,PUT,53.55,53.55,53.55,53.55,0,1435275,9.51,25650,25833.3
2025-10-21 15:14:00,ATM-3,CALL,237.5,237.5,237.5,237.5,0,2311425,8.85,25700,25833.3
2025-10-21 15:14:00,ATM-3,PUT,65.9,65.9,65.9,65.9,0,6632100,9.37,25700,25833.3
2025-10-21 15:14:00,ATM-2,CALL,201.5,201.5,201.5,201.5,0,700425,8.69,25750,25833.3
2025-10-21 15:14:00,ATM-2,PUT,81.6,81.6,81.6,81.6,0,1258425,9.31,25750,25833.3
2025-10-21 15:14:00,ATM-1,CALL,169.5,169.5,169.5,169.5,0,4913550,8.64,25800,25833.3
2025-10-21 15:14:00,ATM-1,PUT,98.3,98.3,98.3,98.3,0,5268150,9.13,25800,25833.3
2025-10-21 15:14:00,ATM,CALL,141.7,141.7,141.7,141.7,0,2588625,8.66,25850,25833.3
2025-10-21 15:14:00,ATM,PUT,120.3,120.3,120.3,120.3,0,2353950,9.15,25850,25833.3
2025-10-21 15:14:00,ATM+1,CALL,114.7,114.7,114.7,114.7,0,7634025,8.52,25900,25833.3
2025-10-21 15:14:00,ATM+1,PUT,143.6,143.6,143.6,143.6,0,5046975,9.03,25900,25833.3
2025-10-21 15:14:00,ATM+2,CALL,93.7,93.7,93.7,93.7,0,3286350,8.59,25950,25833.3
2025-10-21 15:14:00,ATM+2,PUT,172.9,172.9,172.9,172.9,0,1219875,9.13,25950,25833.3
2025-10-21 15:14:00,ATM+3,CALL,73.95,73.95,73.95,73.95,0,11308500,8.52,26000,25833.3
2025-10-21 15:14:00,ATM+3,PUT,203.05,203.05,203.05,203.05,0,3674400,9.1,26000,25833.3
2025-10-21 15:14:00,ATM+4,CALL,57.55,57.55,57.55,57.55,0,1807875,8.49,26050,25833.3
2025-10-21 15:14:00,ATM+4,PUT,235.4,235.4,235.4,235.4,0,242250,9.02,26050,25833.3
2025-10-21 15:14:00,ATM+5,CALL,43.5,43.5,43.5,43.5,0,5589675,8.41,26100,25833.3
2025-10-21 15:14:00,ATM+5,PUT,271,271,271,271,0,402825,8.97,26100,25833.3
2025-10-21 15:14:00,ATM+6,CALL,32.95,32.95,32.95,32.95,0,1745250,8.42,26150,25833.3
2025-10-21 15:14:00,ATM+6,PUT,310.95,310.95,310.95,310.95,0,75075,9.1,26150,25833.3
2025-10-21 15:14:00,ATM+7,CALL,24.75,24.75,24.75,24.75,0,6775500,8.45,26200,25833.3
2025-10-21 15:14:00,ATM+7,PUT,351.35,351.35,351.35,351.35,0,381675,9.09,26200,25833.3
2025-10-21 15:14:00,ATM+8,CALL,18.05,18.05,18.05,18.05,0,1659375,8.44,26250,25833.3
2025-10-21 15:14:00,ATM+8,PUT,396.6,396.6,396.6,396.6,0,25050,9.44,26250,25833.3
2025-10-21 15:14:00,ATM+9,CALL,13.05,13.05,13.05,13.05,0,5632350,8.45,26300,25833.3
2025-10-21 15:14:00,ATM+9,PUT,441.8,441.8,441.8,441.8,0,137925,9.67,26300,25833.3
2025-10-21 15:14:00,ATM+10,CALL,9.6,9.6,9.6,9.6,0,1801425,8.54,26350,25833.3
2025-10-21 15:14:00,ATM+10,PUT,488.1,488.1,488.1,488.1,0,8850,9.93,26350,25833.3
2025-10-21 15:15:00,ATM-10,CALL,537.3,537.3,537.3,537.3,0,154050,9.56,25350,25833.3
2025-10-21 15:15:00,ATM-10,PUT,16.05,16.05,16.05,16.05,0,980400,10.75,25350,25833.3
2025-10-21 15:15:00,ATM-9,CALL,490,490,490,490,0,1693950,9.35,25400,25833.3
2025-10-21 15:15:00,ATM-9,PUT,19.05,19.05,19.05,19.05,0,5226525,10.45,25400,25833.3
2025-10-21 15:15:00,ATM-8,CALL,444.95,444.95,444.95,444.95,0,207375,9.37,25450,25833.3
2025-10-21 15:15:00,ATM-8,PUT,23.55,23.55,23.55,23.55,0,2463825,10.26,25450,25833.3
2025-10-21 15:15:00,ATM-7,CALL,398.9,398.9,398.9,398.9,0,4002225,9.1,25500,25833.3
2025-10-21 15:15:00,ATM-7,PUT,28.6,28.6,28.6,28.6,0,9644100,10.02,25500,25833.3
2025-10-21 15:15:00,ATM-6,CALL,357.7,357.7,357.7,357.7,0,213675,9.26,25550,25833.3
2025-10-21 15:15:00,ATM-6,PUT,34.75,34.75,34.75,34.75,0,1249500,9.79,25550,25833.3
2025-10-21 15:15:00,ATM-5,CALL,314.1,314.1,314.1,314.1,0,1906425,8.95,25600,25833.3
2025-10-21 15:15:00,ATM-5,PUT,43.35,43.35,43.35,43.35,0,5914425,9.65,25600,25833.3
2025-10-21 15:15:00,ATM-4,CALL,274.15,274.15,274.15,274.15,0,384975,8.86,25650,25833.3
2025-10-21 15:15:00,ATM-4,PUT,53.55,53.55,53.55,53.55,0,1435275,9.51,25650,25833.3
2025-10-21 15:15:00,ATM-3,CALL,237.5,237.5,237.5,237.5,0,2311425,8.85,25700,25833.3
2025-10-21 15:15:00,ATM-3,PUT,65.9,65.9,65.9,65.9,0,6632100,9.37,25700,25833.3
2025-10-21 15:15:00,ATM-2,CALL,201.5,201.5,201.5,201.5,0,700425,8.69,25750,25833.3
2025-10-21 15:15:00,ATM-2,PUT,81.6,81.6,81.6,81.6,0,1258425,9.31,25750,25833.3
2025-10-21 15:15:00,ATM-1,CALL,169.5,169.5,169.5,169.5,0,4913550,8.64,25800,25833.3
2025-10-21 15:15:00,ATM-1,PUT,98.3,98.3,98.3,98.3,0,5268150,9.13,25800,25833.3
2025-10-21 15:15:00,ATM,CALL,141.7,141.7,141.7,141.7,0,2588625,8.66,25850,25833.3
2025-10-21 15:15:00,ATM,PUT,120.3,120.3,120.3,120.3,0,2353950,9.15,25850,25833.3
2025-10-21 15:15:00,ATM+1,CALL,114.7,114.7,114.7,114.7,0,7634025,8.52,25900,25833.3
2025-10-21 15:15:00,ATM+1,PUT,143.6,143.6,143.6,143.6,0,5046975,9.03,25900,25833.3
2025-10-21 15:15:00,ATM+2,CALL,93.7,93.7,93.7,93.7,0,3286350,8.59,25950,25833.3
2025-10-21 15:15:00,ATM+2,PUT,172.9,172.9,172.9,172.9,0,1219875,9.13,25950,25833.3
2025-10-21 15:15:00,ATM+3,CALL,73.95,73.95,73.95,73.95,0,11308500,8.52,26000,25833.3
2025-10-21 15:15:00,ATM+3,PUT,203.05,203.05,203.05,203.05,0,3674400,9.1,26000,25833.3
2025-10-21 15:15:00,ATM+4,CALL,57.55,57.55,57.55,57.55,0,1807875,8.49,26050,25833.3
2025-10-21 15:15:00,ATM+4,PUT,235.4,235.4,235.4,235.4,0,242250,9.02,26050,25833.3
2025-10-21 15:15:00,ATM+5,CALL,43.5,43.5,43.5,43.5,0,5589675,8.41,26100,25833.3
2025-10-21 15:15:00,ATM+5,PUT,271,271,271,271,0,402825,8.97,26100,25833.3
2025-10-21 15:15:00,ATM+6,CALL,32.95,32.95,32.95,32.95,0,1745250,8.42,26150,25833.3
2025-10-21 15:15:00,ATM+6,PUT,310.95,310.95,310.95,310.95,0,75075,9.1,26150,25833.3
2025-10-21 15:15:00,ATM+7,CALL,24.75,24.75,24.75,24.75,0,6775500,8.45,26200,25833.3
2025-10-21 15:15:00,ATM+7,PUT,351.35,351.35,351.35,351.35,0,381675,9.09,26200,25833.3
2025-10-21 15:15:00,ATM+8,CALL,18.05,18.05,18.05,18.05,0,1659375,8.44,26250,25833.3
2025-10-21 15:15:00,ATM+8,PUT,396.6,396.6,396.6,396.6,0,25050,9.44,26250,25833.3
2025-10-21 15:15:00,ATM+9,CALL,13.05,13.05,13.05,13.05,0,5632350,8.45,26300,25833.3
2025-10-21 15:15:00,ATM+9,PUT,441.8,441.8,441.8,441.8,0,137925,9.67,26300,25833.3
2025-10-21 15:15:00,ATM+10,CALL,9.6,9.6,9.6,9.6,0,1801425,8.54,26350,25833.3
2025-10-21 15:15:00,ATM+10,PUT,488.1,488.1,488.1,488.1,0,8850,9.93,26350,25833.3
2025-10-21 15:16:00,ATM-10,CALL,537.3,537.3,537.3,537.3,0,154050,9.56,25350,25833.3
2025-10-21 15:16:00,ATM-10,PUT,16.05,16.05,16.05,16.05,0,980400,10.75,25350,25833.3
2025-10-21 15:16:00,ATM-9,CALL,490,490,490,490,0,1693950,9.35,25400,25833.3
2025-10-21 15:16:00,ATM-9,PUT,19.05,19.05,19.05,19.05,0,5226525,10.45,25400,25833.3
2025-10-21 15:16:00,ATM-8,CALL,444.95,444.95,444.95,444.95,0,207375,9.37,25450,25833.3
2025-10-21 15:16:00,ATM-8,PUT,23.55,23.55,23.55,23.55,0,2463825,10.26,25450,25833.3
2025-10-21 15:16:00,ATM-7,CALL,398.9,398.9,398.9,398.9,0,4002225,9.1,25500,25833.3
2025-10-21 15:16:00,ATM-7,PUT,28.6,28.6,28.6,28.6,0,9644100,10.02,25500,25833.3
2025-10-21 15:16:00,ATM-6,CALL,357.7,357.7,357.7,357.7,0,213675,9.26,25550,25833.3
2025-10-21 15:16:00,ATM-6,PUT,34.75,34.75,34.75,34.75,0,1249500,9.79,25550,25833.3
2025-10-21 15:16:00,ATM-5,CALL,314.1,314.1,314.1,314.1,0,1906425,8.95,25600,25833.3
2025-10-21 15:16:00,ATM-5,PUT,43.35,43.35,43.35,43.35,0,5914425,9.65,25600,25833.3
2025-10-21 15:16:00,ATM-4,CALL,274.15,274.15,274.15,274.15,0,384975,8.86,25650,25833.3
2025-10-21 15:16:00,ATM-4,PUT,53.55,53.55,53.55,53.55,0,1435275,9.51,25650,25833.3
2025-10-21 15:16:00,ATM-3,CALL,237.5,237.5,237.5,237.5,0,2311425,8.85,25700,25833.3
2025-10-21 15:16:00,ATM-3,PUT,65.9,65.9,65.9,65.9,0,6632100,9.37,25700,25833.3
2025-10-21 15:16:00,ATM-2,CALL,201.5,201.5,201.5,201.5,0,700425,8.69,25750,25833.3
2025-10-21 15:16:00,ATM-2,PUT,81.6,81.6,81.6,81.6,0,1258425,9.31,25750,25833.3
2025-10-21 15:16:00,ATM-1,CALL,169.5,169.5,169.5,169.5,0,4913550,8.64,25800,25833.3
2025-10-21 15:16:00,ATM-1,PUT,98.3,98.3,98.3,98.3,0,5268150,9.13,25800,25833.3
2025-10-21 15:16:00,ATM,CALL,141.7,141.7,141.7,141.7,0,2588625,8.66,25850,25833.3
2025-10-21 15:16:00,ATM,PUT,120.3,120.3,120.3,120.3,0,2353950,9.15,25850,25833.3
2025-10-21 15:16:00,ATM+1,CALL,114.7,114.7,114.7,114.7,0,7634025,8.52,25900,25833.3
2025-10-21 15:16:00,ATM+1,PUT,143.6,143.6,143.6,143.6,0,5046975,9.03,25900,25833.3
2025-10-21 15:16:00,ATM+2,CALL,93.7,93.7,93.7,93.7,0,3286350,8.59,25950,25833.3
2025-10-21 15:16:00,ATM+2,PUT,172.9,172.9,172.9,172.9,0,1219875,9.13,25950,25833.3
2025-10-21 15:16:00,ATM+3,CALL,73.95,73.95,73.95,73.95,0,11308500,8.52,26000,25833.3
2025-10-21 15:16:00,ATM+3,PUT,203.05,203.05,203.05,203.05,0,3674400,9.1,26000,25833.3
2025-10-21 15:16:00,ATM+4,CALL,57.55,57.55,57.55,57.55,0,1807875,8.49,26050,25833.3
2025-10-21 15:16:00,ATM+4,PUT,235.4,235.4,235.4,235.4,0,242250,9.02,26050,25833.3
2025-10-21 15:16:00,ATM+5,CALL,43.5,43.5,43.5,43.5,0,5589675,8.41,26100,25833.3
2025-10-21 15:16:00,ATM+5,PUT,271,271,271,271,0,402825,8.97,26100,25833.3
2025-10-21 15:16:00,ATM+6,CALL,32.95,32.95,32.95,32.95,0,1745250,8.42,26150,25833.3
2025-10-21 15:16:00,ATM+6,PUT,310.95,310.95,310.95,310.95,0,75075,9.1,26150,25833.3
2025-10-21 15:16:00,ATM+7,CALL,24.75,24.75,24.75,24.75,0,6775500,8.45,26200,25833.3
2025-10-21 15:16:00,ATM+7,PUT,351.35,351.35,351.35,351.35,0,381675,9.09,26200,25833.3
2025-10-21 15:16:00,ATM+8,CALL,18.05,18.05,18.05,18.05,0,1659375,8.44,26250,25833.3
2025-10-21 15:16:00,ATM+8,PUT,396.6,396.6,396.6,396.6,0,25050,9.44,26250,25833.3
2025-10-21 15:16:00,ATM+9,CALL,13.05,13.05,13.05,13.05,0,5632350,8.45,26300,25833.3
2025-10-21 15:16:00,ATM+9,PUT,441.8,441.8,441.8,441.8,0,137925,9.67,26300,25833.3
2025-10-21 15:16:00,ATM+10,CALL,9.6,9.6,9.6,9.6,0,1801425,8.54,26350,25833.3
2025-10-21 15:16:00,ATM+10,PUT,488.1,488.1,488.1,488.1,0,8850,9.93,26350,25833.3
2025-10-21 15:17:00,ATM-10,CALL,537.3,537.3,537.3,537.3,0,154050,9.56,25350,25833.3
2025-10-21 15:17:00,ATM-10,PUT,16.05,16.05,16.05,16.05,0,980400,10.75,25350,25833.3
2025-10-21 15:17:00,ATM-9,CALL,490,490,490,490,0,1693950,9.35,25400,25833.3
2025-10-21 15:17:00,ATM-9,PUT,19.05,19.05,19.05,19.05,0,5226525,10.45,25400,25833.3
2025-10-21 15:17:00,ATM-8,CALL,444.95,444.95,444.95,444.95,0,207375,9.37,25450,25833.3
2025-10-21 15:17:00,ATM-8,PUT,23.55,23.55,23.55,23.55,0,2463825,10.26,25450,25833.3
2025-10-21 15:17:00,ATM-7,CALL,398.9,398.9,398.9,398.9,0,4002225,9.1,25500,25833.3
2025-10-21 15:17:00,ATM-7,PUT,28.6,28.6,28.6,28.6,0,9644100,10.02,25500,25833.3
2025-10-21 15:17:00,ATM-6,CALL,357.7,357.7,357.7,357.7,0,213675,9.26,25550,25833.3
2025-10-21 15:17:00,ATM-6,PUT,34.75,34.75,34.75,34.75,0,1249500,9.79,25550,25833.3
2025-10-21 15:17:00,ATM-5,CALL,314.1,314.1,314.1,314.1,0,1906425,8.95,25600,25833.3
2025-10-21 15:17:00,ATM-5,PUT,43.35,43.35,43.35,43.35,0,5914425,9.65,25600,25833.3
2025-10-21 15:17:00,ATM-4,CALL,274.15,274.15,274.15,274.15,0,384975,8.86,25650,25833.3
2025-10-21 15:17:00,ATM-4,PUT,53.55,53.55,53.55,53.55,0,1435275,9.51,25650,25833.3
2025-10-21 15:17:00,ATM-3,CALL,237.5,237.5,237.5,237.5,0,2311425,8.85,25700,25833.3
2025-10-21 15:17:00,ATM-3,PUT,65.9,65.9,65.9,65.9,0,6632100,9.37,25700,25833.3
2025-10-21 15:17:00,ATM-2,CALL,201.5,201.5,201.5,201.5,0,700425,8.69,25750,25833.3
2025-10-21 15:17:00,ATM-2,PUT,81.6,81.6,81.6,81.6,0,1258425,9.31,25750,25833.3
2025-10-21 15:17:00,ATM-1,CALL,169.5,169.5,169.5,169.5,0,4913550,8.64,25800,25833.3
2025-10-21 15:17:00,ATM-1,PUT,98.3,98.3,98.3,98.3,0,5268150,9.13,25800,25833.3
2025-10-21 15:17:00,ATM,CALL,141.7,141.7,141.7,141.7,0,2588625,8.66,25850,25833.3
2025-10-21 15:17:00,ATM,PUT,120.3,120.3,120.3,120.3,0,2353950,9.15,25850,25833.3
2025-10-21 15:17:00,ATM+1,CALL,114.7,114.7,114.7,114.7,0,7634025,8.52,25900,25833.3
2025-10-21 15:17:00,ATM+1,PUT,143.6,143.6,143.6,143.6,0,5046975,9.03,25900,25833.3
2025-10-21 15:17:00,ATM+2,CALL,93.7,93.7,93.7,93.7,0,3286350,8.59,25950,25833.3
2025-10-21 15:17:00,ATM+2,PUT,172.9,172.9,172.9,172.9,0,1219875,9.13,25950,25833.3
2025-10-21 15:17:00,ATM+3,CALL,73.95,73.95,73.95,73.95,0,11308500,8.52,26000,25833.3
2025-10-21 15:17:00,ATM+3,PUT,203.05,203.05,203.05,203.05,0,3674400,9.1,26000,25833.3
2025-10-21 15:17:00,ATM+4,CALL,57.55,57.55,57.55,57.55,0,1807875,8.49,26050,25833.3
2025-10-21 15:17:00,ATM+4,PUT,235.4,235.4,235.4,235.4,0,242250,9.02,26050,25833.3
2025-10-21 15:17:00,ATM+5,CALL,43.5,43.5,43.5,43.5,0,5589675,8.41,26100,25833.3
2025-10-21 15:17:00,ATM+5,PUT,271,271,271,271,0,402825,8.97,26100,25833.3
2025-10-21 15:17:00,ATM+6,CALL,32.95,32.95,32.95,32.95,0,1745250,8.42,26150,25833.3
2025-10-21 15:17:00,ATM+6,PUT,310.95,310.95,310.95,310.95,0,75075,9.1,26150,25833.3
2025-10-21 15:17:00,ATM+7,CALL,24.75,24.75,24.75,24.75,0,6775500,8.45,26200,25833.3
2025-10-21 15:17:00,ATM+7,PUT,351.35,351.35,351.35,351.35,0,381675,9.09,26200,25833.3
2025-10-21 15:17:00,ATM+8,CALL,18.05,18.05,18.05,18.05,0,1659375,8.44,26250,25833.3
2025-10-21 15:17:00,ATM+8,PUT,396.6,396.6,396.6,396.6,0,25050,9.44,26250,25833.3
2025-10-21 15:17:00,ATM+9,CALL,13.05,13.05,13.05,13.05,0,5632350,8.45,26300,25833.3
2025-10-21 15:17:00,ATM+9,PUT,441.8,441.8,441.8,441.8,0,137925,9.67,26300,25833.3
2025-10-21 15:17:00,ATM+10,CALL,9.6,9.6,9.6,9.6,0,1801425,8.54,26350,25833.3
2025-10-21 15:17:00,ATM+10,PUT,488.1,488.1,488.1,488.1,0,8850,9.93,26350,25833.3
2025-10-21 15:18:00,ATM-10,CALL,537.3,537.3,537.3,537.3,0,154050,9.56,25350,25833.3
2025-10-21 15:18:00,ATM-10,PUT,16.05,16.05,16.05,16.05,0,980400,10.75,25350,25833.3
2025-10-21 15:18:00,ATM-9,CALL,490,490,490,490,0,1693950,9.35,25400,25833.3
2025-10-21 15:18:00,ATM-9,PUT,19.05,19.05,19.05,19.05,0,5226525,10.45,25400,25833.3
2025-10-21 15:18:00,ATM-8,CALL,444.95,444.95,444.95,444.95,0,207375,9.37,25450,25833.3
2025-10-21 15:18:00,ATM-8,PUT,23.55,23.55,23.55,23.55,0,2463825,10.26,25450,25833.3
2025-10-21 15:18:00,ATM-7,CALL,398.9,398.9,398.9,398.9,0,4002225,9.1,25500,25833.3
2025-10-21 15:18:00,ATM-7,PUT,28.6,28.6,28.6,28.6,0,9644100,10.02,25500,25833.3
2025-10-21 15:18:00,ATM-6,CALL,357.7,357.7,357.7,357.7,0,213675,9.26,25550,25833.3
2025-10-21 15:18:00,ATM-6,PUT,34.75,34.75,34.75,34.75,0,1249500,9.79,25550,25833.3
2025-10-21 15:18:00,ATM-5,CALL,314.1,314.1,314.1,314.1,0,1906425,8.95,25600,25833.3
2025-10-21 15:18:00,ATM-5,PUT,43.35,43.35,43.35,43.35,0,5914425,9.65,25600,25833.3
2025-10-21 15:18:00,ATM-4,CALL,274.15,274.15,274.15,274.15,0,384975,8.86,25650,25833.3
2025-10-21 15:18:00,ATM-4,PUT,53.55,53.55,53.55,53.55,0,1435275,9.51,25650,25833.3
2025-10-21 15:18:00,ATM-3,CALL,237.5,237.5,237.5,237.5,0,2311425,8.85,25700,25833.3
2025-10-21 15:18:00,ATM-3,PUT,65.9,65.9,65.9,65.9,0,6632100,9.37,25700,25833.3
2025-10-21 15:18:00,ATM-2,CALL,201.5,201.5,201.5,201.5,0,700425,8.69,25750,25833.3
2025-10-21 15:18:00,ATM-2,PUT,81.6,81.6,81.6,81.6,0,1258425,9.31,25750,25833.3
2025-10-21 15:18:00,ATM-1,CALL,169.5,169.5,169.5,169.5,0,4913550,8.64,25800,25833.3
2025-10-21 15:18:00,ATM-1,PUT,98.3,98.3,98.3,98.3,0,5268150,9.13,25800,25833.3
2025-10-21 15:18:00,ATM,CALL,141.7,141.7,141.7,141.7,0,2588625,8.66,25850,25833.3
2025-10-21 15:18:00,ATM,PUT,120.3,120.3,120.3,120.3,0,2353950,9.15,25850,25833.3
2025-10-21 15:18:00,ATM+1,CALL,114.7,114.7,114.7,114.7,0,7634025,8.52,25900,25833.3
2025-10-21 15:18:00,ATM+1,PUT,143.6,143.6,143.6,143.6,0,5046975,9.03,25900,25833.3
2025-10-21 15:18:00,ATM+2,CALL,93.7,93.7,93.7,93.7,0,3286350,8.59,25950,25833.3
2025-10-21 15:18:00,ATM+2,PUT,172.9,172.9,172.9,172.9,0,1219875,9.13,25950,25833.3
2025-10-21 15:18:00,ATM+3,CALL,73.95,73.95,73.95,73.95,0,11308500,8.52,26000,25833.3
2025-10-21 15:18:00,ATM+3,PUT,203.05,203.05,203.05,203.05,0,3674400,9.1,26000,25833.3
2025-10-21 15:18:00,ATM+4,CALL,57.55,57.55,57.55,57.55,0,1807875,8.49,26050,25833.3
2025-10-21 15:18:00,ATM+4,PUT,235.4,235.4,235.4,235.4,0,242250,9.02,26050,25833.3
2025-10-21 15:18:00,ATM+5,CALL,43.5,43.5,43.5,43.5,0,5589675,8.41,26100,25833.3
2025-10-21 15:18:00,ATM+5,PUT,271,271,271,271,0,402825,8.97,26100,25833.3
2025-10-21 15:18:00,ATM+6,CALL,32.95,32.95,32.95,32.95,0,1745250,8.42,26150,25833.3
2025-10-21 15:18:00,ATM+6,PUT,310.95,310.95,310.95,310.95,0,75075,9.1,26150,25833.3
2025-10-21 15:18:00,ATM+7,CALL,24.75,24.75,24.75,24.75,0,6775500,8.45,26200,25833.3
2025-10-21 15:18:00,ATM+7,PUT,351.35,351.35,351.35,351.35,0,381675,9.09,26200,25833.3
2025-10-21 15:18:00,ATM+8,CALL,18.05,18.05,18.05,18.05,0,1659375,8.44,26250,25833.3
2025-10-21 15:18:00,ATM+8,PUT,396.6,396.6,396.6,396.6,0,25050,9.44,26250,25833.3
2025-10-21 15:18:00,ATM+9,CALL,13.05,13.05,13.05,13.05,0,5632350,8.45,26300,25833.3
2025-10-21 15:18:00,ATM+9,PUT,441.8,441.8,441.8,441.8,0,137925,9.67,26300,25833.3
2025-10-21 15:18:00,ATM+10,CALL,9.6,9.6,9.6,9.6,0,1801425,8.54,26350,25833.3
2025-10-21 15:18:00,ATM+10,PUT,488.1,488.1,488.1,488.1,0,8850,9.93,26350,25833.3
2025-10-21 15:19:00,ATM-10,CALL,537.3,537.3,537.3,537.3,0,154050,9.56,25350,25833.3
2025-10-21 15:19:00,ATM-10,PUT,16.05,16.05,16.05,16.05,0,980400,10.75,25350,25833.3
2025-10-21 15:19:00,ATM-9,CALL,490,490,490,490,0,1693950,9.35,25400,25833.3
2025-10-21 15:19:00,ATM-9,PUT,19.05,19.05,19.05,19.05,0,5226525,10.45,25400,25833.3
2025-10-21 15:19:00,ATM-8,CALL,444.95,444.95,444.95,444.95,0,207375,9.37,25450,25833.3
2025-10-21 15:19:00,ATM-8,PUT,23.55,23.55,23.55,23.55,0,2463825,10.26,25450,25833.3
2025-10-21 15:19:00,ATM-7,CALL,398.9,398.9,398.9,398.9,0,4002225,9.1,25500,25833.3
2025-10-21 15:19:00,ATM-7,PUT,28.6,28.6,28.6,28.6,0,9644100,10.02,25500,25833.3
2025-10-21 15:19:00,ATM-6,CALL,357.7,357.7,357.7,357.7,0,213675,9.26,25550,25833.3
2025-10-21 15:19:00,ATM-6,PUT,34.75,34.75,34.75,34.75,0,1249500,9.79,25550,25833.3
2025-10-21 15:19:00,ATM-5,CALL,314.1,314.1,314.1,314.1,0,1906425,8.95,25600,25833.3
2025-10-21 15:19:00,ATM-5,PUT,43.35,43.35,43.35,43.35,0,5914425,9.65,25600,25833.3
2025-10-21 15:19:00,ATM-4,CALL,274.15,274.15,274.15,274.15,0,384975,8.86,25650,25833.3
2025-10-21 15:19:00,ATM-4,PUT,53.55,53.55,53.55,53.55,0,1435275,9.51,25650,25833.3
2025-10-21 15:19:00,ATM-3,CALL,237.5,237.5,237.5,237.5,0,2311425,8.85,25700,25833.3
2025-10-21 15:19:00,ATM-3,PUT,65.9,65.9,65.9,65.9,0,6632100,9.37,25700,25833.3
2025-10-21 15:19:00,ATM-2,CALL,201.5,201.5,201.5,201.5,0,700425,8.69,25750,25833.3
2025-10-21 15:19:00,ATM-2,PUT,81.6,81.6,81.6,81.6,0,1258425,9.31,25750,25833.3
2025-10-21 15:19:00,ATM-1,CALL,169.5,169.5,169.5,169.5,0,4913550,8.64,25800,25833.3
2025-10-21 15:19:00,ATM-1,PUT,98.3,98.3,98.3,98.3,0,5268150,9.13,25800,25833.3
2025-10-21 15:19:00,ATM,CALL,141.7,141.7,141.7,141.7,0,2588625,8.66,25850,25833.3
2025-10-21 15:19:00,ATM,PUT,120.3,120.3,120.3,120.3,0,2353950,9.15,25850,25833.3
2025-10-21 15:19:00,ATM+1,CALL,114.7,114.7,114.7,114.7,0,7634025,8.52,25900,25833.3
2025-10-21 15:19:00,ATM+1,PUT,143.6,143.6,143.6,143.6,0,5046975,9.03,25900,25833.3
2025-10-21 15:19:00,ATM+2,CALL,93.7,93.7,93.7,93.7,0,3286350,8.59,25950,25833.3
2025-10-21 15:19:00,ATM+2,PUT,172.9,172.9,172.9,172.9,0,1219875,9.13,25950,25833.3
2025-10-21 15:19:00,ATM+3,CALL,73.95,73.95,73.95,73.95,0,11308500,8.52,26000,25833.3
2025-10-21 15:19:00,ATM+3,PUT,203.05,203.05,203.05,203.05,0,3674400,9.1,26000,25833.3
2025-10-21 15:19:00,ATM+4,CALL,57.55,57.55,57.55,57.55,0,1807875,8.49,26050,25833.3
2025-10-21 15:19:00,ATM+4,PUT,235.4,235.4,235.4,235.4,0,242250,9.02,26050,25833.3
2025-10-21 15:19:00,ATM+5,CALL,43.5,43.5,43.5,43.5,0,5589675,8.41,26100,25833.3
2025-10-21 15:19:00,ATM+5,PUT,271,271,271,271,0,402825,8.97,26100,25833.3
2025-10-21 15:19:00,ATM+6,CALL,32.95,32.95,32.95,32.95,0,1745250,8.42,26150,25833.3
2025-10-21 15:19:00,ATM+6,PUT,310.95,310.95,310.95,310.95,0,75075,9.1,26150,25833.3
2025-10-21 15:19:00,ATM+7,CALL,24.75,24.75,24.75,24.75,0,6775500,8.45,26200,25833.3
2025-10-21 15:19:00,ATM+7,PUT,351.35,351.35,351.35,351.35,0,381675,9.09,26200,25833.3
2025-10-21 15:19:00,ATM+8,CALL,18.05,18.05,18.05,18.05,0,1659375,8.44,26250,25833.3
2025-10-21 15:19:00,ATM+8,PUT,396.6,396.6,396.6,396.6,0,25050,9.44,26250,25833.3
2025-10-21 15:19:00,ATM+9,CALL,13.05,13.05,13.05,13.05,0,5632350,8.45,26300,25833.3
2025-10-21 15:19:00,ATM+9,PUT,441.8,441.8,441.8,441.8,0,137925,9.67,26300,25833.3
2025-10-21 15:19:00,ATM+10,CALL,9.6,9.6,9.6,9.6,0,1801425,8.54,26350,25833.3
2025-10-21 15:19:00,ATM+10,PUT,488.1,488.1,488.1,488.1,0,8850,9.93,26350,25833.3
2025-10-21 15:20:00,ATM-10,CALL,537.3,537.3,537.3,537.3,0,154050,9.56,25350,25833.3
2025-10-21 15:20:00,ATM-10,PUT,16.05,16.05,16.05,16.05,0,980400,10.75,25350,25833.3
2025-10-21 15:20:00,ATM-9,CALL,490,490,490,490,0,1693950,9.35,25400,25833.3
2025-10-21 15:20:00,ATM-9,PUT,19.05,19.05,19.05,19.05,0,5226525,10.45,25400,25833.3
2025-10-21 15:20:00,ATM-8,CALL,444.95,444.95,444.95,444.95,0,207375,9.37,25450,25833.3
2025-10-21 15:20:00,ATM-8,PUT,23.55,23.55,23.55,23.55,0,2463825,10.26,25450,25833.3
2025-10-21 15:20:00,ATM-7,CALL,398.9,398.9,398.9,398.9,0,4002225,9.1,25500,25833.3
2025-10-21 15:20:00,ATM-7,PUT,28.6,28.6,28.6,28.6,0,9644100,10.02,25500,25833.3
2025-10-21 15:20:00,ATM-6,CALL,357.7,357.7,357.7,357.7,0,213675,9.26,25550,25833.3
2025-10-21 15:20:00,ATM-6,PUT,34.75,34.75,34.75,34.75,0,1249500,9.79,25550,25833.3
2025-10-21 15:20:00,ATM-5,CALL,314.1,314.1,314.1,314.1,0,1906425,8.95,25600,25833.3
2025-10-21 15:20:00,ATM-5,PUT,43.35,43.35,43.35,43.35,0,5914425,9.65,25600,25833.3
2025-10-21 15:20:00,ATM-4,CALL,274.15,274.15,274.15,274.15,0,384975,8.86,25650,25833.3
2025-10-21 15:20:00,ATM-4,PUT,53.55,53.55,53.55,53.55,0,1435275,9.51,25650,25833.3
2025-10-21 15:20:00,ATM-3,CALL,237.5,237.5,237.5,237.5,0,2311425,8.85,25700,25833.3
2025-10-21 15:20:00,ATM-3,PUT,65.9,65.9,65.9,65.9,0,6632100,9.37,25700,25833.3
2025-10-21 15:20:00,ATM-2,CALL,201.5,201.5,201.5,201.5,0,700425,8.69,25750,25833.3
2025-10-21 15:20:00,ATM-2,PUT,81.6,81.6,81.6,81.6,0,1258425,9.31,25750,25833.3
2025-10-21 15:20:00,ATM-1,CALL,169.5,169.5,169.5,169.5,0,4913550,8.64,25800,25833.3
2025-10-21 15:20:00,ATM-1,PUT,98.3,98.3,98.3,98.3,0,5268150,9.13,25800,25833.3
2025-10-21 15:20:00,ATM,CALL,141.7,141.7,141.7,141.7,0,2588625,8.66,25850,25833.3
2025-10-21 15:20:00,ATM,PUT,120.3,120.3,120.3,120.3,0,2353950,9.15,25850,25833.3
2025-10-21 15:20:00,ATM+1,CALL,114.7,114.7,114.7,114.7,0,7634025,8.52,25900,25833.3
2025-10-21 15:20:00,ATM+1,PUT,143.6,143.6,143.6,143.6,0,5046975,9.03,25900,25833.3
2025-10-21 15:20:00,ATM+2,CALL,93.7,93.7,93.7,93.7,0,3286350,8.59,25950,25833.3
2025-10-21 15:20:00,ATM+2,PUT,172.9,172.9,172.9,172.9,0,1219875,9.13,25950,25833.3
2025-10-21 15:20:00,ATM+3,CALL,73.95,73.95,73.95,73.95,0,11308500,8.52,26000,25833.3
2025-10-21 15:20:00,ATM+3,PUT,203.05,203.05,203.05,203.05,0,3674400,9.1,26000,25833.3
2025-10-21 15:20:00,ATM+4,CALL,57.55,57.55,57.55,57.55,0,1807875,8.49,26050,25833.3
2025-10-21 15:20:00,ATM+4,PUT,235.4,235.4,235.4,235.4,0,242250,9.02,26050,25833.3
2025-10-21 15:20:00,ATM+5,CALL,43.5,43.5,43.5,43.5,0,5589675,8.41,26100,25833.3
2025-10-21 15:20:00,ATM+5,PUT,271,271,271,271,0,402825,8.97,26100,25833.3
2025-10-21 15:20:00,ATM+6,CALL,32.95,32.95,32.95,32.95,0,1745250,8.42,26150,25833.3
2025-10-21 15:20:00,ATM+6,PUT,310.95,310.95,310.95,310.95,0,75075,9.1,26150,25833.3
2025-10-21 15:20:00,ATM+7,CALL,24.75,24.75,24.75,24.75,0,6775500,8.45,26200,25833.3
2025-10-21 15:20:00,ATM+7,PUT,351.35,351.35,351.35,351.35,0,381675,9.09,26200,25833.3
2025-10-21 15:20:00,ATM+8,CALL,18.05,18.05,18.05,18.05,0,1659375,8.44,26250,25833.3
2025-10-21 15:20:00,ATM+8,PUT,396.6,396.6,396.6,396.6,0,25050,9.44,26250,25833.3
2025-10-21 15:20:00,ATM+9,CALL,13.05,13.05,13.05,13.05,0,5632350,8.45,26300,25833.3
2025-10-21 15:20:00,ATM+9,PUT,441.8,441.8,441.8,441.8,0,137925,9.67,26300,25833.3
2025-10-21 15:20:00,ATM+10,CALL,9.6,9.6,9.6,9.6,0,1801425,8.54,26350,25833.3
2025-10-21 15:20:00,ATM+10,PUT,488.1,488.1,488.1,488.1,0,8850,9.93,26350,25833.3
2025-10-21 15:21:00,ATM-10,CALL,537.3,537.3,537.3,537.3,0,154050,9.56,25350,25833.3
2025-10-21 15:21:00,ATM-10,PUT,16.05,16.05,16.05,16.05,0,980400,10.75,25350,25833.3
2025-10-21 15:21:00,ATM-9,CALL,490,490,490,490,0,1693950,9.35,25400,25833.3
2025-10-21 15:21:00,ATM-9,PUT,19.05,19.05,19.05,19.05,0,5226525,10.45,25400,25833.3
2025-10-21 15:21:00,ATM-8,CALL,444.95,444.95,444.95,444.95,0,207375,9.37,25450,25833.3
2025-10-21 15:21:00,ATM-8,PUT,23.55,23.55,23.55,23.55,0,2463825,10.26,25450,25833.3
2025-10-21 15:21:00,ATM-7,CALL,398.9,398.9,398.9,398.9,0,4002225,9.1,25500,25833.3
2025-10-21 15:21:00,ATM-7,PUT,28.6,28.6,28.6,28.6,0,9644100,10.02,25500,25833.3
2025-10-21 15:21:00,ATM-6,CALL,357.7,357.7,357.7,357.7,0,213675,9.26,25550,25833.3
2025-10-21 15:21:00,ATM-6,PUT,34.75,34.75,34.75,34.75,0,1249500,9.79,25550,25833.3
2025-10-21 15:21:00,ATM-5,CALL,314.1,314.1,314.1,314.1,0,1906425,8.95,25600,25833.3
2025-10-21 15:21:00,ATM-5,PUT,43.35,43.35,43.35,43.35,0,5914425,9.65,25600,25833.3
2025-10-21 15:21:00,ATM-4,CALL,274.15,274.15,274.15,274.15,0,384975,8.86,25650,25833.3
2025-10-21 15:21:00,ATM-4,PUT,53.55,53.55,53.55,53.55,0,1435275,9.51,25650,25833.3
2025-10-21 15:21:00,ATM-3,CALL,237.5,237.5,237.5,237.5,0,2311425,8.85,25700,25833.3
2025-10-21 15:21:00,ATM-3,PUT,65.9,65.9,65.9,65.9,0,6632100,9.37,25700,25833.3
2025-10-21 15:21:00,ATM-2,CALL,201.5,201.5,201.5,201.5,0,700425,8.69,25750,25833.3
2025-10-21 15:21:00,ATM-2,PUT,81.6,81.6,81.6,81.6,0,1258425,9.31,25750,25833.3
2025-10-21 15:21:00,ATM-1,CALL,169.5,169.5,169.5,169.5,0,4913550,8.64,25800,25833.3
2025-10-21 15:21:00,ATM-1,PUT,98.3,98.3,98.3,98.3,0,5268150,9.13,25800,25833.3
2025-10-21 15:21:00,ATM,CALL,141.7,141.7,141.7,141.7,0,2588625,8.66,25850,25833.3
2025-10-21 15:21:00,ATM,PUT,120.3,120.3,120.3,120.3,0,2353950,9.15,25850,25833.3
2025-10-21 15:21:00,ATM+1,CALL,114.7,114.7,114.7,114.7,0,7634025,8.52,25900,25833.3
2025-10-21 15:21:00,ATM+1,PUT,143.6,143.6,143.6,143.6,0,5046975,9.03,25900,25833.3
2025-10-21 15:21:00,ATM+2,CALL,93.7,93.7,93.7,93.7,0,3286350,8.59,25950,25833.3
2025-10-21 15:21:00,ATM+2,PUT,172.9,172.9,172.9,172.9,0,1219875,9.13,25950,25833.3
2025-10-21 15:21:00,ATM+3,CALL,73.95,73.95,73.95,73.95,0,11308500,8.52,26000,25833.3
2025-10-21 15:21:00,ATM+3,PUT,203.05,203.05,203.05,203.05,0,3674400,9.1,26000,25833.3
2025-10-21 15:21:00,ATM+4,CALL,57.55,57.55,57.55,57.55,0,1807875,8.49,26050,25833.3
2025-10-21 15:21:00,ATM+4,PUT,235.4,235.4,235.4,235.4,0,242250,9.02,26050,25833.3
2025-10-21 15:21:00,ATM+5,CALL,43.5,43.5,43.5,43.5,0,5589675,8.41,26100,25833.3
2025-10-21 15:21:00,ATM+5,PUT,271,271,271,271,0,402825,8.97,26100,25833.3
2025-10-21 15:21:00,ATM+6,CALL,32.95,32.95,32.95,32.95,0,1745250,8.42,26150,25833.3
2025-10-21 15:21:00,ATM+6,PUT,310.95,310.95,310.95,310.95,0,75075,9.1,26150,25833.3
2025-10-21 15:21:00,ATM+7,CALL,24.75,24.75,24.75,24.75,0,6775500,8.45,26200,25833.3
2025-10-21 15:21:00,ATM+7,PUT,351.35,351.35,351.35,351.35,0,381675,9.09,26200,25833.3
2025-10-21 15:21:00,ATM+8,CALL,18.05,18.05,18.05,18.05,0,1659375,8.44,26250,25833.3
2025-10-21 15:21:00,ATM+8,PUT,396.6,396.6,396.6,396.6,0,25050,9.44,26250,25833.3
2025-10-21 15:21:00,ATM+9,CALL,13.05,13.05,13.05,13.05,0,5632350,8.45,26300,25833.3
2025-10-21 15:21:00,ATM+9,PUT,441.8,441.8,441.8,441.8,0,137925,9.67,26300,25833.3
2025-10-21 15:21:00,ATM+10,CALL,9.6,9.6,9.6,9.6,0,1801425,8.54,26350,25833.3
2025-10-21 15:21:00,ATM+10,PUT,488.1,488.1,488.1,488.1,0,8850,9.93,26350,25833.3
2025-10-21 15:22:00,ATM-10,CALL,537.3,537.3,537.3,537.3,0,154050,9.56,25350,25833.3
2025-10-21 15:22:00,ATM-10,PUT,16.05,16.05,16.05,16.05,0,980400,10.75,25350,25833.3
2025-10-21 15:22:00,ATM-9,CALL,490,490,490,490,0,1693950,9.35,25400,25833.3
2025-10-21 15:22:00,ATM-9,PUT,19.05,19.05,19.05,19.05,0,5226525,10.45,25400,25833.3
2025-10-21 15:22:00,ATM-8,CALL,444.95,444.95,444.95,444.95,0,207375,9.37,25450,25833.3
2025-10-21 15:22:00,ATM-8,PUT,23.55,23.55,23.55,23.55,0,2463825,10.26,25450,25833.3
2025-10-21 15:22:00,ATM-7,CALL,398.9,398.9,398.9,398.9,0,4002225,9.1,25500,25833.3
2025-10-21 15:22:00,ATM-7,PUT,28.6,28.6,28.6,28.6,0,9644100,10.02,25500,25833.3
2025-10-21 15:22:00,ATM-6,CALL,357.7,357.7,357.7,357.7,0,213675,9.26,25550,25833.3
2025-10-21 15:22:00,ATM-6,PUT,34.75,34.75,34.75,34.75,0,1249500,9.79,25550,25833.3
2025-10-21 15:22:00,ATM-5,CALL,314.1,314.1,314.1,314.1,0,1906425,8.95,25600,25833.3
2025-10-21 15:22:00,ATM-5,PUT,43.35,43.35,43.35,43.35,0,5914425,9.65,25600,25833.3
2025-10-21 15:22:00,ATM-4,CALL,274.15,274.15,274.15,274.15,0,384975,8.86,25650,25833.3
2025-10-21 15:22:00,ATM-4,PUT,53.55,53.55,53.55,53.55,0,1435275,9.51,25650,25833.3
2025-10-21 15:22:00,ATM-3,CALL,237.5,237.5,237.5,237.5,0,2311425,8.85,25700,25833.3
2025-10-21 15:22:00,ATM-3,PUT,65.9,65.9,65.9,65.9,0,6632100,9.37,25700,25833.3
2025-10-21 15:22:00,ATM-2,CALL,201.5,201.5,201.5,201.5,0,700425,8.69,25750,25833.3
2025-10-21 15:22:00,ATM-2,PUT,81.6,81.6,81.6,81.6,0,1258425,9.31,25750,25833.3
2025-10-21 15:22:00,ATM-1,CALL,169.5,169.5,169.5,169.5,0,4913550,8.64,25800,25833.3
2025-10-21 15:22:00,ATM-1,PUT,98.3,98.3,98.3,98.3,0,5268150,9.13,25800,25833.3
2025-10-21 15:22:00,ATM,CALL,141.7,141.7,141.7,141.7,0,2588625,8.66,25850,25833.3
2025-10-21 15:22:00,ATM,PUT,120.3,120.3,120.3,120.3,0,2353950,9.15,25850,25833.3
2025-10-21 15:22:00,ATM+1,CALL,114.7,114.7,114.7,114.7,0,7634025,8.52,25900,25833.3
2025-10-21 15:22:00,ATM+1,PUT,143.6,143.6,143.6,143.6,0,5046975,9.03,25900,25833.3
2025-10-21 15:22:00,ATM+2,CALL,93.7,93.7,93.7,93.7,0,3286350,8.59,25950,25833.3
2025-10-21 15:22:00,ATM+2,PUT,172.9,172.9,172.9,172.9,0,1219875,9.13,25950,25833.3
2025-10-21 15:22:00,ATM+3,CALL,73.95,73.95,73.95,73.95,0,11308500,8.52,26000,25833.3
2025-10-21 15:22:00,ATM+3,PUT,203.05,203.05,203.05,203.05,0,3674400,9.1,26000,25833.3
2025-10-21 15:22:00,ATM+4,CALL,57.55,57.55,57.55,57.55,0,1807875,8.49,26050,25833.3
2025-10-21 15:22:00,ATM+4,PUT,235.4,235.4,235.4,235.4,0,242250,9.02,26050,25833.3
2025-10-21 15:22:00,ATM+5,CALL,43.5,43.5,43.5,43.5,0,5589675,8.41,26100,25833.3
2025-10-21 15:22:00,ATM+5,PUT,271,271,271,271,0,402825,8.97,26100,25833.3
2025-10-21 15:22:00,ATM+6,CALL,32.95,32.95,32.95,32.95,0,1745250,8.42,26150,25833.3
2025-10-21 15:22:00,ATM+6,PUT,310.95,310.95,310.95,310.95,0,75075,9.1,26150,25833.3
2025-10-21 15:22:00,ATM+7,CALL,24.75,24.75,24.75,24.75,0,6775500,8.45,26200,25833.3
2025-10-21 15:22:00,ATM+7,PUT,351.35,351.35,351.35,351.35,0,381675,9.09,26200,25833.3
2025-10-21 15:22:00,ATM+8,CALL,18.05,18.05,18.05,18.05,0,1659375,8.44,26250,25833.3
2025-10-21 15:22:00,ATM+8,PUT,396.6,396.6,396.6,396.6,0,25050,9.44,26250,25833.3
2025-10-21 15:22:00,ATM+9,CALL,13.05,13.05,13.05,13.05,0,5632350,8.45,26300,25833.3
2025-10-21 15:22:00,ATM+9,PUT,441.8,441.8,441.8,441.8,0,137925,9.67,26300,25833.3
2025-10-21 15:22:00,ATM+10,CALL,9.6,9.6,9.6,9.6,0,1801425,8.54,26350,25833.3
2025-10-21 15:22:00,ATM+10,PUT,488.1,488.1,488.1,488.1,0,8850,9.93,26350,25833.3
2025-10-21 15:23:00,ATM-10,CALL,537.3,537.3,537.3,537.3,0,154050,9.56,25350,25833.3
2025-10-21 15:23:00,ATM-10,PUT,16.05,16.05,16.05,16.05,0,980400,10.75,25350,25833.3
2025-10-21 15:23:00,ATM-9,CALL,490,490,490,490,0,1693950,9.35,25400,25833.3
2025-10-21 15:23:00,ATM-9,PUT,19.05,19.05,19.05,19.05,0,5226525,10.45,25400,25833.3
2025-10-21 15:23:00,ATM-8,CALL,444.95,444.95,444.95,444.95,0,207375,9.37,25450,25833.3
2025-10-21 15:23:00,ATM-8,PUT,23.55,23.55,23.55,23.55,0,2463825,10.26,25450,25833.3
2025-10-21 15:23:00,ATM-7,CALL,398.9,398.9,398.9,398.9,0,4002225,9.1,25500,25833.3
2025-10-21 15:23:00,ATM-7,PUT,28.6,28.6,28.6,28.6,0,9644100,10.02,25500,25833.3
2025-10-21 15:23:00,ATM-6,CALL,357.7,357.7,357.7,357.7,0,213675,9.26,25550,25833.3
2025-10-21 15:23:00,ATM-6,PUT,34.75,34.75,34.75,34.75,0,1249500,9.79,25550,25833.3
2025-10-21 15:23:00,ATM-5,CALL,314.1,314.1,314.1,314.1,0,1906425,8.95,25600,25833.3
2025-10-21 15:23:00,ATM-5,PUT,43.35,43.35,43.35,43.35,0,5914425,9.65,25600,25833.3
2025-10-21 15:23:00,ATM-4,CALL,274.15,274.15,274.15,274.15,0,384975,8.86,25650,25833.3
2025-10-21 15:23:00,ATM-4,PUT,53.55,53.55,53.55,53.55,0,1435275,9.51,25650,25833.3
2025-10-21 15:23:00,ATM-3,CALL,237.5,237.5,237.5,237.5,0,2311425,8.85,25700,25833.3
2025-10-21 15:23:00,ATM-3,PUT,65.9,65.9,65.9,65.9,0,6632100,9.37,25700,25833.3
2025-10-21 15:23:00,ATM-2,CALL,201.5,201.5,201.5,201.5,0,700425,8.69,25750,25833.3
2025-10-21 15:23:00,ATM-2,PUT,81.6,81.6,81.6,81.6,0,1258425,9.31,25750,25833.3
2025-10-21 15:23:00,ATM-1,CALL,169.5,169.5,169.5,169.5,0,4913550,8.64,25800,25833.3
2025-10-21 15:23:00,ATM-1,PUT,98.3,98.3,98.3,98.3,0,5268150,9.13,25800,25833.3
2025-10-21 15:23:00,ATM,CALL,141.7,141.7,141.7,141.7,0,2588625,8.66,25850,25833.3
2025-10-21 15:23:00,ATM,PUT,120.3,120.3,120.3,120.3,0,2353950,9.15,25850,25833.3
2025-10-21 15:23:00,ATM+1,CALL,114.7,114.7,114.7,114.7,0,7634025,8.52,25900,25833.3
2025-10-21 15:23:00,ATM+1,PUT,143.6,143.6,143.6,143.6,0,5046975,9.03,25900,25833.3
2025-10-21 15:23:00,ATM+2,CALL,93.7,93.7,93.7,93.7,0,3286350,8.59,25950,25833.3
2025-10-21 15:23:00,ATM+2,PUT,172.9,172.9,172.9,172.9,0,1219875,9.13,25950,25833.3
2025-10-21 15:23:00,ATM+3,CALL,73.95,73.95,73.95,73.95,0,11308500,8.52,26000,25833.3
2025-10-21 15:23:00,ATM+3,PUT,203.05,203.05,203.05,203.05,0,3674400,9.1,26000,25833.3
2025-10-21 15:23:00,ATM+4,CALL,57.55,57.55,57.55,57.55,0,1807875,8.49,26050,25833.3
2025-10-21 15:23:00,ATM+4,PUT,235.4,235.4,235.4,235.4,0,242250,9.02,26050,25833.3
2025-10-21 15:23:00,ATM+5,CALL,43.5,43.5,43.5,43.5,0,5589675,8.41,26100,25833.3
2025-10-21 15:23:00,ATM+5,PUT,271,271,271,271,0,402825,8.97,26100,25833.3
2025-10-21 15:23:00,ATM+6,CALL,32.95,32.95,32.95,32.95,0,1745250,8.42,26150,25833.3
2025-10-21 15:23:00,ATM+6,PUT,310.95,310.95,310.95,310.95,0,75075,9.1,26150,25833.3
2025-10-21 15:23:00,ATM+7,CALL,24.75,24.75,24.75,24.75,0,6775500,8.45,26200,25833.3
2025-10-21 15:23:00,ATM+7,PUT,351.35,351.35,351.35,351.35,0,381675,9.09,26200,25833.3
2025-10-21 15:23:00,ATM+8,CALL,18.05,18.05,18.05,18.05,0,1659375,8.44,26250,25833.3
2025-10-21 15:23:00,ATM+8,PUT,396.6,396.6,396.6,396.6,0,25050,9.44,26250,25833.3
2025-10-21 15:23:00,ATM+9,CALL,13.05,13.05,13.05,13.05,0,5632350,8.45,26300,25833.3
2025-10-21 15:23:00,ATM+9,PUT,441.8,441.8,441.8,441.8,0,137925,9.67,26300,25833.3
2025-10-21 15:23:00,ATM+10,CALL,9.6,9.6,9.6,9.6,0,1801425,8.54,26350,25833.3
2025-10-21 15:23:00,ATM+10,PUT,488.1,488.1,488.1,488.1,0,8850,9.93,26350,25833.3
2025-10-21 15:24:00,ATM-10,CALL,537.3,537.3,537.3,537.3,0,154050,9.56,25350,25833.3
2025-10-21 15:24:00,ATM-10,PUT,16.05,16.05,16.05,16.05,0,980400,10.75,25350,25833.3
2025-10-21 15:24:00,ATM-9,CALL,490,490,490,490,0,1693950,9.35,25400,25833.3
2025-10-21 15:24:00,ATM-9,PUT,19.05,19.05,19.05,19.05,0,5226525,10.45,25400,25833.3
2025-10-21 15:24:00,ATM-8,CALL,444.95,444.95,444.95,444.95,0,207375,9.37,25450,25833.3
2025-10-21 15:24:00,ATM-8,PUT,23.55,23.55,23.55,23.55,0,2463825,10.26,25450,25833.3
2025-10-21 15:24:00,ATM-7,CALL,398.9,398.9,398.9,398.9,0,4002225,9.1,25500,25833.3
2025-10-21 15:24:00,ATM-7,PUT,28.6,28.6,28.6,28.6,0,9644100,10.02,25500,25833.3
2025-10-21 15:24:00,ATM-6,CALL,357.7,357.7,357.7,357.7,0,213675,9.26,25550,25833.3
2025-10-21 15:24:00,ATM-6,PUT,34.75,34.75,34.75,34.75,0,1249500,9.79,25550,25833.3
2025-10-21 15:24:00,ATM-5,CALL,314.1,314.1,314.1,314.1,0,1906425,8.95,25600,25833.3
2025-10-21 15:24:00,ATM-5,PUT,43.35,43.35,43.35,43.35,0,5914425,9.65,25600,25833.3
2025-10-21 15:24:00,ATM-4,CALL,274.15,274.15,274.15,274.15,0,384975,8.86,25650,25833.3
2025-10-21 15:24:00,ATM-4,PUT,53.55,53.55,53.55,53.55,0,1435275,9.51,25650,25833.3
2025-10-21 15:24:00,ATM-3,CALL,237.5,237.5,237.5,237.5,0,2311425,8.85,25700,25833.3
2025-10-21 15:24:00,ATM-3,PUT,65.9,65.9,65.9,65.9,0,6632100,9.37,25700,25833.3
2025-10-21 15:24:00,ATM-2,CALL,201.5,201.5,201.5,201.5,0,700425,8.69,25750,25833.3
2025-10-21 15:24:00,ATM-2,PUT,81.6,81.6,81.6,81.6,0,1258425,9.31,25750,25833.3
2025-10-21 15:24:00,ATM-1,CALL,169.5,169.5,169.5,169.5,0,4913550,8.64,25800,25833.3
2025-10-21 15:24:00,ATM-1,PUT,98.3,98.3,98.3,98.3,0,5268150,9.13,25800,25833.3
2025-10-21 15:24:00,ATM,CALL,141.7,141.7,141.7,141.7,0,2588625,8.66,25850,25833.3
2025-10-21 15:24:00,ATM,PUT,120.3,120.3,120.3,120.3,0,2353950,9.15,25850,25833.3
2025-10-21 15:24:00,ATM+1,CALL,114.7,114.7,114.7,114.7,0,7634025,8.52,25900,25833.3
2025-10-21 15:24:00,ATM+1,PUT,143.6,143.6,143.6,143.6,0,5046975,9.03,25900,25833.3
2025-10-21 15:24:00,ATM+2,CALL,93.7,93.7,93.7,93.7,0,3286350,8.59,25950,25833.3
2025-10-21 15:24:00,ATM+2,PUT,172.9,172.9,172.9,172.9,0,1219875,9.13,25950,25833.3
2025-10-21 15:24:00,ATM+3,CALL,73.95,73.95,73.95,73.95,0,11308500,8.52,26000,25833.3
2025-10-21 15:24:00,ATM+3,PUT,203.05,203.05,203.05,203.05,0,3674400,9.1,26000,25833.3
2025-10-21 15:24:00,ATM+4,CALL,57.55,57.55,57.55,57.55,0,1807875,8.49,26050,25833.3
2025-10-21 15:24:00,ATM+4,PUT,235.4,235.4,235.4,235.4,0,242250,9.02,26050,25833.3
2025-10-21 15:24:00,ATM+5,CALL,43.5,43.5,43.5,43.5,0,5589675,8.41,26100,25833.3
2025-10-21 15:24:00,ATM+5,PUT,271,271,271,271,0,402825,8.97,26100,25833.3
2025-10-21 15:24:00,ATM+6,CALL,32.95,32.95,32.95,32.95,0,1745250,8.42,26150,25833.3
2025-10-21 15:24:00,ATM+6,PUT,310.95,310.95,310.95,310.95,0,75075,9.1,26150,25833.3
2025-10-21 15:24:00,ATM+7,CALL,24.75,24.75,24.75,24.75,0,6775500,8.45,26200,25833.3
2025-10-21 15:24:00,ATM+7,PUT,351.35,351.35,351.35,351.35,0,381675,9.09,26200,25833.3
2025-10-21 15:24:00,ATM+8,CALL,18.05,18.05,18.05,18.05,0,1659375,8.44,26250,25833.3
2025-10-21 15:24:00,ATM+8,PUT,396.6,396.6,396.6,396.6,0,25050,9.44,26250,25833.3
2025-10-21 15:24:00,ATM+9,CALL,13.05,13.05,13.05,13.05,0,5632350,8.45,26300,25833.3
2025-10-21 15:24:00,ATM+9,PUT,441.8,441.8,441.8,441.8,0,137925,9.67,26300,25833.3
2025-10-21 15:24:00,ATM+10,CALL,9.6,9.6,9.6,9.6,0,1801425,8.54,26350,25833.3
2025-10-21 15:24:00,ATM+10,PUT,488.1,488.1,488.1,488.1,0,8850,9.93,26350,25833.3
2025-10-21 15:25:00,ATM-10,CALL,537.3,537.3,537.3,537.3,0,154050,9.56,25350,25833.3
2025-10-21 15:25:00,ATM-10,PUT,16.05,16.05,16.05,16.05,0,980400,10.75,25350,25833.3
2025-10-21 15:25:00,ATM-9,CALL,490,490,490,490,0,1693950,9.35,25400,25833.3
2025-10-21 15:25:00,ATM-9,PUT,19.05,19.05,19.05,19.05,0,5226525,10.45,25400,25833.3
2025-10-21 15:25:00,ATM-8,CALL,444.95,444.95,444.95,444.95,0,207375,9.37,25450,25833.3
2025-10-21 15:25:00,ATM-8,PUT,23.55,23.55,23.55,23.55,0,2463825,10.26,25450,25833.3
2025-10-21 15:25:00,ATM-7,CALL,398.9,398.9,398.9,398.9,0,4002225,9.1,25500,25833.3
2025-10-21 15:25:00,ATM-7,PUT,28.6,28.6,28.6,28.6,0,9644100,10.02,25500,25833.3
2025-10-21 15:25:00,ATM-6,CALL,357.7,357.7,357.7,357.7,0,213675,9.26,25550,25833.3
2025-10-21 15:25:00,ATM-6,PUT,34.75,34.75,34.75,34.75,0,1249500,9.79,25550,25833.3
2025-10-21 15:25:00,ATM-5,CALL,314.1,314.1,314.1,314.1,0,1906425,8.95,25600,25833.3
2025-10-21 15:25:00,ATM-5,PUT,43.35,43.35,43.35,43.35,0,5914425,9.65,25600,25833.3
2025-10-21 15:25:00,ATM-4,CALL,274.15,274.15,274.15,274.15,0,384975,8.86,25650,25833.3
2025-10-21 15:25:00,ATM-4,PUT,53.55,53.55,53.55,53.55,0,1435275,9.51,25650,25833.3
2025-10-21 15:25:00,ATM-3,CALL,237.5,237.5,237.5,237.5,0,2311425,8.85,25700,25833.3
2025-10-21 15:25:00,ATM-3,PUT,65.9,65.9,65.9,65.9,0,6632100,9.37,25700,25833.3
2025-10-21 15:25:00,ATM-2,CALL,201.5,201.5,201.5,201.5,0,700425,8.69,25750,25833.3
2025-10-21 15:25:00,ATM-2,PUT,81.6,81.6,81.6,81.6,0,1258425,9.31,25750,25833.3
2025-10-21 15:25:00,ATM-1,CALL,169.5,169.5,169.5,169.5,0,4913550,8.64,25800,25833.3
2025-10-21 15:25:00,ATM-1,PUT,98.3,98.3,98.3,98.3,0,5268150,9.13,25800,25833.3
2025-10-21 15:25:00,ATM,CALL,141.7,141.7,141.7,141.7,0,2588625,8.66,25850,25833.3
2025-10-21 15:25:00,ATM,PUT,120.3,120.3,120.3,120.3,0,2353950,9.15,25850,25833.3
2025-10-21 15:25:00,ATM+1,CALL,114.7,114.7,114.7,114.7,0,7634025,8.52,25900,25833.3
2025-10-21 15:25:00,ATM+1,PUT,143.6,143.6,143.6,143.6,0,5046975,9.03,25900,25833.3
2025-10-21 15:25:00,ATM+2,CALL,93.7,93.7,93.7,93.7,0,3286350,8.59,25950,25833.3
2025-10-21 15:25:00,ATM+2,PUT,172.9,172.9,172.9,172.9,0,1219875,9.13,25950,25833.3
2025-10-21 15:25:00,ATM+3,CALL,73.95,73.95,73.95,73.95,0,11308500,8.52,26000,25833.3
2025-10-21 15:25:00,ATM+3,PUT,203.05,203.05,203.05,203.05,0,3674400,9.1,26000,25833.3
2025-10-21 15:25:00,ATM+4,CALL,57.55,57.55,57.55,57.55,0,1807875,8.49,26050,25833.3
2025-10-21 15:25:00,ATM+4,PUT,235.4,235.4,235.4,235.4,0,242250,9.02,26050,25833.3
2025-10-21 15:25:00,ATM+5,CALL,43.5,43.5,43.5,43.5,0,5589675,8.41,26100,25833.3
2025-10-21 15:25:00,ATM+5,PUT,271,271,271,271,0,402825,8.97,26100,25833.3
2025-10-21 15:25:00,ATM+6,CALL,32.95,32.95,32.95,32.95,0,1745250,8.42,26150,25833.3
2025-10-21 15:25:00,ATM+6,PUT,310.95,310.95,310.95,310.95,0,75075,9.1,26150,25833.3
2025-10-21 15:25:00,ATM+7,CALL,24.75,24.75,24.75,24.75,0,6775500,8.45,26200,25833.3
2025-10-21 15:25:00,ATM+7,PUT,351.35,351.35,351.35,351.35,0,381675,9.09,26200,25833.3
2025-10-21 15:25:00,ATM+8,CALL,18.05,18.05,18.05,18.05,0,1659375,8.44,26250,25833.3
2025-10-21 15:25:00,ATM+8,PUT,396.6,396.6,396.6,396.6,0,25050,9.44,26250,25833.3
2025-10-21 15:25:00,ATM+9,CALL,13.05,13.05,13.05,13.05,0,5632350,8.45,26300,25833.3
2025-10-21 15:25:00,ATM+9,PUT,441.8,441.8,441.8,441.8,0,137925,9.67,26300,25833.3
2025-10-21 15:25:00,ATM+10,CALL,9.6,9.6,9.6,9.6,0,1801425,8.54,26350,25833.3
2025-10-21 15:25:00,ATM+10,PUT,488.1,488.1,488.1,488.1,0,8850,9.93,26350,25833.3
2025-10-21 15:26:00,ATM-10,CALL,537.3,537.3,537.3,537.3,0,154050,9.56,25350,25833.3
2025-10-21 15:26:00,ATM-10,PUT,16.05,16.05,16.05,16.05,0,980400,10.75,25350,25833.3
2025-10-21 15:26:00,ATM-9,CALL,490,490,490,490,0,1693950,9.35,25400,25833.3
2025-10-21 15:26:00,ATM-9,PUT,19.05,19.05,19.05,19.05,0,5226525,10.45,25400,25833.3
2025-10-21 15:26:00,ATM-8,CALL,444.95,444.95,444.95,444.95,0,207375,9.37,25450,25833.3
2025-10-21 15:26:00,ATM-8,PUT,23.55,23.55,23.55,23.55,0,2463825,10.26,25450,25833.3
2025-10-21 15:26:00,ATM-7,CALL,398.9,398.9,398.9,398.9,0,4002225,9.1,25500,25833.3
2025-10-21 15:26:00,ATM-7,PUT,28.6,28.6,28.6,28.6,0,9644100,10.02,25500,25833.3
2025-10-21 15:26:00,ATM-6,CALL,357.7,357.7,357.7,357.7,0,213675,9.26,25550,25833.3
2025-10-21 15:26:00,ATM-6,PUT,34.75,34.75,34.75,34.75,0,1249500,9.79,25550,25833.3
2025-10-21 15:26:00,ATM-5,CALL,314.1,314.1,314.1,314.1,0,1906425,8.95,25600,25833.3
2025-10-21 15:26:00,ATM-5,PUT,43.35,43.35,43.35,43.35,0,5914425,9.65,25600,25833.3
2025-10-21 15:26:00,ATM-4,CALL,274.15,274.15,274.15,274.15,0,384975,8.86,25650,25833.3
2025-10-21 15:26:00,ATM-4,PUT,53.55,53.55,53.55,53.55,0,1435275,9.51,25650,25833.3
2025-10-21 15:26:00,ATM-3,CALL,237.5,237.5,237.5,237.5,0,2311425,8.85,25700,25833.3
2025-10-21 15:26:00,ATM-3,PUT,65.9,65.9,65.9,65.9,0,6632100,9.37,25700,25833.3
2025-10-21 15:26:00,ATM-2,CALL,201.5,201.5,201.5,201.5,0,700425,8.69,25750,25833.3
2025-10-21 15:26:00,ATM-2,PUT,81.6,81.6,81.6,81.6,0,1258425,9.31,25750,25833.3
2025-10-21 15:26:00,ATM-1,CALL,169.5,169.5,169.5,169.5,0,4913550,8.64,25800,25833.3
2025-10-21 15:26:00,ATM-1,PUT,98.3,98.3,98.3,98.3,0,5268150,9.13,25800,25833.3
2025-10-21 15:26:00,ATM,CALL,141.7,141.7,141.7,141.7,0,2588625,8.66,25850,25833.3
2025-10-21 15:26:00,ATM,PUT,120.3,120.3,120.3,120.3,0,2353950,9.15,25850,25833.3
2025-10-21 15:26:00,ATM+1,CALL,114.7,114.7,114.7,114.7,0,7634025,8.52,25900,25833.3
2025-10-21 15:26:00,ATM+1,PUT,143.6,143.6,143.6,143.6,0,5046975,9.03,25900,25833.3
2025-10-21 15:26:00,ATM+2,CALL,93.7,93.7,93.7,93.7,0,3286350,8.59,25950,25833.3
2025-10-21 15:26:00,ATM+2,PUT,172.9,172.9,172.9,172.9,0,1219875,9.13,25950,25833.3
2025-10-21 15:26:00,ATM+3,CALL,73.95,73.95,73.95,73.95,0,11308500,8.52,26000,25833.3
2025-10-21 15:26:00,ATM+3,PUT,203.05,203.05,203.05,203.05,0,3674400,9.1,26000,25833.3
2025-10-21 15:26:00,ATM+4,CALL,57.55,57.55,57.55,57.55,0,1807875,8.49,26050,25833.3
2025-10-21 15:26:00,ATM+4,PUT,235.4,235.4,235.4,235.4,0,242250,9.02,26050,25833.3
2025-10-21 15:26:00,ATM+5,CALL,43.5,43.5,43.5,43.5,0,5589675,8.41,26100,25833.3
2025-10-21 15:26:00,ATM+5,PUT,271,271,271,271,0,402825,8.97,26100,25833.3
2025-10-21 15:26:00,ATM+6,CALL,32.95,32.95,32.95,32.95,0,1745250,8.42,26150,25833.3
2025-10-21 15:26:00,ATM+6,PUT,310.95,310.95,310.95,310.95,0,75075,9.1,26150,25833.3
2025-10-21 15:26:00,ATM+7,CALL,24.75,24.75,24.75,24.75,0,6775500,8.45,26200,25833.3
2025-10-21 15:26:00,ATM+7,PUT,351.35,351.35,351.35,351.35,0,381675,9.09,26200,25833.3
2025-10-21 15:26:00,ATM+8,CALL,18.05,18.05,18.05,18.05,0,1659375,8.44,26250,25833.3
2025-10-21 15:26:00,ATM+8,PUT,396.6,396.6,396.6,396.6,0,25050,9.44,26250,25833.3
2025-10-21 15:26:00,ATM+9,CALL,13.05,13.05,13.05,13.05,0,5632350,8.45,26300,25833.3
2025-10-21 15:26:00,ATM+9,PUT,441.8,441.8,441.8,441.8,0,137925,9.67,26300,25833.3
2025-10-21 15:26:00,ATM+10,CALL,9.6,9.6,9.6,9.6,0,1801425,8.54,26350,25833.3
2025-10-21 15:26:00,ATM+10,PUT,488.1,488.1,488.1,488.1,0,8850,9.93,26350,25833.3
2025-10-21 15:27:00,ATM-10,CALL,537.3,537.3,537.3,537.3,0,154050,9.56,25350,25833.3
2025-10-21 15:27:00,ATM-10,PUT,16.05,16.05,16.05,16.05,0,980400,10.75,25350,25833.3
2025-10-21 15:27:00,ATM-9,CALL,490,490,490,490,0,1693950,9.35,25400,25833.3
2025-10-21 15:27:00,ATM-9,PUT,19.05,19.05,19.05,19.05,0,5226525,10.45,25400,25833.3
2025-10-21 15:27:00,ATM-8,CALL,444.95,444.95,444.95,444.95,0,207375,9.37,25450,25833.3
2025-10-21 15:27:00,ATM-8,PUT,23.55,23.55,23.55,23.55,0,2463825,10.26,25450,25833.3
2025-10-21 15:27:00,ATM-7,CALL,398.9,398.9,398.9,398.9,0,4002225,9.1,25500,25833.3
2025-10-21 15:27:00,ATM-7,PUT,28.6,28.6,28.6,28.6,0,9644100,10.02,25500,25833.3
2025-10-21 15:27:00,ATM-6,CALL,357.7,357.7,357.7,357.7,0,213675,9.26,25550,25833.3
2025-10-21 15:27:00,ATM-6,PUT,34.75,34.75,34.75,34.75,0,1249500,9.79,25550,25833.3
2025-10-21 15:27:00,ATM-5,CALL,314.1,314.1,314.1,314.1,0,1906425,8.95,25600,25833.3
2025-10-21 15:27:00,ATM-5,PUT,43.35,43.35,43.35,43.35,0,5914425,9.65,25600,25833.3
2025-10-21 15:27:00,ATM-4,CALL,274.15,274.15,274.15,274.15,0,384975,8.86,25650,25833.3
2025-10-21 15:27:00,ATM-4,PUT,53.55,53.55,53.55,53.55,0,1435275,9.51,25650,25833.3
2025-10-21 15:27:00,ATM-3,CALL,237.5,237.5,237.5,237.5,0,2311425,8.85,25700,25833.3
2025-10-21 15:27:00,ATM-3,PUT,65.9,65.9,65.9,65.9,0,6632100,9.37,25700,25833.3
2025-10-21 15:27:00,ATM-2,CALL,201.5,201.5,201.5,201.5,0,700425,8.69,25750,25833.3
2025-10-21 15:27:00,ATM-2,PUT,81.6,81.6,81.6,81.6,0,1258425,9.31,25750,25833.3
2025-10-21 15:27:00,ATM-1,CALL,169.5,169.5,169.5,169.5,0,4913550,8.64,25800,25833.3
2025-10-21 15:27:00,ATM-1,PUT,98.3,98.3,98.3,98.3,0,5268150,9.13,25800,25833.3
2025-10-21 15:27:00,ATM,CALL,141.7,141.7,141.7,141.7,0,2588625,8.66,25850,25833.3
2025-10-21 15:27:00,ATM,PUT,120.3,120.3,120.3,120.3,0,2353950,9.15,25850,25833.3
2025-10-21 15:27:00,ATM+1,CALL,114.7,114.7,114.7,114.7,0,7634025,8.52,25900,25833.3
2025-10-21 15:27:00,ATM+1,PUT,143.6,143.6,143.6,143.6,0,5046975,9.03,25900,25833.3
2025-10-21 15:27:00,ATM+2,CALL,93.7,93.7,93.7,93.7,0,3286350,8.59,25950,25833.3
2025-10-21 15:27:00,ATM+2,PUT,172.9,172.9,172.9,172.9,0,1219875,9.13,25950,25833.3
2025-10-21 15:27:00,ATM+3,CALL,73.95,73.95,73.95,73.95,0,11308500,8.52,26000,25833.3
2025-10-21 15:27:00,ATM+3,PUT,203.05,203.05,203.05,203.05,0,3674400,9.1,26000,25833.3
2025-10-21 15:27:00,ATM+4,CALL,57.55,57.55,57.55,57.55,0,1807875,8.49,26050,25833.3
2025-10-21 15:27:00,ATM+4,PUT,235.4,235.4,235.4,235.4,0,242250,9.02,26050,25833.3
2025-10-21 15:27:00,ATM+5,CALL,43.5,43.5,43.5,43.5,0,5589675,8.41,26100,25833.3
2025-10-21 15:27:00,ATM+5,PUT,271,271,271,271,0,402825,8.97,26100,25833.3
2025-10-21 15:27:00,ATM+6,CALL,32.95,32.95,32.95,32.95,0,1745250,8.42,26150,25833.3
2025-10-21 15:27:00,ATM+6,PUT,310.95,310.95,310.95,310.95,0,75075,9.1,26150,25833.3
2025-10-21 15:27:00,ATM+7,CALL,24.75,24.75,24.75,24.75,0,6775500,8.45,26200,25833.3
2025-10-21 15:27:00,ATM+7,PUT,351.35,351.35,351.35,351.35,0,381675,9.09,26200,25833.3
2025-10-21 15:27:00,ATM+8,CALL,18.05,18.05,18.05,18.05,0,1659375,8.44,26250,25833.3
2025-10-21 15:27:00,ATM+8,PUT,396.6,396.6,396.6,396.6,0,25050,9.44,26250,25833.3
2025-10-21 15:27:00,ATM+9,CALL,13.05,13.05,13.05,13.05,0,5632350,8.45,26300,25833.3
2025-10-21 15:27:00,ATM+9,PUT,441.8,441.8,441.8,441.8,0,137925,9.67,26300,25833.3
2025-10-21 15:27:00,ATM+10,CALL,9.6,9.6,9.6,9.6,0,1801425,8.54,26350,25833.3
2025-10-21 15:27:00,ATM+10,PUT,488.1,488.1,488.1,488.1,0,8850,9.93,26350,25833.3
2025-10-21 15:28:00,ATM-10,CALL,537.3,537.3,537.3,537.3,0,154050,9.56,25350,25833.3
2025-10-21 15:28:00,ATM-10,PUT,16.05,16.05,16.05,16.05,0,980400,10.75,25350,25833.3
2025-10-21 15:28:00,ATM-9,CALL,490,490,490,490,0,1693950,9.35,25400,25833.3
2025-10-21 15:28:00,ATM-9,PUT,19.05,19.05,19.05,19.05,0,5226525,10.45,25400,25833.3
2025-10-21 15:28:00,ATM-8,CALL,444.95,444.95,444.95,444.95,0,207375,9.37,25450,25833.3
2025-10-21 15:28:00,ATM-8,PUT,23.55,23.55,23.55,23.55,0,2463825,10.26,25450,25833.3
2025-10-21 15:28:00,ATM-7,CALL,398.9,398.9,398.9,398.9,0,4002225,9.1,25500,25833.3
2025-10-21 15:28:00,ATM-7,PUT,28.6,28.6,28.6,28.6,0,9644100,10.02,25500,25833.3
2025-10-21 15:28:00,ATM-6,CALL,357.7,357.7,357.7,357.7,0,213675,9.26,25550,25833.3
2025-10-21 15:28:00,ATM-6,PUT,34.75,34.75,34.75,34.75,0,1249500,9.79,25550,25833.3
2025-10-21 15:28:00,ATM-5,CALL,314.1,314.1,314.1,314.1,0,1906425,8.95,25600,25833.3
2025-10-21 15:28:00,ATM-5,PUT,43.35,43.35,43.35,43.35,0,5914425,9.65,25600,25833.3
2025-10-21 15:28:00,ATM-4,CALL,274.15,274.15,274.15,274.15,0,384975,8.86,25650,25833.3
2025-10-21 15:28:00,ATM-4,PUT,53.55,53.55,53.55,53.55,0,1435275,9.51,25650,25833.3
2025-10-21 15:28:00,ATM-3,CALL,237.5,237.5,237.5,237.5,0,2311425,8.85,25700,25833.3
2025-10-21 15:28:00,ATM-3,PUT,65.9,65.9,65.9,65.9,0,6632100,9.37,25700,25833.3
2025-10-21 15:28:00,ATM-2,CALL,201.5,201.5,201.5,201.5,0,700425,8.69,25750,25833.3
2025-10-21 15:28:00,ATM-2,PUT,81.6,81.6,81.6,81.6,0,1258425,9.31,25750,25833.3
2025-10-21 15:28:00,ATM-1,CALL,169.5,169.5,169.5,169.5,0,4913550,8.64,25800,25833.3
2025-10-21 15:28:00,ATM-1,PUT,98.3,98.3,98.3,98.3,0,5268150,9.13,25800,25833.3
2025-10-21 15:28:00,ATM,CALL,141.7,141.7,141.7,141.7,0,2588625,8.66,25850,25833.3
2025-10-21 15:28:00,ATM,PUT,120.3,120.3,120.3,120.3,0,2353950,9.15,25850,25833.3
2025-10-21 15:28:00,ATM+1,CALL,114.7,114.7,114.7,114.7,0,7634025,8.52,25900,25833.3
2025-10-21 15:28:00,ATM+1,PUT,143.6,143.6,143.6,143.6,0,5046975,9.03,25900,25833.3
2025-10-21 15:28:00,ATM+2,CALL,93.7,93.7,93.7,93.7,0,3286350,8.59,25950,25833.3
2025-10-21 15:28:00,ATM+2,PUT,172.9,172.9,172.9,172.9,0,1219875,9.13,25950,25833.3
2025-10-21 15:28:00,ATM+3,CALL,73.95,73.95,73.95,73.95,0,11308500,8.52,26000,25833.3
2025-10-21 15:28:00,ATM+3,PUT,203.05,203.05,203.05,203.05,0,3674400,9.1,26000,25833.3
2025-10-21 15:28:00,ATM+4,CALL,57.55,57.55,57.55,57.55,0,1807875,8.49,26050,25833.3
2025-10-21 15:28:00,ATM+4,PUT,235.4,235.4,235.4,235.4,0,242250,9.02,26050,25833.3
2025-10-21 15:28:00,ATM+5,CALL,43.5,43.5,43.5,43.5,0,5589675,8.41,26100,25833.3
2025-10-21 15:28:00,ATM+5,PUT,271,271,271,271,0,402825,8.97,26100,25833.3
2025-10-21 15:28:00,ATM+6,CALL,32.95,32.95,32.95,32.95,0,1745250,8.42,26150,25833.3
2025-10-21 15:28:00,ATM+6,PUT,310.95,310.95,310.95,310.95,0,75075,9.1,26150,25833.3
2025-10-21 15:28:00,ATM+7,CALL,24.75,24.75,24.75,24.75,0,6775500,8.45,26200,25833.3
2025-10-21 15:28:00,ATM+7,PUT,351.35,351.35,351.35,351.35,0,381675,9.09,26200,25833.3
2025-10-21 15:28:00,ATM+8,CALL,18.05,18.05,18.05,18.05,0,1659375,8.44,26250,25833.3
2025-10-21 15:28:00,ATM+8,PUT,396.6,396.6,396.6,396.6,0,25050,9.44,26250,25833.3
2025-10-21 15:28:00,ATM+9,CALL,13.05,13.05,13.05,13.05,0,5632350,8.45,26300,25833.3
2025-10-21 15:28:00,ATM+9,PUT,441.8,441.8,441.8,441.8,0,137925,9.67,26300,25833.3
2025-10-21 15:28:00,ATM+10,CALL,9.6,9.6,9.6,9.6,0,1801425,8.54,26350,25833.3
2025-10-21 15:28:00,ATM+10,PUT,488.1,488.1,488.1,488.1,0,8850,9.93,26350,25833.3
2025-10-21 15:29:00,ATM-10,CALL,537.3,537.3,537.3,537.3,0,154050,9.56,25350,25833.3
2025-10-21 15:29:00,ATM-10,PUT,16.05,16.05,16.05,16.05,0,980400,10.75,25350,25833.3
2025-10-21 15:29:00,ATM-9,CALL,490,490,490,490,0,1693950,9.35,25400,25833.3
2025-10-21 15:29:00,ATM-9,PUT,19.05,19.05,19.05,19.05,0,5226525,10.45,25400,25833.3
2025-10-21 15:29:00,ATM-8,CALL,444.95,444.95,444.95,444.95,0,207375,9.37,25450,25833.3
2025-10-21 15:29:00,ATM-8,PUT,23.55,23.55,23.55,23.55,0,2463825,10.26,25450,25833.3
2025-10-21 15:29:00,ATM-7,CALL,398.9,398.9,398.9,398.9,0,4002225,9.1,25500,25833.3
2025-10-21 15:29:00,ATM-7,PUT,28.6,28.6,28.6,28.6,0,9644100,10.02,25500,25833.3
2025-10-21 15:29:00,ATM-6,CALL,357.7,357.7,357.7,357.7,0,213675,9.26,25550,25833.3
2025-10-21 15:29:00,ATM-6,PUT,34.75,34.75,34.75,34.75,0,1249500,9.79,25550,25833.3
2025-10-21 15:29:00,ATM-5,CALL,314.1,314.1,314.1,314.1,0,1906425,8.95,25600,25833.3
2025-10-21 15:29:00,ATM-5,PUT,43.35,43.35,43.35,43.35,0,5914425,9.65,25600,25833.3
2025-10-21 15:29:00,ATM-4,CALL,274.15,274.15,274.15,274.15,0,384975,8.86,25650,25833.3
2025-10-21 15:29:00,ATM-4,PUT,53.55,53.55,53.55,53.55,0,1435275,9.51,25650,25833.3
2025-10-21 15:29:00,ATM-3,CALL,237.5,237.5,237.5,237.5,0,2311425,8.85,25700,25833.3
2025-10-21 15:29:00,ATM-3,PUT,65.9,65.9,65.9,65.9,0,6632100,9.37,25700,25833.3
2025-10-21 15:29:00,ATM-2,CALL,201.5,201.5,201.5,201.5,0,700425,8.69,25750,25833.3
2025-10-21 15:29:00,ATM-2,PUT,81.6,81.6,81.6,81.6,0,1258425,9.31,25750,25833.3
2025-10-21 15:29:00,ATM-1,CALL,169.5,169.5,169.5,169.5,0,4913550,8.64,25800,25833.3
2025-10-21 15:29:00,ATM-1,PUT,98.3,98.3,98.3,98.3,0,5268150,9.13,25800,25833.3
2025-10-21 15:29:00,ATM,CALL,141.7,141.7,141.7,141.7,0,2588625,8.66,25850,25833.3
2025-10-21 15:29:00,ATM,PUT,120.3,120.3,120.3,120.3,0,2353950,9.15,25850,25833.3
2025-10-21 15:29:00,ATM+1,CALL,114.7,114.7,114.7,114.7,0,7634025,8.52,25900,25833.3
2025-10-21 15:29:00,ATM+1,PUT,143.6,143.6,143.6,143.6,0,5046975,9.03,25900,25833.3
2025-10-21 15:29:00,ATM+2,CALL,93.7,93.7,93.7,93.7,0,3286350,8.59,25950,25833.3
2025-10-21 15:29:00,ATM+2,PUT,172.9,172.9,172.9,172.9,0,1219875,9.13,25950,25833.3
2025-10-21 15:29:00,ATM+3,CALL,73.95,73.95,73.95,73.95,0,11308500,8.52,26000,25833.3
2025-10-21 15:29:00,ATM+3,PUT,203.05,203.05,203.05,203.05,0,3674400,9.1,26000,25833.3
2025-10-21 15:29:00,ATM+4,CALL,57.55,57.55,57.55,57.55,0,1807875,8.49,26050,25833.3
2025-10-21 15:29:00,ATM+4,PUT,235.4,235.4,235.4,235.4,0,242250,9.02,26050,25833.3
2025-10-21 15:29:00,ATM+5,CALL,43.5,43.5,43.5,43.5,0,5589675,8.41,26100,25833.3
2025-10-21 15:29:00,ATM+5,PUT,271,271,271,271,0,402825,8.97,26100,25833.3
2025-10-21 15:29:00,ATM+6,CALL,32.95,32.95,32.95,32.95,0,1745250,8.42,26150,25833.3
2025-10-21 15:29:00,ATM+6,PUT,310.95,310.95,310.95,310.95,0,75075,9.1,26150,25833.3
2025-10-21 15:29:00,ATM+7,CALL,24.75,24.75,24.75,24.75,0,6775500,8.45,26200,25833.3
2025-10-21 15:29:00,ATM+7,PUT,351.35,351.35,351.35,351.35,0,381675,9.09,26200,25833.3
2025-10-21 15:29:00,ATM+8,CALL,18.05,18.05,18.05,18.05,0,1659375,8.44,26250,25833.3
2025-10-21 15:29:00,ATM+8,PUT,396.6,396.6,396.6,396.6,0,25050,9.44,26250,25833.3
2025-10-21 15:29:00,ATM+9,CALL,13.05,13.05,13.05,13.05,0,5632350,8.45,26300,25833.3
2025-10-21 15:29:00,ATM+9,PUT,441.8,441.8,441.8,441.8,0,137925,9.67,26300,25833.3
2025-10-21 15:29:00,ATM+10,CALL,9.6,9.6,9.6,9.6,0,1801425,8.54,26350,25833.3
2025-10-21 15:29:00,ATM+10,PUT,488.1,488.1,488.1,488.1,0,8850,9.93,26350,25833.3